attachment_id,file,source_url,mime,width,height,filesize,alt,title,attached_to_post,used_by_products,date,http_status
6455,2026/06/Joggers-front-1-768x768-1.jpg,https://prosporter.com.au/wp-content/uploads/2026/06/Joggers-front-1-768x768-1.jpg,image/jpeg,768,768,40490,,Screenshot,6454,3586,2026-06-25T14:23:17,200
6452,2026/06/Hoodie-front-768x768-1.jpg,https://prosporter.com.au/wp-content/uploads/2026/06/Hoodie-front-768x768-1.jpg,image/jpeg,768,768,52896,,Screenshot,6451,3571,2026-06-25T14:14:54,200
6264,2026/05/ProVolley-Brione-Full-Zip-Tracksuit-ProSporter-Model-Front.png,https://prosporter.com.au/wp-content/uploads/2026/05/ProVolley-Brione-Full-Zip-Tracksuit-ProSporter-Model-Front.png,image/png,1086,1448,1611808,Model wearing ProVolley Brione Full-Zip Tracksuit by Ninesquared and ProSporter front view,ProVolley Brione Full-Zip Tracksuit ProSporter Model Front,6234,6234,2026-05-13T06:29:36,200
6240,2026/05/provolley-brione-track-pants-ninesquared-navy-front.jpg,https://prosporter.com.au/wp-content/uploads/2026/05/provolley-brione-track-pants-ninesquared-navy-front.jpg,image/jpeg,1920,1920,192479,ProVolley Brione Track Pants by Nine Ninesquared navy front view,ProVolley Brione Track Pants Navy Front – Nine Ninesquared,6234,6234;6253,2026-05-10T05:23:09,200
6239,2026/05/provolley-brione-track-pants-ninesquared-navy-back.jpg,https://prosporter.com.au/wp-content/uploads/2026/05/provolley-brione-track-pants-ninesquared-navy-back.jpg,image/jpeg,1920,1920,186288,ProVolley Brione Track Pants by Nine Ninesquared navy back view,ProVolley Brione Track Pants Navy Back – Nine Ninesquared,6234,6234;6253,2026-05-10T05:22:42,200
6238,2026/05/provolley-brione-full-zip-tracksuit-ninesquared-prosporter-navy-front.jpg,https://prosporter.com.au/wp-content/uploads/2026/05/provolley-brione-full-zip-tracksuit-ninesquared-prosporter-navy-front.jpg,image/jpeg,1920,1920,274860,ProVolley Brione Full-Zip Tracksuit by Nine Ninesquared and ProSporter navy front view,ProVolley Brione Full-Zip Tracksuit Navy Front – Nine Ninesquared ProSporter,6234,6234;6242,2026-05-10T05:22:13,200
6237,2026/05/provolley-brione-full-zip-tracksuit-ninesquared-prosporter-navy-back.jpg,https://prosporter.com.au/wp-content/uploads/2026/05/provolley-brione-full-zip-tracksuit-ninesquared-prosporter-navy-back.jpg,image/jpeg,1920,1920,247293,ProVolley Brione Full-Zip Tracksuit by Nine Ninesquared and ProSporter navy back view,ProVolley Brione Full-Zip Tracksuit Navy Back – Nine Ninesquared ProSporter,6234,6234;6242,2026-05-10T05:21:42,200
6235,2026/05/provolley-brione-full-zip-tracksuit-prosporter-model-back.jpeg,https://prosporter.com.au/wp-content/uploads/2026/05/provolley-brione-full-zip-tracksuit-prosporter-model-back.jpeg,image/jpeg,1250,1600,90429,Model wearing ProVolley Brione Full-Zip Tracksuit by Ninesquared and ProSporter back view,ProVolley Brione Full-Zip Tracksuit ProSporter Model Back,6234,6234;6253,2026-05-10T05:11:23,200
6233,2026/05/ProVolley-Academy-Logo.png,https://prosporter.com.au/wp-content/uploads/2026/05/ProVolley-Academy-Logo.png,image/png,1254,1254,784730,ProVolley Academy logo,ProVolley Academy,,,2026-05-10T03:07:01,200
6232,2026/05/Inner-West-Volley-Logo-1.png,https://prosporter.com.au/wp-content/uploads/2026/05/Inner-West-Volley-Logo-1.png,image/png,1254,1254,983403,Inner West Volley logo,Inner West Volley,,,2026-05-10T03:06:51,200
6145,2024/01/provolley-team-sweater-nine-unisex-grey-front.png,https://prosporter.com.au/wp-content/uploads/2024/01/provolley-team-sweater-nine-unisex-grey-front.png,image/png,1254,1254,1840306,ProVolley team sweater NINE unisex grey volleyball sweater Australia front view,ProVolley Team Sweater NINE Unisex Grey Front,1639,1639,2026-04-28T02:06:37,200
6144,2024/01/provolley-team-sweater-nine-unisex-grey-back.png,https://prosporter.com.au/wp-content/uploads/2024/01/provolley-team-sweater-nine-unisex-grey-back.png,image/png,1254,1254,1856031,ProVolley team sweater NINE unisex grey volleyball sweater Australia back view,ProVolley Team Sweater NINE Unisex Grey Back,1639,1639,2026-04-28T02:06:27,200
6143,2024/01/provolley-team-sweater-nine-unisex-navy-back.png,https://prosporter.com.au/wp-content/uploads/2024/01/provolley-team-sweater-nine-unisex-navy-back.png,image/png,1254,1254,1387543,ProVolley team sweater NINE unisex navy volleyball sweater Australia back view,ProVolley Team Sweater NINE Unisex Navy Back,1639,1639,2026-04-28T01:48:08,200
6142,2024/01/provolley-team-sweater-nine-unisex-navy-front.png,https://prosporter.com.au/wp-content/uploads/2024/01/provolley-team-sweater-nine-unisex-navy-front.png,image/png,1254,1254,1303221,ProVolley team sweater NINE unisex navy volleyball sweater Australia front view,ProVolley Team Sweater NINE Unisex Navy Front,1639,1639,2026-04-28T01:47:58,200
6119,2026/04/provolley-womens-polo-2026-front.jpg,https://prosporter.com.au/wp-content/uploads/2026/04/provolley-womens-polo-2026-front.jpg,image/jpeg,1920,1920,209465,ProVolley women’s volleyball polo Australia navy gold front NINE teamwear,ProVolley Womens Polo 2026 27 NINE Volleyball Teamwear Australia Front,6116,6116;6444,2026-04-27T04:11:44,200
6118,2026/04/provolley-womens-polo-2026-back.jpg,https://prosporter.com.au/wp-content/uploads/2026/04/provolley-womens-polo-2026-back.jpg,image/jpeg,1920,1920,210634,ProVolley women’s volleyball polo back design Australia NINE teamwear,provolley-womens-polo-2026-back,6116,6116;6444,2026-04-27T04:11:38,200
6075,2025/04/inner-west-volley-womens-jersey-2026-2027-svl-sydney-white-side.png,https://prosporter.com.au/wp-content/uploads/2025/04/inner-west-volley-womens-jersey-2026-2027-svl-sydney-white-side.png,image/png,1858,2156,1739811,women’s volleyball jersey Sydney Australia side view,inner-west-volley-womens-jersey-2026-2027-svl-sydney-white-side,4888,4888,2026-04-15T01:24:58,200
6074,2025/04/inner-west-volley-womens-jersey-2026-2027-svl-sydney-white-front.png,https://prosporter.com.au/wp-content/uploads/2025/04/inner-west-volley-womens-jersey-2026-2027-svl-sydney-white-front.png,image/png,2147,2075,1936895,women’s volleyball jersey Sydney Australia front view,inner-west-volley-womens-jersey-2026-2027-svl-sydney-white-front,4888,4888,2026-04-15T01:24:49,200
6073,2025/04/inner-west-volley-womens-jersey-2026-2027-svl-sydney-white-back.png,https://prosporter.com.au/wp-content/uploads/2025/04/inner-west-volley-womens-jersey-2026-2027-svl-sydney-white-back.png,image/png,2131,2131,1983194,women’s volleyball jersey Sydney Australia back view,inner-west-volley-womens-jersey-2026-2027-svl-sydney-white-back,4888,4888,2026-04-15T01:24:38,200
6072,2025/04/inner-west-volley-womens-jersey-2026-2027-svl-sydney-black-side.png,https://prosporter.com.au/wp-content/uploads/2025/04/inner-west-volley-womens-jersey-2026-2027-svl-sydney-black-side.png,image/png,1868,2058,1765670,women’s volleyball jersey Sydney Australia side view,inner-west-volley-womens-jersey-2026-2027-svl-sydney-black-side,4888,4888,2026-04-15T01:24:29,200
6071,2025/04/inner-west-volley-womens-jersey-2026-2027-svl-sydney-black-front.png,https://prosporter.com.au/wp-content/uploads/2025/04/inner-west-volley-womens-jersey-2026-2027-svl-sydney-black-front.png,image/png,2154,1963,1986858,women’s volleyball jersey Sydney Australia front view,inner-west-volley-womens-jersey-2026-2027-svl-sydney-black-front,4888,4888,2026-04-15T01:24:19,200
6070,2025/04/inner-west-volley-womens-jersey-2026-2027-svl-sydney-black-back.png,https://prosporter.com.au/wp-content/uploads/2025/04/inner-west-volley-womens-jersey-2026-2027-svl-sydney-black-back.png,image/png,2197,1978,1958252,women’s volleyball jersey Sydney Australia back view,inner-west-volley-womens-jersey-2026-2027-svl-sydney-black-back,4888,4888,2026-04-15T01:24:09,200
6068,2025/04/inner-west-volley-mens-jersey-2026-2027-svl-sydney-white-side.png,https://prosporter.com.au/wp-content/uploads/2025/04/inner-west-volley-mens-jersey-2026-2027-svl-sydney-white-side.png,image/png,1638,1638,1495699,Inner West Volley men’s white jersey 2026/27 SVL Sydney side view,inner-west-volley-mens-jersey-2026-2027-svl-sydney-white-side,4972,4972,2026-04-14T12:15:52,200
6067,2025/04/inner-west-volley-mens-jersey-2026-2027-svl-sydney-black-side.png,https://prosporter.com.au/wp-content/uploads/2025/04/inner-west-volley-mens-jersey-2026-2027-svl-sydney-black-side.png,image/png,1677,1677,1486646,Inner West Volley men’s black jersey 2026/27 SVL Sydney side view,Inner West Volley Men’s Jersey 2026/27 – Black Side (SVL Sydney),4972,4972,2026-04-14T12:13:33,200
6036,2026/04/provolley-shorts-2026-27-women-white-front-1.jpg,https://prosporter.com.au/wp-content/uploads/2026/04/provolley-shorts-2026-27-women-white-front-1.jpg,image/jpeg,1500,1500,115426,ProVolley Shorts 2026/27 Women White Front,ProVolley Shorts 2026/27 Women White Front,6027,6027,2026-04-11T06:41:37,200
6035,2026/04/provolley-shorts-2026-27-women-white-front.jpg,https://prosporter.com.au/wp-content/uploads/2026/04/provolley-shorts-2026-27-women-white-front.jpg,image/jpeg,1500,1500,115376,,Exclusive Mockups for Branding and Packaging Design,6027,,2026-04-11T06:31:30,200
6034,2026/04/provolley-shorts-2026-27-women-white-back.jpg,https://prosporter.com.au/wp-content/uploads/2026/04/provolley-shorts-2026-27-women-white-back.jpg,image/jpeg,1500,1500,102645,Women’s ProVolley Shorts 2026/27 white back view,ProVolley Shorts 2026/27 Women White Back,6027,6027,2026-04-11T06:31:23,200
6033,2026/04/provolley-shorts-2026-27-women-navy-front.jpg,https://prosporter.com.au/wp-content/uploads/2026/04/provolley-shorts-2026-27-women-navy-front.jpg,image/jpeg,1500,1500,115429,Women’s ProVolley Shorts 2026/27 navy front view,ProVolley Shorts 2026/27 Women Navy Front,6027,6027,2026-04-11T06:31:19,200
6032,2026/04/provolley-shorts-2026-27-women-navy-back.jpg,https://prosporter.com.au/wp-content/uploads/2026/04/provolley-shorts-2026-27-women-navy-back.jpg,image/jpeg,1500,1500,102896,ProVolley Shorts 2026/27 Women Navy Back,ProVolley Shorts 2026/27 Women Navy Back,6027,6027,2026-04-11T06:31:15,200
6031,2026/04/provolley-shorts-2026-27-men-white-front.jpg,https://prosporter.com.au/wp-content/uploads/2026/04/provolley-shorts-2026-27-men-white-front.jpg,image/jpeg,1500,1500,124760,Men’s ProVolley Shorts 2026/27 white front view,ProVolley Shorts 2026/27 Men White Front,6027,6027,2026-04-11T06:31:09,200
6030,2026/04/provolley-shorts-2026-27-men-white-back.jpg,https://prosporter.com.au/wp-content/uploads/2026/04/provolley-shorts-2026-27-men-white-back.jpg,image/jpeg,1500,1500,138936,ProVolley volleyball uniform shorts white back view,ProVolley Shorts 2026/27 Men White Back,6027,6027,2026-04-11T06:31:03,200
6029,2026/04/provolley-shorts-2026-27-men-navy-front.jpg,https://prosporter.com.au/wp-content/uploads/2026/04/provolley-shorts-2026-27-men-navy-front.jpg,image/jpeg,1500,1500,186399,ProVolley volleyball uniform shorts navy front view,ProVolley Shorts 2026/27 Men Navy Front,6027,6027,2026-04-11T06:30:56,200
6028,2026/04/provolley-shorts-2026-27-men-navy-back.jpg,https://prosporter.com.au/wp-content/uploads/2026/04/provolley-shorts-2026-27-men-navy-back.jpg,image/jpeg,1500,1500,197216,Men’s ProVolley Shorts 2026/27 navy back view,ProVolley Shorts 2026/27 Men Navy Back,6027,6027,2026-04-11T06:30:50,200
6024,2026/04/ProVolley-Jersey-202627-Women-White-Back.jpg,https://prosporter.com.au/wp-content/uploads/2026/04/ProVolley-Jersey-202627-Women-White-Back.jpg,image/jpeg,1500,1500,146467,Women’s ProVolley Jersey 2026/27 white back view,ProVolley Jersey 2026/27 Women White Back,5973,5973,2026-04-10T21:11:41,200
6023,2026/04/ProVolley-Jersey-202627-Women-Navy-Back.jpg,https://prosporter.com.au/wp-content/uploads/2026/04/ProVolley-Jersey-202627-Women-Navy-Back.jpg,image/jpeg,1500,1500,173951,Women’s ProVolley Jersey 2026/27 navy back view,ProVolley Jersey 2026/27 Women Navy Back,5973,5973,2026-04-10T21:11:37,200
6022,2026/04/ProVolley-Jersey-202627-Men-White-Back.jpg,https://prosporter.com.au/wp-content/uploads/2026/04/ProVolley-Jersey-202627-Men-White-Back.jpg,image/jpeg,1500,1500,262027,Men’s ProVolley Jersey 2026/27 white back view,ProVolley Jersey 2026/27 Men White Back,5973,5973,2026-04-10T21:11:33,200
6021,2026/04/ProVolley-Jersey-202627-Men-Navy-Back.jpg,https://prosporter.com.au/wp-content/uploads/2026/04/ProVolley-Jersey-202627-Men-Navy-Back.jpg,image/jpeg,1500,1500,344474,Men’s ProVolley Jersey 2026/27 navy back view,ProVolley Jersey 2026/27 Men Navy Back,5973,5973,2026-04-10T21:11:29,200
6020,2026/04/ProVolley-Jersey-202627-Women-White-Front.jpg,https://prosporter.com.au/wp-content/uploads/2026/04/ProVolley-Jersey-202627-Women-White-Front.jpg,image/jpeg,1500,1500,144990,Women’s volleyball jersey ProVolley 2026 white front view,ProVolley Jersey 2026/27 Women White Front,5992,5973,2026-04-10T20:58:57,200
6019,2026/04/ProVolley-Jersey-202627-Men-White-Front.jpg,https://prosporter.com.au/wp-content/uploads/2026/04/ProVolley-Jersey-202627-Men-White-Front.jpg,image/jpeg,1500,1500,238695,Men’s volleyball jersey ProVolley 2026 white front view,ProVolley Jersey 2026/27 Men White Front,5991,5973,2026-04-10T20:56:57,200
6018,2026/04/ProVolley-Jersey-202627-Women-Navy-Front.jpg,https://prosporter.com.au/wp-content/uploads/2026/04/ProVolley-Jersey-202627-Women-Navy-Front.jpg,image/jpeg,1500,1500,172532,Women’s volleyball jersey ProVolley 2026 navy front view,ProVolley Jersey 2026/27 Women Navy Front,6014,5973,2026-04-10T07:25:47,200
6017,2026/04/ProVolley-Jersey-202627-Men-Navy-Front.jpg,https://prosporter.com.au/wp-content/uploads/2026/04/ProVolley-Jersey-202627-Men-Navy-Front.jpg,image/jpeg,1500,1500,297766,Men’s volleyball jersey ProVolley 2026 navy front view,ProVolley Jersey 2026/27 Men Navy Front,5991,5973,2026-04-10T07:07:15,200
6016,2026/04/ProVolley-Jersey-202627-Navy-Front.jpg,https://prosporter.com.au/wp-content/uploads/2026/04/ProVolley-Jersey-202627-Navy-Front.jpg,image/jpeg,1500,1500,297766,ProVolley Jersey 2026/27 Navy front view,ProVolley Jersey 2026/27,5991,,2026-04-10T06:59:51,200
6015,2026/04/ninesquared-sette-tshirt-pro-volley-academy-M-blue-fr.jpg,https://prosporter.com.au/wp-content/uploads/2026/04/ninesquared-sette-tshirt-pro-volley-academy-M-blue-fr.jpg,image/jpeg,1500,1500,297766,ProVolley Jersey 2026/27 Navy front view,ProVolley Jersey 2026/27,5991,,2026-04-10T06:56:20,200
5676,2025/11/ProVolley-Womens-Training-T-shirt_Front_NINE.png,https://prosporter.com.au/wp-content/uploads/2025/11/ProVolley-Womens-Training-T-shirt_Front_NINE.png,image/png,2305,2305,1414463,ProVolley Women''s Training T-shirt_Front_NINE,ProVolley Women''s Training T-shirt_Front_NINE,5666,5666,2025-11-06T22:58:34,200
5675,2025/11/ProVolley-Womens-Training-T-shirt_Back_NINE.png,https://prosporter.com.au/wp-content/uploads/2025/11/ProVolley-Womens-Training-T-shirt_Back_NINE.png,image/png,2305,2305,1147833,ProVolley Women''s Training T-shirt_Back_NINE,ProVolley Women''s Training T-shirt_Back_NINE,5666,5666,2025-11-06T22:57:45,200
5658,2025/11/ProVolley-Training-T-shirt-Front-NINE.png,https://prosporter.com.au/wp-content/uploads/2025/11/ProVolley-Training-T-shirt-Front-NINE.png,image/png,850,850,509374,ProVolley Training T-shirt Navy | NINE,ProVolley Training T-shirt Front | NINE,5640,5640,2025-11-05T02:10:25,200
5657,2025/11/ProVolley-Training-T-shirt-Back-NINE.png,https://prosporter.com.au/wp-content/uploads/2025/11/ProVolley-Training-T-shirt-Back-NINE.png,image/png,850,850,457482,ProVolley Training T-shirt Back | NINE,ProVolley Training T-shirt Back | NINE,5640,5640,2025-11-05T02:10:11,200
5611,2025/10/Prosporter-Logo_Colour-1-scaled.png,https://prosporter.com.au/wp-content/uploads/2025/10/Prosporter-Logo_Colour-1-scaled.png,image/png,2560,385,25074,,Prosporter Logo_Colour-1,,,2025-10-17T01:06:25,200
5578,2025/06/ninesquared-polo-presser-2-man-navy-t03prmn.jpg,https://prosporter.com.au/wp-content/uploads/2025/06/ninesquared-polo-presser-2-man-navy-t03prmn.jpg,image/jpeg,1000,1000,70976,,ninesquared-polo-presser-2-man-navy-2,5434,5434,2025-10-11T12:15:46,200
5577,2025/06/ninesquared-polo-presser-2-man-navy-t03prmn-1.jpg,https://prosporter.com.au/wp-content/uploads/2025/06/ninesquared-polo-presser-2-man-navy-t03prmn-1.jpg,image/jpeg,1000,1000,81433,,ninesquared-polo-presser-2-man-navy-1,5434,5434,2025-10-11T12:15:40,200
4970,2025/04/IWV-White-Men-Jersey-Front.png,https://prosporter.com.au/wp-content/uploads/2025/04/IWV-White-Men-Jersey-Front.png,image/png,1151,1151,1251171,,IWV White Men Jersey Front,4935,4972,2025-04-28T02:29:10,200
4969,2025/04/IWV-White-Men-Shorts-Front-Side.png,https://prosporter.com.au/wp-content/uploads/2025/04/IWV-White-Men-Shorts-Front-Side.png,image/png,851,851,653743,,IWV White Men Shorts Front-Side,4935,4934,2025-04-28T02:26:27,200
4968,2025/04/IWV-White-Men-Shorts-Back.png,https://prosporter.com.au/wp-content/uploads/2025/04/IWV-White-Men-Shorts-Back.png,image/png,871,871,784831,,IWV White Men Shorts Back,4935,4934,2025-04-28T02:25:58,200
4967,2025/04/IWV-Black-Men-Shorts-Front-Side.png,https://prosporter.com.au/wp-content/uploads/2025/04/IWV-Black-Men-Shorts-Front-Side.png,image/png,885,885,657526,,IWV Black Men Shorts Front-Side,4935,4934,2025-04-28T02:25:32,200
4966,2025/04/IWV-Black-Men-Shorts-Front.png,https://prosporter.com.au/wp-content/uploads/2025/04/IWV-Black-Men-Shorts-Front.png,image/png,892,891,713790,,IWV Black Men Shorts Front,4935,4934,2025-04-28T02:25:04,200
4965,2025/04/IWV-White-Shorts-Men-Front.png,https://prosporter.com.au/wp-content/uploads/2025/04/IWV-White-Shorts-Men-Front.png,image/png,1373,1371,1059903,IWV White Shorts Men Front,IWV White Shorts Men Front,4934,4934,2025-04-28T02:04:56,200
4963,2025/04/IWV-White-Men-Jersey-Back.png,https://prosporter.com.au/wp-content/uploads/2025/04/IWV-White-Men-Jersey-Back.png,image/png,1659,1663,1776744,,IWV White Men Jersey Back,4934,4972,2025-04-28T02:02:21,200
4962,2025/04/IWV-Short-Back.png,https://prosporter.com.au/wp-content/uploads/2025/04/IWV-Short-Back.png,image/png,1302,1303,1071594,IWV Black Shorts Men Back,IWV Black Shorts Men Back,4934,4934,2025-04-28T02:00:35,200
4961,2025/04/IWV-Black-Men-Training-T-shirt-Front.png,https://prosporter.com.au/wp-content/uploads/2025/04/IWV-Black-Men-Training-T-shirt-Front.png,image/png,1821,1822,1664345,IWV Black Men Training T-shirt Front,IWV Black Men Training T-shirt Front,4934,5037,2025-04-28T01:59:01,200
4958,2025/04/IWV-Black-Men-Jersey-Back.png,https://prosporter.com.au/wp-content/uploads/2025/04/IWV-Black-Men-Jersey-Back.png,image/png,1681,1680,1750362,,IWV Black Men Jersey Back,4934,4972,2025-04-28T01:56:50,200
4957,2025/04/IWV-Black-Man-Training-T-shirt-Back.png,https://prosporter.com.au/wp-content/uploads/2025/04/IWV-Black-Man-Training-T-shirt-Back.png,image/png,1870,1870,1397729,IWV Black Men Training T-shirt Back,IWV Black Men Training T-shirt Back,4934,5037,2025-04-28T01:55:00,200
4956,2025/04/IWV-Black-Jersey-Men-Front.png,https://prosporter.com.au/wp-content/uploads/2025/04/IWV-Black-Jersey-Men-Front.png,image/png,1600,1605,2000291,,IWV Black Jersey Men Front,4934,4972,2025-04-28T01:54:03,200
4933,2025/04/Inner-West-Volley-Socks.png,https://prosporter.com.au/wp-content/uploads/2025/04/Inner-West-Volley-Socks.png,image/png,1003,1003,284045,Inner West Volley Socks,Inner West Volley Socks,4927,4927,2025-04-28T01:33:02,200
4887,2025/04/IWV-White-Women-Shorts-Back.png,https://prosporter.com.au/wp-content/uploads/2025/04/IWV-White-Women-Shorts-Back.png,image/png,899,898,626545,IWV White Women Shorts Back,IWV White Women Shorts Back,4851,4849,2025-04-28T00:18:29,200
4886,2025/04/IWV-White-Women-Shorts-Front-Side.png,https://prosporter.com.au/wp-content/uploads/2025/04/IWV-White-Women-Shorts-Front-Side.png,image/png,950,950,613408,IWV White Women Shorts Front-Side,IWV White Women Shorts Front-Side,4851,4849,2025-04-28T00:18:00,200
4885,2025/04/IWV-White-Women-Shorts-Front.png,https://prosporter.com.au/wp-content/uploads/2025/04/IWV-White-Women-Shorts-Front.png,image/png,950,950,701671,IWV White Women Shorts Front,IWV White Women Shorts Front,4851,4849,2025-04-28T00:17:25,200
4883,2025/04/IWV-White-Jersey-Female-Front.png,https://prosporter.com.au/wp-content/uploads/2025/04/IWV-White-Jersey-Female-Front.png,image/png,2147,2075,1936895,IWV White Jersey Female Front,IWV White Jersey Female Front,4851,,2025-04-28T00:10:49,200
4882,2025/04/IWV-White-Jersey-Female-Front-Side.png,https://prosporter.com.au/wp-content/uploads/2025/04/IWV-White-Jersey-Female-Front-Side.png,image/png,1858,2156,1739811,IWV White Jersey Female Front-Side,IWV White Jersey Female Front-Side,4861,4888,2025-04-28T00:09:08,200
4881,2025/04/IWV-White-Jersey-Female-Back.png,https://prosporter.com.au/wp-content/uploads/2025/04/IWV-White-Jersey-Female-Back.png,image/png,2131,2131,1983194,IWV White Jersey Female Back,IWV White Jersey Female Back,4850,,2025-04-28T00:07:36,200
4880,2025/04/IWV-Black-Women-Training-T-shirt-Front.png,https://prosporter.com.au/wp-content/uploads/2025/04/IWV-Black-Women-Training-T-shirt-Front.png,image/png,1852,1852,596907,IWV Black Women Training T-shirt Front,IWV Black Women Training T-shirt Front,4850,4910,2025-04-28T00:05:48,200
4879,2025/04/IWV-Black-Women-Training-T-shirt-Back.png,https://prosporter.com.au/wp-content/uploads/2025/04/IWV-Black-Women-Training-T-shirt-Back.png,image/png,1799,1799,542679,IWV Black Women Training T-shirt Back,IWV Black Women Training T-shirt Back,4850,4910,2025-04-28T00:04:49,200
4878,2025/04/IWV-Black-Women-Shorts-Front.png,https://prosporter.com.au/wp-content/uploads/2025/04/IWV-Black-Women-Shorts-Front.png,image/png,1359,1359,997254,,IWV Black Women Shorts Front,4850,4849,2025-04-28T00:02:55,200
4877,2025/04/IWV-Black-Women-Shorts-Back.png,https://prosporter.com.au/wp-content/uploads/2025/04/IWV-Black-Women-Shorts-Back.png,image/png,1328,1328,903691,,IWV Black Women Shorts Back,4850,4849,2025-04-28T00:01:38,200
4876,2025/04/IWV-Black-Shorts-Women-Front-Side.png,https://prosporter.com.au/wp-content/uploads/2025/04/IWV-Black-Shorts-Women-Front-Side.png,image/png,1413,1413,849315,IWV Black Shorts Women Front - Side,IWV Black Shorts Women Front - Side,4850,4849,2025-04-28T00:00:01,200
4875,2025/04/IWV-Black-Jersey-Womens-Front-Side.png,https://prosporter.com.au/wp-content/uploads/2025/04/IWV-Black-Jersey-Womens-Front-Side.png,image/png,1868,2058,1765670,IWV Black Jersey Women's Front-Side,IWV Black Jersey Women's Front-Side,4850,4888,2025-04-27T23:58:34,200
4874,2025/04/IWV-Black-Jersey-Womens-Back.png,https://prosporter.com.au/wp-content/uploads/2025/04/IWV-Black-Jersey-Womens-Back.png,image/png,2197,1978,1958252,IWV Black Jersey Women's Back,IWV Black Jersey Women's Back,4850,,2025-04-27T23:56:34,200
4873,2025/04/Black-Jersey-Women-Front.png,https://prosporter.com.au/wp-content/uploads/2025/04/Black-Jersey-Women-Front.png,image/png,2154,1963,1986858,Black Jersey Women Front,Black Jersey Women Front,4850,,2025-04-27T23:54:09,200
4840,2025/04/Screenshot-2025-04-24-at-11.02.50 AM.png,https://prosporter.com.au/wp-content/uploads/2025/04/Screenshot-2025-04-24-at-11.02.50 AM.png,image/png,782,504,334692,Ignite Volleyball Academy,Ignite Volleyball Academy,344,,2025-04-24T01:17:54,200
4814,2025/04/2278d254e67b11b48d8c6725cce01050.png,https://prosporter.com.au/wp-content/uploads/2025/04/2278d254e67b11b48d8c6725cce01050.png,image/png,2277,2329,62315,Ignite Volleyball Club,Ignite Volleyball Club,,,2025-04-23T00:56:26,200
4780,2025/04/Screenshot-2025-04-18-at-5.32.54 PM.png,https://prosporter.com.au/wp-content/uploads/2025/04/Screenshot-2025-04-18-at-5.32.54 PM.png,image/png,1194,732,188093,Inner West Volley,Inner West Volley,344,,2025-04-18T07:33:19,200
4779,2025/04/Untitled.jpg,https://prosporter.com.au/wp-content/uploads/2025/04/Untitled.jpg,image/jpeg,1018,645,85074,Carrum Downs Royals,Carrum Downs Royals,344,,2025-04-18T07:30:17,200
4778,,https://prosporter.com.au/wp-content/uploads/2025/04/Logo-Club-Carrum-Down-Royals.pdf,application/pdf,,,327831,,Carrum Down Royals,344,,2025-04-18T07:20:41,200
4777,2025/04/Inner-West-Logo_Colour.png,https://prosporter.com.au/wp-content/uploads/2025/04/Inner-West-Logo_Colour.png,image/png,2479,1783,274643,,Inner West Logo - Colour,344,,2025-04-18T07:16:41,200
4776,2025/04/ProVolley-Logo-Navy.png,https://prosporter.com.au/wp-content/uploads/2025/04/ProVolley-Logo-Navy.png,image/png,2208,1296,275416,ProVolley Academy Logo,ProVolley Academy,344,,2025-04-18T07:06:49,200
4775,,https://prosporter.com.au/wp-content/uploads/2025/04/ProVolley-Logo-navy.pdf,application/pdf,,,617612,,ProVolley Logo Navy,344,,2025-04-18T07:04:28,200
4761,2025/04/Elbow-Pads-Size-Guide.png,https://prosporter.com.au/wp-content/uploads/2025/04/Elbow-Pads-Size-Guide.png,image/png,1480,638,69286,Elbow Pads - Size Guide,Elbow Pads - Size Guide,1730,,2025-04-18T06:46:33,200
4760,2025/04/Armsleeves-Net-Suize-Guid.png,https://prosporter.com.au/wp-content/uploads/2025/04/Armsleeves-Net-Suize-Guid.png,image/png,1477,616,67767,Armsleeves Net - Size Guide,Armsleeves Net - Size Guide,1730,,2025-04-18T06:40:16,200
4759,2025/04/Armsleeves-Ace-Size-Guide.png,https://prosporter.com.au/wp-content/uploads/2025/04/Armsleeves-Ace-Size-Guide.png,image/png,1478,646,68752,Armsleeves Ace- Size Guide,Armsleeves Ace- Size Guide,1730,,2025-04-18T06:35:24,200
4739,2025/04/How-to-Measure-Size-Guide-2.png,https://prosporter.com.au/wp-content/uploads/2025/04/How-to-Measure-Size-Guide-2.png,image/png,1406,876,209457,How to Measure - Size Guide,How to Measure - Size Guide,1730,,2025-04-18T05:35:53,200
4712,2025/04/Kneepads-Size-Guide-1.png,https://prosporter.com.au/wp-content/uploads/2025/04/Kneepads-Size-Guide-1.png,image/png,1525,183,24435,Kneepads - Size Guide,Kneepads - Size Guide,1730,,2025-04-18T03:00:18,200
4708,2025/04/Women-Size-Guide-1.png,https://prosporter.com.au/wp-content/uploads/2025/04/Women-Size-Guide-1.png,image/png,1627,741,113527,Women - Size Guide,Women - Size Guide,1730,,2025-04-18T02:56:04,200
4700,2025/04/Unisex-Size-Guide-1.png,https://prosporter.com.au/wp-content/uploads/2025/04/Unisex-Size-Guide-1.png,image/png,1626,823,148235,Unisex - Size Guide,Unisex - Size Guide,1730,,2025-04-18T02:50:05,200
4517,2025/03/Carape.png,https://prosporter.com.au/wp-content/uploads/2025/03/Carape.png,image/png,1185,1127,510347,ProVolley Socks,ProVolley Socks,4514,4505,2025-03-12T05:12:29,200
4490,2025/03/ProVolley-Womens-Shorts-Yellow-Front-Side.png,https://prosporter.com.au/wp-content/uploads/2025/03/ProVolley-Womens-Shorts-Yellow-Front-Side.png,image/png,2131,2131,3347475,ProVolley Women's Shorts Yellow Front-Side,ProVolley Women's Shorts Yellow Front-Side,4456,4456;4849,2025-03-12T02:14:42,200
4489,2025/03/ProVolley-Womens-Shorts-Yellow-Front.png,https://prosporter.com.au/wp-content/uploads/2025/03/ProVolley-Womens-Shorts-Yellow-Front.png,image/png,2339,2339,4505245,ProVolley Women's Shorts Yellow Front,ProVolley Women's Shorts Yellow Front,4456,4456,2025-03-12T02:13:46,200
4488,2025/03/ProVolley-Womens-Shorts-Yellow-Back.png,https://prosporter.com.au/wp-content/uploads/2025/03/ProVolley-Womens-Shorts-Yellow-Back.png,image/png,2305,2305,3981305,ProVolley Women's Shorts Yellow Back,ProVolley Women's Shorts Yellow Back,4456,4456,2025-03-12T02:12:51,200
4487,2025/03/ProVolley-Womens-Shorts-White-Front-Side.png,https://prosporter.com.au/wp-content/uploads/2025/03/ProVolley-Womens-Shorts-White-Front-Side.png,image/png,2083,2083,2680052,ProVolley Women's Shorts White Front-Side,ProVolley Women's Shorts White Front-Side,4456,4456;4849,2025-03-12T02:12:10,200
4486,2025/03/ProVolley-Womens-Shorts-White-Front.png,https://prosporter.com.au/wp-content/uploads/2025/03/ProVolley-Womens-Shorts-White-Front.png,image/png,2478,2366,4177585,ProVolley Women's Shorts White Front,ProVolley Women's Shorts White Front,4456,4456,2025-03-12T02:11:31,200
4485,2025/03/ProVolley-Womens-Shorts-White-Back.png,https://prosporter.com.au/wp-content/uploads/2025/03/ProVolley-Womens-Shorts-White-Back.png,image/png,2290,2290,3570672,ProVolley Women's Shorts White Back,ProVolley Women's Shorts White Back,4456,4456,2025-03-12T02:10:50,200
4484,2025/03/ProVolley-Womens-Shorts-Navy-Front-Side.png,https://prosporter.com.au/wp-content/uploads/2025/03/ProVolley-Womens-Shorts-Navy-Front-Side.png,image/png,2161,2161,3539665,ProVolley Women's Shorts Navy Front-Side,ProVolley Women's Shorts Navy Front-Side,4456,4456;4849,2025-03-12T02:10:01,200
4482,2025/03/ProVolley-Womens-Shorts-Navy-Back.png,https://prosporter.com.au/wp-content/uploads/2025/03/ProVolley-Womens-Shorts-Navy-Back.png,image/png,2314,2314,4205006,ProVolley Women's Shorts Navy Back,ProVolley Women's Shorts Navy Back,4456,4456,2025-03-12T02:09:07,200
4481,2025/03/ProVolley-Womens-Shorts-Navy-Front-1.png,https://prosporter.com.au/wp-content/uploads/2025/03/ProVolley-Womens-Shorts-Navy-Front-1.png,image/png,2306,2306,4887539,ProVolley Women's Shorts Navy Front,ProVolley Women's Shorts Navy Front,4456,4456,2025-03-12T01:43:32,200
4455,2025/03/ProVolley-Womens-Jersey-Yellow-Front-Side.png,https://prosporter.com.au/wp-content/uploads/2025/03/ProVolley-Womens-Jersey-Yellow-Front-Side.png,image/png,573,674,386171,ProVolley Women's Jersey Yellow Front-Side,ProVolley Women's Jersey Yellow Front-Side,4422,4422,2025-03-12T00:49:27,200
4454,2025/03/ProVolley-Womens-Jersey-Yellow-Front.png,https://prosporter.com.au/wp-content/uploads/2025/03/ProVolley-Womens-Jersey-Yellow-Front.png,image/png,662,666,439498,ProVolley Women's Jersey Yellow Front,ProVolley Women's Jersey Yellow Front,4422,4422,2025-03-12T00:49:18,200
4453,2025/03/ProVolley-Womens-Jersey-Yellow-Back.png,https://prosporter.com.au/wp-content/uploads/2025/03/ProVolley-Womens-Jersey-Yellow-Back.png,image/png,692,692,425986,ProVolley Women's Jersey Yellow Back,ProVolley Women's Jersey Yellow Back,4422,,2025-03-12T00:49:09,200
4452,2025/03/ProVolley-Womens-Jersey-White-Front-Side.png,https://prosporter.com.au/wp-content/uploads/2025/03/ProVolley-Womens-Jersey-White-Front-Side.png,image/png,598,678,303764,ProVolley Women's Jersey White Front-Side,ProVolley Women's Jersey White Front-Side,4422,4422,2025-03-12T00:49:02,200
4451,2025/03/ProVolley-Womens-Jersey-White-Front.png,https://prosporter.com.au/wp-content/uploads/2025/03/ProVolley-Womens-Jersey-White-Front.png,image/png,673,673,328746,ProVolley Women's Jersey White Front,ProVolley Women's Jersey White Front,4422,4422,2025-03-12T00:48:52,200
4450,2025/03/ProVolley-Womens-Jersey-White-Back.png,https://prosporter.com.au/wp-content/uploads/2025/03/ProVolley-Womens-Jersey-White-Back.png,image/png,696,702,351146,ProVolley Women's Jersey White Back,ProVolley Women's Jersey White Back,4422,4422,2025-03-12T00:48:44,200
4449,2025/03/ProVolley-Womens-Jersey-Navy-Front-Side.png,https://prosporter.com.au/wp-content/uploads/2025/03/ProVolley-Womens-Jersey-Navy-Front-Side.png,image/png,593,680,399428,ProVolley Women's Jersey Navy Front-Side,ProVolley Women's Jersey Navy Front-Side,4422,4422,2025-03-12T00:48:38,200
4448,2025/03/ProVolley-Womens-Jersey-Navy-Front.png,https://prosporter.com.au/wp-content/uploads/2025/03/ProVolley-Womens-Jersey-Navy-Front.png,image/png,680,680,461926,ProVolley Women's Jersey Navy Front,ProVolley Women's Jersey Navy Front,4422,4422,2025-03-12T00:48:31,200
4447,2025/03/ProVolley-Womens-Jersey-Navy-Back.png,https://prosporter.com.au/wp-content/uploads/2025/03/ProVolley-Womens-Jersey-Navy-Back.png,image/png,700,700,440784,ProVolley Women's Jersey Navy Back,ProVolley Women's Jersey Navy Back,4422,4422,2025-03-12T00:48:23,200
4421,2025/03/ProVolley-Mens-Shorts-Navy-Front-1.png,https://prosporter.com.au/wp-content/uploads/2025/03/ProVolley-Mens-Shorts-Navy-Front-1.png,image/png,2215,2176,3685276,ProVolley Men's Shorts Navy Front,ProVolley Men's Shorts Navy Front,4385,4385,2025-03-11T03:55:39,200
4419,2025/03/ProVolley-Mens-Shorts-Navy-Front-Side.png,https://prosporter.com.au/wp-content/uploads/2025/03/ProVolley-Mens-Shorts-Navy-Front-Side.png,image/png,373,373,175781,ProVolley Men's Shorts Navy Front-Side,ProVolley Men's Shorts Navy Front-Side,4385,4385,2025-03-11T03:28:10,200
4418,2025/03/ProVolley-Mens-Shorts-Navy-Back.png,https://prosporter.com.au/wp-content/uploads/2025/03/ProVolley-Mens-Shorts-Navy-Back.png,image/png,373,373,204203,ProVolley Men's Shorts Navy Back,ProVolley Men's Shorts Navy Back,4385,4385,2025-03-11T03:28:06,200
4416,2025/03/ProVolley-Mens-Shorts-White-Front-Side.png,https://prosporter.com.au/wp-content/uploads/2025/03/ProVolley-Mens-Shorts-White-Front-Side.png,image/png,373,372,124996,ProVolley Men's Shorts White Front-Side,ProVolley Men's Shorts White Front-Side,4385,4385,2025-03-11T03:27:58,200
4415,2025/03/ProVolley-Mens-Shorts-Yellow-Front.png,https://prosporter.com.au/wp-content/uploads/2025/03/ProVolley-Mens-Shorts-Yellow-Front.png,image/png,372,372,202541,ProVolley Men's Shorts Yellow Front,ProVolley Men's Shorts Yellow Front,4385,4385,2025-03-11T03:27:54,200
4414,2025/03/ProVolley-Mens-Shorts-White-Back.png,https://prosporter.com.au/wp-content/uploads/2025/03/ProVolley-Mens-Shorts-White-Back.png,image/png,372,372,128402,ProVolley Men's Shorts White Back,ProVolley Men's Shorts White Back,4385,4385,2025-03-11T03:27:50,200
4413,2025/03/ProVolley-Mens-Shorts-White-Front.png,https://prosporter.com.au/wp-content/uploads/2025/03/ProVolley-Mens-Shorts-White-Front.png,image/png,373,373,132884,ProVolley Men's Shorts White Front,ProVolley Men's Shorts White Front,4385,4385,2025-03-11T03:27:46,200
4412,2025/03/ProVolley-Mens-Shorts-Yellow-Front-Side.png,https://prosporter.com.au/wp-content/uploads/2025/03/ProVolley-Mens-Shorts-Yellow-Front-Side.png,image/png,372,372,178411,ProVolley Men's Shorts Yellow Front-Side,ProVolley Men's Shorts Yellow Front-Side,4385,4385,2025-03-11T03:27:42,200
4411,2025/03/ProVolley-Mens-Shorts-Yellow-Back.png,https://prosporter.com.au/wp-content/uploads/2025/03/ProVolley-Mens-Shorts-Yellow-Back.png,image/png,373,386,204455,ProVolley Men's Shorts Yellow Back,ProVolley Men's Shorts Yellow Back,4385,4385,2025-03-11T03:27:38,200
4384,2025/03/ProVolley-Mens-Jersey-White-Front.png,https://prosporter.com.au/wp-content/uploads/2025/03/ProVolley-Mens-Jersey-White-Front.png,image/png,582,582,255322,ProVolley Men's Jersey White Front,ProVolley Men's Jersey White Front,4321,4321,2025-03-11T02:40:20,200
4383,2025/03/ProVolley-Mens-Jersey-White-Front-Side.png,https://prosporter.com.au/wp-content/uploads/2025/03/ProVolley-Mens-Jersey-White-Front-Side.png,image/png,582,582,225610,ProVolley Men's Jersey White Back,ProVolley Men's Jersey White Front-Side,4321,4321,2025-03-11T02:40:15,200
4382,2025/03/ProVolley-Mens-Jersey-White-Back.png,https://prosporter.com.au/wp-content/uploads/2025/03/ProVolley-Mens-Jersey-White-Back.png,image/png,582,582,275586,ProVolley Men's Jersey White Back,ProVolley Men's Jersey White Back,4321,4321,2025-03-11T02:40:11,200
4381,2025/03/ProVolley-Mens-Jersey-Yellow-Front.png,https://prosporter.com.au/wp-content/uploads/2025/03/ProVolley-Mens-Jersey-Yellow-Front.png,image/png,582,582,355927,ProVolley Men's Jersey Yellow Front,ProVolley Men's Jersey Yellow Front,4321,4321,2025-03-11T02:40:07,200
4380,2025/03/ProVolley-Mens-Jersey-Yellow-Front-Side.png,https://prosporter.com.au/wp-content/uploads/2025/03/ProVolley-Mens-Jersey-Yellow-Front-Side.png,image/png,582,582,305193,ProVolley Men's Jersey Yellow Front-Side,ProVolley Men's Jersey Yellow Front-Side,4321,4321,2025-03-11T02:40:01,200
4379,2025/03/ProVolley-Mens-Jersey-Yellow-Back.png,https://prosporter.com.au/wp-content/uploads/2025/03/ProVolley-Mens-Jersey-Yellow-Back.png,image/png,582,582,378548,ProVolley Men's Jersey Yellow Back,ProVolley Men's Jersey Yellow Back,4321,4321,2025-03-11T02:39:56,200
4325,2025/03/Screenshot-2025-03-11-at-12.07.39 PM.png,https://prosporter.com.au/wp-content/uploads/2025/03/Screenshot-2025-03-11-at-12.07.39 PM.png,image/png,560,560,343531,ProVolley Men's Jersey Navy Front,ProVolley Men's Jersey Navy Front,4321,4321,2025-03-11T01:57:48,200
4324,2025/03/Screenshot-2025-03-11-at-12.07.52 PM.png,https://prosporter.com.au/wp-content/uploads/2025/03/Screenshot-2025-03-11-at-12.07.52 PM.png,image/png,560,560,358761,ProVolley Men's Jersey Navy Back,ProVolley Men's Jersey Navy Back,4321,4321,2025-03-11T01:57:42,200
4323,2025/03/Screenshot-2025-03-11-at-12.56.08 PM.png,https://prosporter.com.au/wp-content/uploads/2025/03/Screenshot-2025-03-11-at-12.56.08 PM.png,image/png,1138,1140,1022136,ProVolley Men's Jersey Navy Front-Side,ProVolley Men's Jersey Navy Front-Side,4321,4321,2025-03-11T01:57:31,200
4311,2024/09/ProVolley-Premium-T-Shirt-Cinque-Women.jpg,https://prosporter.com.au/wp-content/uploads/2024/09/ProVolley-Premium-T-Shirt-Cinque-Women.jpg,image/jpeg,489,627,27058,,ProVolley Premium T-Shirt Cinque Women,3973,3965;3973,2024-12-10T00:25:36,200
4310,2024/09/Beach-Volleyball_Crop-Top_Modena-Volley.jpg,https://prosporter.com.au/wp-content/uploads/2024/09/Beach-Volleyball_Crop-Top_Modena-Volley.jpg,image/jpeg,489,627,32605,,Beach Volleyball_Crop Top_Modena Volley,3867,3867,2024-12-10T00:16:37,200
4309,2024/09/Beach-Volley-Bikini-Bottoms-Modena-Volley.jpg,https://prosporter.com.au/wp-content/uploads/2024/09/Beach-Volley-Bikini-Bottoms-Modena-Volley.jpg,image/jpeg,489,627,24825,,Beach Volley Bikini Bottoms Modena Volley,4005,4005,2024-12-10T00:12:03,200
4308,2024/09/Beach-Volley_Singlet_Modena-Volley.jpg,https://prosporter.com.au/wp-content/uploads/2024/09/Beach-Volley_Singlet_Modena-Volley.jpg,image/jpeg,489,627,40048,,Beach Volley_Singlet_Modena Volley,3717,3717,2024-12-10T00:06:57,200
4307,2024/09/Beach-Volley_Singlet_Ibiza-White.jpg,https://prosporter.com.au/wp-content/uploads/2024/09/Beach-Volley_Singlet_Ibiza-White.jpg,image/jpeg,489,627,23476,,Beach Volley_Singlet_Ibiza White,3842,3842,2024-12-09T23:53:07,200
4306,2024/09/Beach-Volley_Singlet_Osaka-Ocean.webp,https://prosporter.com.au/wp-content/uploads/2024/09/Beach-Volley_Singlet_Osaka-Ocean.webp,image/webp,489,627,11708,,Beach Volley_Singlet_Osaka Ocean,3849,3849,2024-12-09T23:49:13,200
4305,2024/09/Beach-Volley_Singlet_Tijuana-Yellow.webp,https://prosporter.com.au/wp-content/uploads/2024/09/Beach-Volley_Singlet_Tijuana-Yellow.webp,image/webp,489,627,18930,,Beach Volley_Singlet_Tijuana Yellow,3858,3858,2024-12-09T23:45:01,200
4304,2024/09/Beach-Volley_Singlet_Ibiza-Purple-1.webp,https://prosporter.com.au/wp-content/uploads/2024/09/Beach-Volley_Singlet_Ibiza-Purple-1.webp,image/webp,489,627,9862,,Beach Volley_Singlet_Ibiza Purple,3835,3835,2024-12-09T23:41:01,200
4303,2024/09/Beach-Volley_Singlet_Ibiza-Purple.webp,https://prosporter.com.au/wp-content/uploads/2024/09/Beach-Volley_Singlet_Ibiza-Purple.webp,image/webp,489,627,10686,,Beach Volley_Singlet_Ibiza Purple,3835,,2024-12-09T23:39:17,200
4302,2024/01/Pipe-2-Man.webp,https://prosporter.com.au/wp-content/uploads/2024/01/Pipe-2-Man.webp,image/webp,489,627,3200,,Pipe 2 Man,1625,1625,2024-12-09T23:19:44,200
4230,2024/09/Nine_Rain_Jacket_Ibiza_White.webp,https://prosporter.com.au/wp-content/uploads/2024/09/Nine_Rain_Jacket_Ibiza_White.webp,image/webp,489,627,10430,,Nine_Rain_Jacket_Ibiza_White,3930,3930,2024-12-07T16:25:54,200
4229,2024/09/Nine_Rain_Jacket.webp,https://prosporter.com.au/wp-content/uploads/2024/09/Nine_Rain_Jacket.webp,image/webp,489,627,8596,,Nine_Rain_Jacket,3938,3938,2024-12-07T16:17:17,200
4228,2024/09/Nine_Rain-Jacket_Osaka-Ocean.jpg,https://prosporter.com.au/wp-content/uploads/2024/09/Nine_Rain-Jacket_Osaka-Ocean.jpg,image/jpeg,489,627,32612,,Nine_Rain Jacket_Osaka Ocean,3924,3924,2024-12-07T16:05:14,200
4112,2024/11/coach-board-black-buttons-2.webp,https://prosporter.com.au/wp-content/uploads/2024/11/coach-board-black-buttons-2.webp,image/webp,700,896,27294,,coach-board-black-buttons,4107,,2024-11-01T18:45:12,200
4111,2024/11/coach-board-black-buttons-1.webp,https://prosporter.com.au/wp-content/uploads/2024/11/coach-board-black-buttons-1.webp,image/webp,700,896,22058,,coach-board-black-buttons,4107,4107,2024-11-01T18:40:18,200
4110,2024/11/coach-board-black-buttons.webp,https://prosporter.com.au/wp-content/uploads/2024/11/coach-board-black-buttons.webp,image/webp,700,896,30826,,coach-board-black-buttons,4107,,2024-11-01T18:32:08,200
4109,2024/11/coach-board-black-2.webp,https://prosporter.com.au/wp-content/uploads/2024/11/coach-board-black-2.webp,image/webp,700,896,22426,,coach-board-black-2,4107,4107,2024-11-01T18:00:15,200
4108,2024/11/coach-board-black.webp,https://prosporter.com.au/wp-content/uploads/2024/11/coach-board-black.webp,image/webp,700,896,12026,,coach-board-black,4107,,2024-11-01T18:00:08,200
4038,2024/10/header.webp,https://prosporter.com.au/wp-content/uploads/2024/10/header.webp,image/webp,1920,1089,73994,NINEsquared Beach Volleyball,NINEsquared Beach Volleyball,,,2024-10-12T11:25:35,200
4027,2024/09/images-38.webp,https://prosporter.com.au/wp-content/uploads/2024/09/images-38.webp,image/webp,554,554,18156,,images (38),4023,4023,2024-09-30T09:38:15,200
4026,2024/09/images-37.jpeg,https://prosporter.com.au/wp-content/uploads/2024/09/images-37.jpeg,image/jpeg,554,554,16567,,images (37),4023,4023,2024-09-30T09:38:11,200
4025,2024/09/images-36.jpeg,https://prosporter.com.au/wp-content/uploads/2024/09/images-36.jpeg,image/jpeg,554,554,21081,,images (36),4023,4023,2024-09-30T09:38:06,200
4024,2024/09/images-35.jpeg,https://prosporter.com.au/wp-content/uploads/2024/09/images-35.jpeg,image/jpeg,554,554,15493,,Nine Volleyball X-Tape,4023,4023,2024-09-30T09:37:22,200
4018,2024/09/ninesquared-quattro-slip-tijuana-fr-W-black-yellow-Copia.jpg,https://prosporter.com.au/wp-content/uploads/2024/09/ninesquared-quattro-slip-tijuana-fr-W-black-yellow-Copia.jpg,image/jpeg,1500,1920,195782,,Exclusive Mockups for Branding and Packaging Design,4012,4019;4021,2024-09-30T09:08:16,200
4017,2024/09/images-28.jpeg,https://prosporter.com.au/wp-content/uploads/2024/09/images-28.jpeg,image/jpeg,489,627,10007,,ProVolley Bikini Bottoms Women Osaka River,4012,4021,2024-09-30T09:08:11,200
4016,2024/09/ninesquared-quattro-slip-tijuana-fr-W-green-beige-Copia.jpg,https://prosporter.com.au/wp-content/uploads/2024/09/ninesquared-quattro-slip-tijuana-fr-W-green-beige-Copia.jpg,image/jpeg,1500,1920,176589,,ProVolley Bikini Bottoms Women Tijuana Green,4012,4012,2024-09-30T09:07:22,200
4010,2024/09/images-46.jpeg,https://prosporter.com.au/wp-content/uploads/2024/09/images-46.jpeg,image/jpeg,554,554,28637,,Bikini Bottoms W Black,4005,4005,2024-09-30T09:00:09,200
4002,2024/09/ninesquared-quattro-slip-ibiza-fr-W-purple-Copia.jpg,https://prosporter.com.au/wp-content/uploads/2024/09/ninesquared-quattro-slip-ibiza-fr-W-purple-Copia.jpg,image/jpeg,1500,1920,157158,,ProVolley Bikini Bottoms Women Purple,3998,3998,2024-09-30T08:54:40,200
3995,2024/09/images-32.jpeg,https://prosporter.com.au/wp-content/uploads/2024/09/images-32.jpeg,image/jpeg,489,627,9065,,ProVolley Shorts Women White,3991,3990,2024-09-30T08:35:11,200
3985,2024/09/images-33.jpeg,https://prosporter.com.au/wp-content/uploads/2024/09/images-33.jpeg,image/jpeg,489,627,8732,,ProVolley Bikini Bottoms Women Black,3984,3984,2024-09-30T08:12:01,200
3983,2024/09/Screenshot-2024-09-30-at-2.59.05 PM.png,https://prosporter.com.au/wp-content/uploads/2024/09/Screenshot-2024-09-30-at-2.59.05 PM.png,image/png,563,707,380380,,ProVolley Premium T-Shirt Cinque Women,3973,,2024-09-30T07:29:12,200
3982,2024/09/Screenshot-2024-09-30-at-2.58.43 PM.png,https://prosporter.com.au/wp-content/uploads/2024/09/Screenshot-2024-09-30-at-2.58.43 PM.png,image/png,535,738,363166,,ProVolley Premium T-Shirt Cinque Women,3973,,2024-09-30T07:29:02,200
3981,2024/09/Screenshot-2024-09-30-at-2.58.55 PM.png,https://prosporter.com.au/wp-content/uploads/2024/09/Screenshot-2024-09-30-at-2.58.55 PM.png,image/png,622,717,392673,,ProVolley Premium T-Shirt Cinque Women,3979,,2024-09-30T07:25:51,200
3972,2024/09/Screenshot-2024-09-30-at-3.16.58 PM.png,https://prosporter.com.au/wp-content/uploads/2024/09/Screenshot-2024-09-30-at-3.16.58 PM.png,image/png,710,834,362346,,ProVolley Premium T-Shirt Cinque,3965,3965;3973,2024-09-30T06:57:45,200
3971,2024/09/Screenshot-2024-09-30-at-3.16.51 PM.png,https://prosporter.com.au/wp-content/uploads/2024/09/Screenshot-2024-09-30-at-3.16.51 PM.png,image/png,733,863,340301,,ProVolley Premium T-Shirt Cinque,3966,3965;3973,2024-09-30T06:55:57,200
3964,2024/09/Screenshot-2024-09-30-at-3.17.22 PM.png,https://prosporter.com.au/wp-content/uploads/2024/09/Screenshot-2024-09-30-at-3.17.22 PM.png,image/png,753,838,306850,,ProVolley Training T-Shirt (Zero 2) Navy Blue 2024-09-30 at 3.17.22 PM,3956,3956,2024-09-30T06:33:08,200
3963,2024/09/Screenshot-2024-09-30-at-3.17.13 PM.png,https://prosporter.com.au/wp-content/uploads/2024/09/Screenshot-2024-09-30-at-3.17.13 PM.png,image/png,747,870,288872,,ProVolley Training T-Shirt (Zero 2) Navy Blue,3956,3956,2024-09-30T06:30:09,200
3946,2024/09/Screenshot-2024-09-30-at-3.17.45 PM.png,https://prosporter.com.au/wp-content/uploads/2024/09/Screenshot-2024-09-30-at-3.17.45 PM.png,image/png,806,868,394910,,Screenshot 2024-09-30 at 3.17.45 PM,3667,3667,2024-09-30T06:01:24,200
3945,2024/09/Screenshot-2024-09-30-at-3.17.37 PM-1.png,https://prosporter.com.au/wp-content/uploads/2024/09/Screenshot-2024-09-30-at-3.17.37 PM-1.png,image/png,785,893,379810,,Screenshot 2024-09-30 at 3.17.37 PM,3667,3667,2024-09-30T06:00:57,200
3944,2024/09/Screenshot-2024-09-30-at-3.17.37 PM.png,https://prosporter.com.au/wp-content/uploads/2024/09/Screenshot-2024-09-30-at-3.17.37 PM.png,image/png,785,893,379810,ProVolley Training T-Shirt Yellow,ProVolley Training T-Shirt Yellow,3667,3667;3956,2024-09-30T05:58:44,200
3936,2024/09/images-62.jpeg,https://prosporter.com.au/wp-content/uploads/2024/09/images-62.jpeg,image/jpeg,198,254,7634,,images (62),3930,3938,2024-09-28T09:37:37,200
3935,2024/09/images-61.jpeg,https://prosporter.com.au/wp-content/uploads/2024/09/images-61.jpeg,image/jpeg,198,254,6530,,images (61),3930,3938,2024-09-28T09:37:35,200
3934,2024/09/images-58.jpeg,https://prosporter.com.au/wp-content/uploads/2024/09/images-58.jpeg,image/jpeg,198,254,7410,,images (58),3930,3930,2024-09-28T09:37:32,200
3933,2024/09/images-57.jpeg,https://prosporter.com.au/wp-content/uploads/2024/09/images-57.jpeg,image/jpeg,198,254,7807,,Nine Rain Jacket Ibiza White,3930,3930,2024-09-28T09:37:29,200
3929,2024/09/images-60.jpeg,https://prosporter.com.au/wp-content/uploads/2024/09/images-60.jpeg,image/jpeg,198,254,9501,,images (60),3924,3924,2024-09-28T09:20:54,200
3927,2024/09/images-59.jpeg,https://prosporter.com.au/wp-content/uploads/2024/09/images-59.jpeg,image/jpeg,198,254,9990,,Nine Rain Jacket Osaka Ocean,3925,3924,2024-09-28T09:15:44,200
3919,2024/09/download-2.jpeg,https://prosporter.com.au/wp-content/uploads/2024/09/download-2.jpeg,image/jpeg,489,627,17162,,download,3910,3920,2024-09-28T08:48:03,200
3917,2024/09/download-1.jpeg,https://prosporter.com.au/wp-content/uploads/2024/09/download-1.jpeg,image/jpeg,489,627,22883,,download (1),3910,3910,2024-09-28T08:43:46,200
3915,2024/09/download.jpeg,https://prosporter.com.au/wp-content/uploads/2024/09/download.jpeg,image/jpeg,198,254,5018,,Beach Volley Crop Top Tijuan Green,3910,,2024-09-28T08:12:14,200
3914,2024/09/images.jpeg,https://prosporter.com.au/wp-content/uploads/2024/09/images.jpeg,image/jpeg,198,254,5894,,Beach Volley Crop Top Tijuan Yellow,3910,3910,2024-09-28T08:12:02,200
3904,2024/09/images-13.jpeg,https://prosporter.com.au/wp-content/uploads/2024/09/images-13.jpeg,image/jpeg,489,627,16141,,Beach Volley Crop Top Osaka River,3900,3906,2024-09-28T07:58:35,200
3901,2024/09/images-12.jpeg,https://prosporter.com.au/wp-content/uploads/2024/09/images-12.jpeg,image/jpeg,489,627,19351,,Beach Volley Crop Top Osaka River,3900,3897,2024-09-28T07:50:57,200
3896,2024/09/images-16.jpeg,https://prosporter.com.au/wp-content/uploads/2024/09/images-16.jpeg,image/jpeg,489,627,16266,,Beach Volley Crop Top Ibiza Black,3892,3891,2024-09-28T07:44:42,200
3885,2024/09/images-15.jpeg,https://prosporter.com.au/wp-content/uploads/2024/09/images-15.jpeg,image/jpeg,489,627,16674,,Beach Volley Crop Top Ibiza Purple,3881,3881,2024-09-28T07:33:31,200
3878,2024/09/images-17.jpeg,https://prosporter.com.au/wp-content/uploads/2024/09/images-17.jpeg,image/jpeg,489,627,12547,,Beach Volley Crop Top Ibiza White,3874,3874,2024-09-28T07:21:44,200
3873,2024/09/images-45.jpeg,https://prosporter.com.au/wp-content/uploads/2024/09/images-45.jpeg,image/jpeg,554,554,42209,,Beach Volley Crop Top Modena Volley,3867,3867,2024-09-28T06:57:30,200
3872,2024/09/images-42.jpeg,https://prosporter.com.au/wp-content/uploads/2024/09/images-42.jpeg,image/jpeg,554,554,30599,,images (42),3867,3867,2024-09-28T06:57:26,200
3871,2024/09/images-44.jpeg,https://prosporter.com.au/wp-content/uploads/2024/09/images-44.jpeg,image/jpeg,554,554,42176,,ProVolley Bikini Bottoms Modena Volley,3867,3867,2024-09-28T06:57:22,200
3864,2024/09/images-7.jpeg,https://prosporter.com.au/wp-content/uploads/2024/09/images-7.jpeg,image/jpeg,489,627,35363,,images (7),3862,,2024-09-28T06:23:31,200
3861,2024/09/images-6.jpeg,https://prosporter.com.au/wp-content/uploads/2024/09/images-6.jpeg,image/jpeg,489,627,62398,,images (6),3858,3858,2024-09-28T06:09:18,200
3856,2024/09/images-11.jpeg,https://prosporter.com.au/wp-content/uploads/2024/09/images-11.jpeg,image/jpeg,489,627,29690,,Beach Volley Singlet Osaka Ocean,3849,3849,2024-09-28T06:02:06,200
3855,2024/09/images-34.jpeg,https://prosporter.com.au/wp-content/uploads/2024/09/images-34.jpeg,image/jpeg,489,627,25054,,Beach Volley Singlet Ibiza Black,3849,,2024-09-28T05:58:15,200
3848,2024/09/images-8.jpeg,https://prosporter.com.au/wp-content/uploads/2024/09/images-8.jpeg,image/jpeg,489,627,21040,,Beach Volley Singlet Ibiza White,3842,3842,2024-09-28T05:55:00,200
3841,2024/09/images-9.jpeg,https://prosporter.com.au/wp-content/uploads/2024/09/images-9.jpeg,image/jpeg,489,627,25688,,Beach Volley Singlet Ibiza Purple,3835,3835,2024-09-28T05:48:10,200
3833,2024/09/images-50.jpeg,https://prosporter.com.au/wp-content/uploads/2024/09/images-50.jpeg,image/jpeg,554,554,48869,,images (50),3717,,2024-09-28T05:20:23,200
3832,2024/09/images-41.jpeg,https://prosporter.com.au/wp-content/uploads/2024/09/images-41.jpeg,image/jpeg,554,554,48874,,images (41),3717,,2024-09-28T05:20:19,200
3831,2024/09/images-40.jpeg,https://prosporter.com.au/wp-content/uploads/2024/09/images-40.jpeg,image/jpeg,554,554,47915,,images (40),3717,,2024-09-28T05:20:15,200
3830,2024/09/images-39.jpeg,https://prosporter.com.au/wp-content/uploads/2024/09/images-39.jpeg,image/jpeg,554,554,55329,,images (39),3717,3717,2024-09-28T05:19:46,200
3829,2024/09/images-47.jpeg,https://prosporter.com.au/wp-content/uploads/2024/09/images-47.jpeg,image/jpeg,554,554,53702,,Beach Volley | Women's Shorts | Modena Volley,3819,3819,2024-09-28T05:09:46,200
3828,2024/09/images-43.jpeg,https://prosporter.com.au/wp-content/uploads/2024/09/images-43.jpeg,image/jpeg,554,554,35839,,images (43),3819,3819,2024-09-28T05:06:18,200
3818,2024/09/ninesquared-quattro-shorts-tijuana-W-black-yellow-Copia.jpg,https://prosporter.com.au/wp-content/uploads/2024/09/ninesquared-quattro-shorts-tijuana-W-black-yellow-Copia.jpg,image/jpeg,1500,1920,385737,,Beach Volley Women's Shorts Tijuana,3809,3809,2024-09-28T04:55:13,200
3807,2024/09/ninesquared-quattro-shorts-osaka-M-black-ocra-Copia.jpg,https://prosporter.com.au/wp-content/uploads/2024/09/ninesquared-quattro-shorts-osaka-M-black-ocra-Copia.jpg,image/jpeg,1500,1920,387996,,Beach Volley Shorts Osaka,3798,3798,2024-09-28T04:40:24,200
3797,2024/09/images-49.jpeg,https://prosporter.com.au/wp-content/uploads/2024/09/images-49.jpeg,image/jpeg,554,554,58228,,Modena Volley,3787,3787,2024-09-28T04:20:02,200
3796,2024/09/images-48.jpeg,https://prosporter.com.au/wp-content/uploads/2024/09/images-48.jpeg,image/jpeg,554,554,65367,,Beach Volley | Men's Shorts | Modena Volley,3787,3787,2024-09-28T04:17:43,200
3786,2024/09/images-26-1.jpg,https://prosporter.com.au/wp-content/uploads/2024/09/images-26-1.jpg,image/jpeg,1500,1920,455442,,Beach Volley | Men's Shorts | Tijuana,3781,3777;3798,2024-09-28T04:11:01,200
3752,2024/09/images-25.jpeg,https://prosporter.com.au/wp-content/uploads/2024/09/images-25.jpeg,image/jpeg,489,627,24676,,images (25),3747,,2024-09-28T02:23:16,200
3751,2024/09/images-21.jpeg,https://prosporter.com.au/wp-content/uploads/2024/09/images-21.jpeg,image/jpeg,489,627,18038,,Nine | Ibiza | Purple,3747,3768,2024-09-28T02:23:12,200
3750,2024/09/images-22.jpeg,https://prosporter.com.au/wp-content/uploads/2024/09/images-22.jpeg,image/jpeg,489,627,15294,,images (22),3747,3760,2024-09-28T02:23:09,200
3749,2024/09/images-23.jpeg,https://prosporter.com.au/wp-content/uploads/2024/09/images-23.jpeg,image/jpeg,489,627,21963,,images (23),3747,,2024-09-28T02:23:03,200
3748,2024/09/images-20.jpeg,https://prosporter.com.au/wp-content/uploads/2024/09/images-20.jpeg,image/jpeg,489,627,17139,,images (20),3747,3747,2024-09-28T02:22:58,200
3735,2024/09/images-26.jpg,https://prosporter.com.au/wp-content/uploads/2024/09/images-26.jpg,image/jpeg,1500,1920,455442,,Beach Volley | Men's Shorts | Tijuana | Green,,3777,2024-09-28T01:37:01,200
3723,2024/09/images-10.jpeg,https://prosporter.com.au/wp-content/uploads/2024/09/images-10.jpeg,image/jpeg,489,627,30051,,Nine | Tank Top | Osaka,3718,,2024-09-27T23:51:10,200
3655,2024/09/ninesquared-quattro-shorts-tijuana-M-black-yellow-Copia.jpg,https://prosporter.com.au/wp-content/uploads/2024/09/ninesquared-quattro-shorts-tijuana-M-black-yellow-Copia.jpg,image/jpeg,1500,1920,554762,,NINE Shorts Tijuana Man,3654,3646,2024-09-08T12:22:52,200
3635,2024/09/ninesquared-quattro-shorts-ibiza-M-white-Copia.jpg,https://prosporter.com.au/wp-content/uploads/2024/09/ninesquared-quattro-shorts-ibiza-M-white-Copia.jpg,image/jpeg,1500,1920,344158,,NINE Shorts Ibiza,3625,3625,2024-09-08T11:53:44,200
3634,2024/09/ninesquared-quattro-shorts-osaka-M-white-blue-Copia.jpg,https://prosporter.com.au/wp-content/uploads/2024/09/ninesquared-quattro-shorts-osaka-M-white-blue-Copia.jpg,image/jpeg,1500,1920,387901,,NINE Shorts Osaka Man,3625,3637,2024-09-08T11:52:27,200
3624,2024/09/ninesquared-quattro-shorts-ibiza-M-purple-Copia.jpg,https://prosporter.com.au/wp-content/uploads/2024/09/ninesquared-quattro-shorts-ibiza-M-purple-Copia.jpg,image/jpeg,1500,1920,384516,,NINE Shorts Ibiza,3615,3615,2024-09-08T11:47:26,200
3606,2024/09/ninesquared-quattro-shorts-ibiza-M-black-Copia.jpg,https://prosporter.com.au/wp-content/uploads/2024/09/ninesquared-quattro-shorts-ibiza-M-black-Copia.jpg,image/jpeg,1500,1920,349976,,Nine l Shorts l Ibiza,3605,3605,2024-09-08T10:24:10,200
3596,2024/07/ProVolley-Hoodie-Pants.png,https://prosporter.com.au/wp-content/uploads/2024/07/ProVolley-Hoodie-Pants.png,image/png,1069,456,69283,,ProVolley Size Guide,3571,3571;3586,2024-07-30T04:16:08,200
3584,2024/07/Joggers-front-1.jpg,https://prosporter.com.au/wp-content/uploads/2024/07/Joggers-front-1.jpg,image/jpeg,1500,1500,156146,,ProVolley Long Pants,3571,3586,2024-07-27T13:38:54,200
3570,2024/07/Hoodie-front.jpg,https://prosporter.com.au/wp-content/uploads/2024/07/Hoodie-front.jpg,image/jpeg,1500,1500,217261,ProVolley Winter Hoodie,ProVolley Hoodie,,3571;3593,2024-07-27T12:23:38,200
3569,2024/07/Hoodie-joggers-front.jpg,https://prosporter.com.au/wp-content/uploads/2024/07/Hoodie-joggers-front.jpg,image/jpeg,1500,1500,191839,ProVolley Teamwear,ProVolley Hoodie & Pants,,3593,2024-07-27T12:20:08,200
3568,2024/07/Hoodie-back.jpg,https://prosporter.com.au/wp-content/uploads/2024/07/Hoodie-back.jpg,image/jpeg,1500,1500,239662,ProVolley Hoodie (back),Screenshot,,3571;3593,2024-07-27T12:19:34,200
3567,2024/07/Joggers-front.jpg,https://prosporter.com.au/wp-content/uploads/2024/07/Joggers-front.jpg,image/jpeg,1500,1500,156146,,Screenshot,,3586;3593,2024-07-27T12:18:32,200
3529,2024/01/4-15.png,https://prosporter.com.au/wp-content/uploads/2024/01/4-15.png,image/png,800,1024,312922,,4,1615,1615,2024-05-12T16:52:43,200
3528,2024/01/3-16.png,https://prosporter.com.au/wp-content/uploads/2024/01/3-16.png,image/png,800,1024,296027,,3,1615,1615,2024-05-12T16:52:29,200
3527,2024/01/2-16.png,https://prosporter.com.au/wp-content/uploads/2024/01/2-16.png,image/png,800,1024,340244,,2,1615,1615,2024-05-12T16:52:14,200
3526,2024/01/1-17.png,https://prosporter.com.au/wp-content/uploads/2024/01/1-17.png,image/png,800,1024,224210,,1,1615,1615,2024-05-12T16:51:55,200
3525,2024/01/10-3.png,https://prosporter.com.au/wp-content/uploads/2024/01/10-3.png,image/png,800,1024,197100,,10,1591,1591,2024-05-12T16:24:00,200
3524,2024/01/9-4.png,https://prosporter.com.au/wp-content/uploads/2024/01/9-4.png,image/png,800,1024,214269,,9,1591,1591,2024-05-12T16:23:46,200
3523,2024/01/8-6.png,https://prosporter.com.au/wp-content/uploads/2024/01/8-6.png,image/png,800,1024,206582,,8,1591,1591,2024-05-12T16:23:33,200
3522,2024/01/7-6.png,https://prosporter.com.au/wp-content/uploads/2024/01/7-6.png,image/png,800,1024,149114,,7,1591,1591,2024-05-12T16:23:19,200
3521,2024/01/6-12.png,https://prosporter.com.au/wp-content/uploads/2024/01/6-12.png,image/png,800,1024,196317,,6,1591,1591,2024-05-12T16:23:04,200
3520,2024/01/5-12.png,https://prosporter.com.au/wp-content/uploads/2024/01/5-12.png,image/png,800,1024,201318,,5,1591,1591,2024-05-12T16:22:44,200
3519,2024/01/4-14.png,https://prosporter.com.au/wp-content/uploads/2024/01/4-14.png,image/png,800,1024,216848,,4,1591,1591,2024-05-12T16:22:25,200
3518,2024/01/3-15.png,https://prosporter.com.au/wp-content/uploads/2024/01/3-15.png,image/png,800,1024,179802,,3,1591,1591,2024-05-12T16:22:11,200
3517,2024/01/2-15.png,https://prosporter.com.au/wp-content/uploads/2024/01/2-15.png,image/png,800,1024,149637,,2,1591,1591,2024-05-12T16:21:58,200
3516,2024/01/1-16.png,https://prosporter.com.au/wp-content/uploads/2024/01/1-16.png,image/png,800,1024,187418,,1,1591,1591,2024-05-12T16:21:43,200
3515,2024/01/4-13.png,https://prosporter.com.au/wp-content/uploads/2024/01/4-13.png,image/png,800,1024,118055,,4,1592,1592,2024-05-11T21:55:11,200
3514,2024/01/3-14.png,https://prosporter.com.au/wp-content/uploads/2024/01/3-14.png,image/png,800,1024,102744,,3,1592,1592,2024-05-11T21:54:51,200
3513,2024/01/2-14.png,https://prosporter.com.au/wp-content/uploads/2024/01/2-14.png,image/png,800,1024,108132,,2,1592,1592,2024-05-11T21:54:36,200
3512,2024/01/1-15.png,https://prosporter.com.au/wp-content/uploads/2024/01/1-15.png,image/png,800,1024,92751,,1,1592,1592,2024-05-11T21:54:21,200
3510,2024/01/6-11.png,https://prosporter.com.au/wp-content/uploads/2024/01/6-11.png,image/png,800,1024,272563,,6,1586,1586,2024-05-11T21:49:15,200
3509,2024/01/5-11.png,https://prosporter.com.au/wp-content/uploads/2024/01/5-11.png,image/png,800,1024,186620,,5,1586,1586,2024-05-11T21:48:54,200
3508,2024/01/4-12.png,https://prosporter.com.au/wp-content/uploads/2024/01/4-12.png,image/png,800,1024,172249,,4,1586,1586,2024-05-11T21:48:36,200
3507,2024/01/3-13.png,https://prosporter.com.au/wp-content/uploads/2024/01/3-13.png,image/png,800,1024,123212,,3,1586,1586,2024-05-11T21:48:20,200
3506,2024/01/2-13.png,https://prosporter.com.au/wp-content/uploads/2024/01/2-13.png,image/png,800,1024,164153,,2,1586,1586,2024-05-11T21:48:03,200
3505,2024/01/1-14.png,https://prosporter.com.au/wp-content/uploads/2024/01/1-14.png,image/png,800,1024,116553,,1,1586,1586,2024-05-11T21:47:47,200
3503,2024/01/6-10.png,https://prosporter.com.au/wp-content/uploads/2024/01/6-10.png,image/png,800,1024,295011,,6,1588,1588,2024-05-11T21:40:50,200
3502,2024/01/5-10.png,https://prosporter.com.au/wp-content/uploads/2024/01/5-10.png,image/png,800,1024,240362,,5,1588,1588,2024-05-11T21:40:27,200
3501,2024/01/4-11.png,https://prosporter.com.au/wp-content/uploads/2024/01/4-11.png,image/png,800,1024,185132,,4,1588,1588,2024-05-11T21:40:10,200
3500,2024/01/3-12.png,https://prosporter.com.au/wp-content/uploads/2024/01/3-12.png,image/png,800,1024,150727,,3,1588,1588,2024-05-11T21:39:53,200
3499,2024/01/2-12.png,https://prosporter.com.au/wp-content/uploads/2024/01/2-12.png,image/png,800,1024,175405,,2,1588,,2024-05-11T21:39:35,200
3498,2024/01/1-13.png,https://prosporter.com.au/wp-content/uploads/2024/01/1-13.png,image/png,800,1024,139920,,1,1588,1588,2024-05-11T21:39:18,200
3495,2024/01/6-9.png,https://prosporter.com.au/wp-content/uploads/2024/01/6-9.png,image/png,800,1024,203883,,6,1617,1617,2024-05-11T14:40:44,200
3494,2024/01/5-9.png,https://prosporter.com.au/wp-content/uploads/2024/01/5-9.png,image/png,800,1024,207786,,5,1617,1617,2024-05-11T14:40:32,200
3493,2024/01/4-10.png,https://prosporter.com.au/wp-content/uploads/2024/01/4-10.png,image/png,800,1024,325921,,4,1617,1617,2024-05-11T14:40:21,200
3492,2024/01/3-11.png,https://prosporter.com.au/wp-content/uploads/2024/01/3-11.png,image/png,800,1024,270917,,3,1617,1617,2024-05-11T14:40:09,200
3491,2024/01/2-11.png,https://prosporter.com.au/wp-content/uploads/2024/01/2-11.png,image/png,800,1024,266028,,2,1617,1617,2024-05-11T14:39:50,200
3490,2024/01/1-12.png,https://prosporter.com.au/wp-content/uploads/2024/01/1-12.png,image/png,800,1024,208999,,1,1617,1617,2024-05-11T14:39:33,200
3488,2024/01/9-3.png,https://prosporter.com.au/wp-content/uploads/2024/01/9-3.png,image/png,800,1024,99732,,9,1626,1626,2024-05-11T14:31:24,200
3487,2024/01/8-5.png,https://prosporter.com.au/wp-content/uploads/2024/01/8-5.png,image/png,800,1024,87831,,8,1626,1626,2024-05-11T14:31:10,200
3486,2024/01/7-5.png,https://prosporter.com.au/wp-content/uploads/2024/01/7-5.png,image/png,800,1024,138424,,7,1626,1626,2024-05-11T14:30:57,200
3485,2024/01/6-8.png,https://prosporter.com.au/wp-content/uploads/2024/01/6-8.png,image/png,800,1024,110764,,6,1626,1626,2024-05-11T14:30:45,200
3484,2024/01/5-8.png,https://prosporter.com.au/wp-content/uploads/2024/01/5-8.png,image/png,800,1024,157637,,5,1626,1626,2024-05-11T14:30:31,200
3483,2024/01/4-9.png,https://prosporter.com.au/wp-content/uploads/2024/01/4-9.png,image/png,800,1024,113771,,4,1626,1626,2024-05-11T14:30:19,200
3482,2024/01/3-10.png,https://prosporter.com.au/wp-content/uploads/2024/01/3-10.png,image/png,800,1024,88367,,3,1626,1626,2024-05-11T14:30:06,200
3481,2024/01/2-10.png,https://prosporter.com.au/wp-content/uploads/2024/01/2-10.png,image/png,800,1024,132711,,2,1626,1626,2024-05-11T14:29:47,200
3480,2024/01/1-11.png,https://prosporter.com.au/wp-content/uploads/2024/01/1-11.png,image/png,800,1024,121178,,1,1626,1626,2024-05-11T14:29:29,200
3479,2024/01/11-2.png,https://prosporter.com.au/wp-content/uploads/2024/01/11-2.png,image/png,800,1024,139746,,11,1625,1625,2024-05-11T14:19:06,200
3478,2024/01/10-2.png,https://prosporter.com.au/wp-content/uploads/2024/01/10-2.png,image/png,800,1024,99974,,10,1625,1625,2024-05-11T14:18:54,200
3477,2024/01/9-2.png,https://prosporter.com.au/wp-content/uploads/2024/01/9-2.png,image/png,800,1024,66995,,9,1625,1625,2024-05-11T14:18:45,200
3476,2024/01/8-4.png,https://prosporter.com.au/wp-content/uploads/2024/01/8-4.png,image/png,800,1024,241945,,8,1625,1625,2024-05-11T14:18:29,200
3475,2024/01/7-4.png,https://prosporter.com.au/wp-content/uploads/2024/01/7-4.png,image/png,800,1024,130855,,7,1625,1625,2024-05-11T14:18:17,200
3474,2024/01/6-7.png,https://prosporter.com.au/wp-content/uploads/2024/01/6-7.png,image/png,800,1024,349083,,6,1625,1625,2024-05-11T14:18:00,200
3473,2024/01/5-7.png,https://prosporter.com.au/wp-content/uploads/2024/01/5-7.png,image/png,800,1024,173697,,5,1625,1625,2024-05-11T14:17:47,200
3472,2024/01/4-8.png,https://prosporter.com.au/wp-content/uploads/2024/01/4-8.png,image/png,800,1024,155553,,4,1625,1625,2024-05-11T14:17:34,200
3471,2024/01/3-9.png,https://prosporter.com.au/wp-content/uploads/2024/01/3-9.png,image/png,800,1024,131121,,3,1625,1625,2024-05-11T14:17:21,200
3470,2024/01/2-9-e1733785930192.png,https://prosporter.com.au/wp-content/uploads/2024/01/2-9-e1733785930192.png,image/png,489,626,55902,,2,1625,1625,2024-05-11T14:16:58,200
3469,2024/01/1-10.png,https://prosporter.com.au/wp-content/uploads/2024/01/1-10.png,image/png,800,1024,102669,,1,1625,1625,2024-05-11T14:16:36,200
3467,2024/01/3-8.png,https://prosporter.com.au/wp-content/uploads/2024/01/3-8.png,image/png,800,1024,301390,,3,1623,1623,2024-05-11T14:05:51,200
3466,2024/01/2-8.png,https://prosporter.com.au/wp-content/uploads/2024/01/2-8.png,image/png,800,1024,219331,,2,1623,1623,2024-05-11T14:05:27,200
3465,2024/01/1-9.png,https://prosporter.com.au/wp-content/uploads/2024/01/1-9.png,image/png,800,1024,200744,,1,1623,1623,2024-05-11T14:05:14,200
3464,2024/01/6-6.png,https://prosporter.com.au/wp-content/uploads/2024/01/6-6.png,image/png,800,1024,243213,,6,1627,1627,2024-05-10T19:12:43,200
3463,2024/01/5-6.png,https://prosporter.com.au/wp-content/uploads/2024/01/5-6.png,image/png,800,1024,160824,,5,1627,1627,2024-05-10T19:12:29,200
3462,2024/01/4-7.png,https://prosporter.com.au/wp-content/uploads/2024/01/4-7.png,image/png,800,1024,255188,,4,1627,1627,2024-05-10T19:12:10,200
3461,2024/01/3-7.png,https://prosporter.com.au/wp-content/uploads/2024/01/3-7.png,image/png,800,1024,194710,,3,1627,1627,2024-05-10T19:11:52,200
3460,2024/01/2-7.png,https://prosporter.com.au/wp-content/uploads/2024/01/2-7.png,image/png,800,1024,172481,,2,1627,1627,2024-05-10T19:11:27,200
3459,2024/01/1-8.png,https://prosporter.com.au/wp-content/uploads/2024/01/1-8.png,image/png,800,1024,125033,,1,1627,1627,2024-05-10T19:11:02,200
3457,2024/01/4-6.png,https://prosporter.com.au/wp-content/uploads/2024/01/4-6.png,image/png,800,1024,141393,,4,1628,1628,2024-05-10T18:58:39,200
3456,2024/01/3-6.png,https://prosporter.com.au/wp-content/uploads/2024/01/3-6.png,image/png,800,1024,139102,,3,1628,1628,2024-05-10T18:58:24,200
3455,2024/01/2-6.png,https://prosporter.com.au/wp-content/uploads/2024/01/2-6.png,image/png,800,1024,101764,,2,1628,1628,2024-05-10T18:58:00,200
3454,2024/01/1-7.png,https://prosporter.com.au/wp-content/uploads/2024/01/1-7.png,image/png,800,1024,103118,,1,1628,1628,2024-05-10T18:57:37,200
3453,2024/01/6-5.png,https://prosporter.com.au/wp-content/uploads/2024/01/6-5.png,image/png,800,1024,227946,,6,1630,1630,2024-05-10T18:37:40,200
3452,2024/01/5-5.png,https://prosporter.com.au/wp-content/uploads/2024/01/5-5.png,image/png,800,1024,208479,,5,1630,1630,2024-05-10T18:37:25,200
3451,2024/01/4-5.png,https://prosporter.com.au/wp-content/uploads/2024/01/4-5.png,image/png,800,1024,272947,,4,1630,1630,2024-05-10T18:37:08,200
3450,2024/01/3-5.png,https://prosporter.com.au/wp-content/uploads/2024/01/3-5.png,image/png,800,1024,248218,,3,1630,1630,2024-05-10T18:36:50,200
3449,2024/01/2-5.png,https://prosporter.com.au/wp-content/uploads/2024/01/2-5.png,image/png,800,1024,199705,,2,1630,1630,2024-05-10T18:36:26,200
3448,2024/01/1-6.png,https://prosporter.com.au/wp-content/uploads/2024/01/1-6.png,image/png,800,1024,178045,,1,1630,1630,2024-05-10T18:36:02,200
3447,2024/01/8-3.png,https://prosporter.com.au/wp-content/uploads/2024/01/8-3.png,image/png,800,1024,177392,,8,1631,1631,2024-05-10T18:10:50,200
3446,2024/01/7-3.png,https://prosporter.com.au/wp-content/uploads/2024/01/7-3.png,image/png,800,1024,186381,,7,1631,1631,2024-05-10T18:10:35,200
3445,2024/01/6-4.png,https://prosporter.com.au/wp-content/uploads/2024/01/6-4.png,image/png,800,1024,129914,,6,1631,1631,2024-05-10T18:10:22,200
3444,2024/01/5-4.png,https://prosporter.com.au/wp-content/uploads/2024/01/5-4.png,image/png,800,1024,128519,,5,1631,1631,2024-05-10T18:10:06,200
3443,2024/01/4-4.png,https://prosporter.com.au/wp-content/uploads/2024/01/4-4.png,image/png,800,1024,142139,,4,1631,1631,2024-05-10T18:09:53,200
3442,2024/01/3-4.png,https://prosporter.com.au/wp-content/uploads/2024/01/3-4.png,image/png,800,1024,148029,,3,1631,1631,2024-05-10T18:09:41,200
3441,2024/01/2-4.png,https://prosporter.com.au/wp-content/uploads/2024/01/2-4.png,image/png,800,1024,104361,,2,1631,1631,2024-05-10T18:09:17,200
3440,2024/01/1-5.png,https://prosporter.com.au/wp-content/uploads/2024/01/1-5.png,image/png,800,1024,116681,,1,1631,1631,2024-05-10T18:08:55,200
3439,2024/01/6-3.png,https://prosporter.com.au/wp-content/uploads/2024/01/6-3.png,image/png,800,1024,325485,,6,1637,1637,2024-05-09T12:11:20,200
3438,2024/01/5-3.png,https://prosporter.com.au/wp-content/uploads/2024/01/5-3.png,image/png,800,1024,200128,,5,1637,1637,2024-05-09T12:11:07,200
3437,2024/01/4-3.png,https://prosporter.com.au/wp-content/uploads/2024/01/4-3.png,image/png,800,1024,550783,,4,1637,1637,2024-05-09T12:10:52,200
3436,2024/01/3-3.png,https://prosporter.com.au/wp-content/uploads/2024/01/3-3.png,image/png,800,1024,305947,,3,1637,1637,2024-05-09T12:10:42,200
3435,2024/01/2-3.png,https://prosporter.com.au/wp-content/uploads/2024/01/2-3.png,image/png,800,1024,414841,,2,1637,1637,2024-05-09T12:10:18,200
3434,2024/01/1-4.png,https://prosporter.com.au/wp-content/uploads/2024/01/1-4.png,image/png,800,1024,398749,,1,1637,1637,2024-05-09T12:09:50,200
3432,2024/01/8-2.png,https://prosporter.com.au/wp-content/uploads/2024/01/8-2.png,image/png,800,1024,361702,,8,1643,1643,2024-05-09T12:01:47,200
3431,2024/01/7-2.png,https://prosporter.com.au/wp-content/uploads/2024/01/7-2.png,image/png,800,1024,180297,,7,1643,1643,2024-05-09T12:01:33,200
3430,2024/01/6-2.png,https://prosporter.com.au/wp-content/uploads/2024/01/6-2.png,image/png,800,1024,318789,,6,1643,1643,2024-05-09T12:01:15,200
3429,2024/01/5-2.png,https://prosporter.com.au/wp-content/uploads/2024/01/5-2.png,image/png,800,1024,595138,,5,1643,1643,2024-05-09T12:01:00,200
3428,2024/01/4-2.png,https://prosporter.com.au/wp-content/uploads/2024/01/4-2.png,image/png,800,1024,286068,,4,1643,1643,2024-05-09T12:00:46,200
3427,2024/01/3-2.png,https://prosporter.com.au/wp-content/uploads/2024/01/3-2.png,image/png,800,1024,519706,,3,1643,1643,2024-05-09T12:00:30,200
3426,2024/01/2-2.png,https://prosporter.com.au/wp-content/uploads/2024/01/2-2.png,image/png,800,1024,407207,,2,1643,1643,2024-05-09T11:59:52,200
3425,2024/01/1-3.png,https://prosporter.com.au/wp-content/uploads/2024/01/1-3.png,image/png,800,1024,206810,,1,1643,1643,2024-05-09T11:59:28,200
3423,2024/01/2-1.png,https://prosporter.com.au/wp-content/uploads/2024/01/2-1.png,image/png,800,1024,348845,,2,1645,,2024-05-09T11:48:30,200
3422,2024/01/1-2.png,https://prosporter.com.au/wp-content/uploads/2024/01/1-2.png,image/png,800,1024,340225,,1,1645,1645,2024-05-09T11:48:09,200
3421,2024/01/1-1.png,https://prosporter.com.au/wp-content/uploads/2024/01/1-1.png,image/png,800,1024,194481,,1,1647,1647,2024-05-09T11:41:48,200
3420,2024/01/14-1.png,https://prosporter.com.au/wp-content/uploads/2024/01/14-1.png,image/png,800,1024,134219,,14,1656,1656,2024-05-09T11:37:45,200
3419,2024/01/13-1.png,https://prosporter.com.au/wp-content/uploads/2024/01/13-1.png,image/png,800,1024,135194,,13,1656,1656,2024-05-09T11:37:30,200
3418,2024/01/12-1.png,https://prosporter.com.au/wp-content/uploads/2024/01/12-1.png,image/png,800,1024,61212,,12,1656,1656,2024-05-09T11:37:16,200
3417,2024/01/11-1.png,https://prosporter.com.au/wp-content/uploads/2024/01/11-1.png,image/png,800,1024,48340,,11,1656,1656,2024-05-09T11:37:04,200
3416,2024/01/10-1.png,https://prosporter.com.au/wp-content/uploads/2024/01/10-1.png,image/png,800,1024,119480,,10,1656,1656,2024-05-09T11:36:51,200
3415,2024/01/9-1.png,https://prosporter.com.au/wp-content/uploads/2024/01/9-1.png,image/png,800,1024,178574,,9,1656,1656,2024-05-09T11:36:35,200
3414,2024/01/8-1.png,https://prosporter.com.au/wp-content/uploads/2024/01/8-1.png,image/png,800,1024,309345,,8,1656,1656,2024-05-09T11:36:23,200
3413,2024/01/7-1.png,https://prosporter.com.au/wp-content/uploads/2024/01/7-1.png,image/png,800,1024,280926,,7,1656,1656,2024-05-09T11:36:11,200
3412,2024/01/6-1.png,https://prosporter.com.au/wp-content/uploads/2024/01/6-1.png,image/png,800,1024,159456,,6,1656,1656,2024-05-09T11:35:56,200
3411,2024/01/5-1.png,https://prosporter.com.au/wp-content/uploads/2024/01/5-1.png,image/png,800,1024,103861,,5,1656,1656,2024-05-09T11:35:45,200
3410,2024/01/4-1.png,https://prosporter.com.au/wp-content/uploads/2024/01/4-1.png,image/png,800,1024,84620,,4,1656,1656,2024-05-09T11:35:33,200
3409,2024/01/3-1.png,https://prosporter.com.au/wp-content/uploads/2024/01/3-1.png,image/png,800,1024,78766,,3,1656,1656,2024-05-09T11:35:22,200
3408,2024/01/2.png,https://prosporter.com.au/wp-content/uploads/2024/01/2.png,image/png,800,1024,50892,,2,1656,1656,2024-05-09T11:35:08,200
3407,2024/01/1.png,https://prosporter.com.au/wp-content/uploads/2024/01/1.png,image/png,800,1024,50104,,1,1656,1656,2024-05-09T11:34:50,200
3405,2024/04/2-1.png,https://prosporter.com.au/wp-content/uploads/2024/04/2-1.png,image/png,1600,1600,2262937,,2,3154,3154;4031,2024-05-09T11:20:32,200
3403,2024/04/1-1.png,https://prosporter.com.au/wp-content/uploads/2024/04/1-1.png,image/png,1600,1600,2442938,,1,3173,3173,2024-05-09T11:16:02,200
3345,2024/05/Untitled-2.png,https://prosporter.com.au/wp-content/uploads/2024/05/Untitled-2.png,image/png,1204,194,79502,,Untitled-2,344,,2024-05-08T11:43:08,200
3342,2024/05/pan-xiaozhen-fHJ8MN6KO5s-unsplash.png,https://prosporter.com.au/wp-content/uploads/2024/05/pan-xiaozhen-fHJ8MN6KO5s-unsplash.png,image/png,6000,740,2116717,,pan-xiaozhen-fHJ8MN6KO5s-unsplash,344,,2024-05-08T11:37:09,200
3340,2024/01/20.png,https://prosporter.com.au/wp-content/uploads/2024/01/20.png,image/png,768,983,137290,,20,1586,1586,2024-05-07T16:39:43,200
3338,2024/01/19-1.png,https://prosporter.com.au/wp-content/uploads/2024/01/19-1.png,image/png,768,983,88657,,19,1592,1592,2024-05-07T16:36:15,200
3337,2024/01/19.png,https://prosporter.com.au/wp-content/uploads/2024/01/19.png,image/png,768,983,45405,,19,1613,1613,2024-05-07T16:31:39,200
3336,2024/01/18-1.png,https://prosporter.com.au/wp-content/uploads/2024/01/18-1.png,image/png,768,983,190088,,18,1615,1615,2024-05-07T16:29:29,200
3335,2024/01/18.png,https://prosporter.com.au/wp-content/uploads/2024/01/18.png,image/png,768,983,171987,,18,1617,1617,2024-05-07T16:26:32,200
3333,2024/01/17.png,https://prosporter.com.au/wp-content/uploads/2024/01/17.png,image/png,768,983,81134,,17,1631,1631,2024-05-07T16:23:44,200
3331,2024/01/16.png,https://prosporter.com.au/wp-content/uploads/2024/01/16.png,image/png,768,983,155250,,16,1630,1630,2024-05-07T16:19:38,200
3330,2024/01/15-1.png,https://prosporter.com.au/wp-content/uploads/2024/01/15-1.png,image/png,768,983,230977,,15,1643,1643,2024-05-07T16:15:28,200
3328,2024/01/15.png,https://prosporter.com.au/wp-content/uploads/2024/01/15.png,image/png,768,983,38069,,15,1609,1609,2024-05-07T16:11:53,200
3325,2024/01/14.png,https://prosporter.com.au/wp-content/uploads/2024/01/14.png,image/png,768,983,151149,,14,1623,1623,2024-05-07T16:09:18,200
3324,2024/01/13.png,https://prosporter.com.au/wp-content/uploads/2024/01/13.png,image/png,768,983,145149,,13,1627,1627,2024-05-07T16:05:17,200
3322,2024/01/12.png,https://prosporter.com.au/wp-content/uploads/2024/01/12.png,image/png,768,983,251058,,12,1637,1637,2024-05-07T16:00:05,200
3320,2024/01/11.png,https://prosporter.com.au/wp-content/uploads/2024/01/11.png,image/png,768,983,70575,,11,1628,,2024-05-07T15:56:40,200
3318,2024/01/10.png,https://prosporter.com.au/wp-content/uploads/2024/01/10.png,image/png,768,983,97923,,10,1626,1626,2024-05-07T15:53:21,200
3317,2024/01/9.png,https://prosporter.com.au/wp-content/uploads/2024/01/9.png,image/png,768,983,130560,,9,1625,,2024-05-07T14:37:53,200
3315,2024/01/8.png,https://prosporter.com.au/wp-content/uploads/2024/01/8.png,image/png,768,983,114698,,8,1591,1591,2024-05-07T14:34:14,200
3314,2024/01/7.png,https://prosporter.com.au/wp-content/uploads/2024/01/7.png,image/png,768,983,135461,,7,1588,1588,2024-05-07T14:31:08,200
3312,2024/01/6.png,https://prosporter.com.au/wp-content/uploads/2024/01/6.png,image/png,768,983,122361,,6,1589,,2024-05-07T14:27:47,200
3311,2024/01/5.png,https://prosporter.com.au/wp-content/uploads/2024/01/5.png,image/png,768,983,250094,,5,1645,1645,2024-05-07T14:24:09,200
3309,2024/01/4.png,https://prosporter.com.au/wp-content/uploads/2024/01/4.png,image/png,768,983,143616,,4,1647,1647,2024-05-07T14:21:13,200
3308,2024/01/3.png,https://prosporter.com.au/wp-content/uploads/2024/01/3.png,image/png,768,983,30677,,3,1656,,2024-05-07T14:18:03,200
3307,2024/04/2.png,https://prosporter.com.au/wp-content/uploads/2024/04/2.png,image/png,768,983,294345,,2,3154,3154,2024-05-07T14:16:12,200
3306,2024/04/2.jpg,https://prosporter.com.au/wp-content/uploads/2024/04/2.jpg,image/jpeg,768,983,189168,,2,3154,,2024-05-07T14:14:24,200
3302,2024/04/1.png,https://prosporter.com.au/wp-content/uploads/2024/04/1.png,image/png,768,983,263462,,1,3173,3173,2024-05-07T14:10:34,200
3278,2024/05/NINE-CM_page-0001-scaled.jpg,https://prosporter.com.au/wp-content/uploads/2024/05/NINE-CM_page-0001-scaled.jpg,image/jpeg,2219,2560,229807,,,1730,,2024-05-02T18:31:20,200
3262,2024/04/NineLogo.png,https://prosporter.com.au/wp-content/uploads/2024/04/NineLogo.png,image/png,1802,1091,9831,,NineLogo,344,,2024-04-30T15:07:10,200
3256,2024/04/fornt.png,https://prosporter.com.au/wp-content/uploads/2024/04/fornt.png,image/png,1600,615,391901,,fornt,344,,2024-04-29T12:14:42,200
3236,2024/04/volley.jpg,https://prosporter.com.au/wp-content/uploads/2024/04/volley.jpg,image/jpeg,1920,1200,230710,,volley,344,,2024-04-29T12:08:11,200
3192,2024/04/Ninesquared-zero2-black.png,https://prosporter.com.au/wp-content/uploads/2024/04/Ninesquared-zero2-black.png,image/png,800,1024,311813,,Ninesquared-zero2-black,3173,,2024-04-09T14:12:21,200
3190,2024/04/Ninesquared-zero2-black-fr-U.png,https://prosporter.com.au/wp-content/uploads/2024/04/Ninesquared-zero2-black-fr-U.png,image/png,800,1024,325255,,Ninesquared-zero2-black-fr-U,3154,,2024-04-09T14:10:49,200
3182,2024/04/18-1.jpg,https://prosporter.com.au/wp-content/uploads/2024/04/18-1.jpg,image/jpeg,2000,2000,860551,,18,3154,,2024-04-05T00:04:47,200
3175,2024/04/PantaHome_NoName_Retro.jpg,https://prosporter.com.au/wp-content/uploads/2024/04/PantaHome_NoName_Retro.jpg,image/jpeg,2000,2000,801178,,PantaHome_NoName_Retro,3173,,2024-04-04T23:24:02,200
3174,2024/04/PantaHome_NoName_Fronte.jpg,https://prosporter.com.au/wp-content/uploads/2024/04/PantaHome_NoName_Fronte.jpg,image/jpeg,2000,2000,837114,,PantaHome_NoName_Fronte,3173,,2024-04-04T23:23:38,200
3172,2024/04/21.jpg,https://prosporter.com.au/wp-content/uploads/2024/04/21.jpg,image/jpeg,2000,2000,698095,,21,3154,,2024-04-04T23:17:37,200
3171,2024/04/18.jpg,https://prosporter.com.au/wp-content/uploads/2024/04/18.jpg,image/jpeg,2000,2000,698899,,18,3154,3154,2024-04-04T23:17:12,200
3157,2024/04/thumb1024_ninesquared-settemantshirt-det2-m.jpg,https://prosporter.com.au/wp-content/uploads/2024/04/thumb1024_ninesquared-settemantshirt-det2-m.jpg,image/jpeg,800,1024,131781,,thumb1024_ninesquared-settemantshirt-det2-m,3154,3154,2024-04-04T22:07:20,200
3156,2024/04/thumb1024_ninesquared-settemantshirt-det1-m.jpg,https://prosporter.com.au/wp-content/uploads/2024/04/thumb1024_ninesquared-settemantshirt-det1-m.jpg,image/jpeg,800,1024,81526,,thumb1024_ninesquared-settemantshirt-det1-m,3154,3154,2024-04-04T22:07:09,200
3155,2024/04/thumb1024_ninesquared-sette-top-fr2-M.jpg,https://prosporter.com.au/wp-content/uploads/2024/04/thumb1024_ninesquared-sette-top-fr2-M.jpg,image/jpeg,800,1024,54958,,thumb1024_ninesquared-sette-top-fr2-M,3154,,2024-04-04T22:06:59,200
3152,2024/01/thumb1024_ninesquared-center-grey-fr-M.jpg,https://prosporter.com.au/wp-content/uploads/2024/01/thumb1024_ninesquared-center-grey-fr-M.jpg,image/jpeg,800,1024,64329,,thumb1024_ninesquared-center-grey-fr-M,1594,1594,2024-03-29T20:13:34,200
3151,2024/01/thumb1024_ninesquared-center-grey-bk-M.jpg,https://prosporter.com.au/wp-content/uploads/2024/01/thumb1024_ninesquared-center-grey-bk-M.jpg,image/jpeg,800,1024,64766,,thumb1024_ninesquared-center-grey-bk-M,1594,1594,2024-03-29T20:13:25,200
3150,2024/01/thumb1024_ninesquared-center-black-fr-M.jpg,https://prosporter.com.au/wp-content/uploads/2024/01/thumb1024_ninesquared-center-black-fr-M.jpg,image/jpeg,800,1024,48039,,thumb1024_ninesquared-center-black-fr-M,1594,1594,2024-03-29T20:13:15,200
3149,2024/01/thumb1024_ninesquared-center-black-bk-M.jpg,https://prosporter.com.au/wp-content/uploads/2024/01/thumb1024_ninesquared-center-black-bk-M.jpg,image/jpeg,800,1024,40881,,thumb1024_ninesquared-center-black-bk-M,1594,1594,2024-03-29T20:13:05,200
3147,2024/01/thumb1024_ninesquared-baldo-pants-blue-navy-fr-U.jpg,https://prosporter.com.au/wp-content/uploads/2024/01/thumb1024_ninesquared-baldo-pants-blue-navy-fr-U.jpg,image/jpeg,800,1024,22831,,thumb1024_ninesquared-baldo-pants-blue-navy-fr-U,1592,,2024-03-29T20:10:41,200
3146,2024/01/thumb1024_ninesquared-baldo-pants-blue-navy-bk-U.jpg,https://prosporter.com.au/wp-content/uploads/2024/01/thumb1024_ninesquared-baldo-pants-blue-navy-bk-U.jpg,image/jpeg,800,1024,20364,,thumb1024_ninesquared-baldo-pants-blue-navy-bk-U,1592,,2024-03-29T20:10:32,200
3145,2024/01/thumb1024_ninesquared-baldo-pants-black-fr-U.jpg,https://prosporter.com.au/wp-content/uploads/2024/01/thumb1024_ninesquared-baldo-pants-black-fr-U.jpg,image/jpeg,800,1024,21881,,thumb1024_ninesquared-baldo-pants-black-fr-U,1592,,2024-03-29T20:10:22,200
3144,2024/01/thumb1024_ninesquared-baldo-pants-black-bk-U.jpg,https://prosporter.com.au/wp-content/uploads/2024/01/thumb1024_ninesquared-baldo-pants-black-bk-U.jpg,image/jpeg,800,1024,19422,,thumb1024_ninesquared-baldo-pants-black-bk-U,1592,,2024-03-29T20:10:13,200
3143,2024/01/thumb1024_ninesquared-baldo-hoodie-red-fr-U.jpg,https://prosporter.com.au/wp-content/uploads/2024/01/thumb1024_ninesquared-baldo-hoodie-red-fr-U.jpg,image/jpeg,800,1024,53667,,thumb1024_ninesquared-baldo-hoodie-red-fr-U,1588,,2024-03-29T19:19:59,200
3142,2024/01/thumb1024_ninesquared-baldo-hoodie-red-bk-U.jpg,https://prosporter.com.au/wp-content/uploads/2024/01/thumb1024_ninesquared-baldo-hoodie-red-bk-U.jpg,image/jpeg,800,1024,47735,,thumb1024_ninesquared-baldo-hoodie-red-bk-U,1588,,2024-03-29T19:19:50,200
3141,2024/01/thumb1024_ninesquared-baldo-hoodie-blue-navy-fr-U.jpg,https://prosporter.com.au/wp-content/uploads/2024/01/thumb1024_ninesquared-baldo-hoodie-blue-navy-fr-U.jpg,image/jpeg,800,1024,32060,,thumb1024_ninesquared-baldo-hoodie-blue-navy-fr-U,1588,,2024-03-29T19:19:41,200
3140,2024/01/thumb1024_ninesquared-baldo-hoodie-blue-navy-bk-U.jpg,https://prosporter.com.au/wp-content/uploads/2024/01/thumb1024_ninesquared-baldo-hoodie-blue-navy-bk-U.jpg,image/jpeg,800,1024,27223,,thumb1024_ninesquared-baldo-hoodie-blue-navy-bk-U,1588,,2024-03-29T19:19:33,200
3139,2024/01/thumb1024_ninesquared-baldo-hoodie-black-fr-U.jpg,https://prosporter.com.au/wp-content/uploads/2024/01/thumb1024_ninesquared-baldo-hoodie-black-fr-U.jpg,image/jpeg,800,1024,30579,,thumb1024_ninesquared-baldo-hoodie-black-fr-U,1588,,2024-03-29T19:19:24,200
3138,2024/01/thumb1024_ninesquared-baldo-hoodie-black-bk-U.jpg,https://prosporter.com.au/wp-content/uploads/2024/01/thumb1024_ninesquared-baldo-hoodie-black-bk-U.jpg,image/jpeg,800,1024,25503,,thumb1024_ninesquared-baldo-hoodie-black-bk-U,1588,,2024-03-29T19:19:15,200
3137,2024/01/thumb1024_ninesquared-manicotto-white.jpg,https://prosporter.com.au/wp-content/uploads/2024/01/thumb1024_ninesquared-manicotto-white.jpg,image/jpeg,800,1024,34112,,thumb1024_ninesquared-manicotto-white,1584,1584,2024-03-29T19:16:49,200
3136,2024/01/thumb1024_ninesquared-manicotto-red.jpg,https://prosporter.com.au/wp-content/uploads/2024/01/thumb1024_ninesquared-manicotto-red.jpg,image/jpeg,800,1024,44963,,thumb1024_ninesquared-manicotto-red,1584,,2024-03-29T19:16:41,200
3135,2024/01/thumb1024_ninesquared-manicotto-navy.jpg,https://prosporter.com.au/wp-content/uploads/2024/01/thumb1024_ninesquared-manicotto-navy.jpg,image/jpeg,800,1024,46030,,thumb1024_ninesquared-manicotto-navy,1584,1584,2024-03-29T19:16:31,200
3134,2024/01/thumb1024_ninesquared-manicotto-black.jpg,https://prosporter.com.au/wp-content/uploads/2024/01/thumb1024_ninesquared-manicotto-black.jpg,image/jpeg,800,1024,46786,,thumb1024_ninesquared-manicotto-black,1584,1584,2024-03-29T19:16:22,200
3063,2024/03/COLLECTION-BANNER-1-1-3.png,https://prosporter.com.au/wp-content/uploads/2024/03/COLLECTION-BANNER-1-1-3.png,image/png,800,419,118678,,COLLECTION-BANNER-1----,344,,2024-03-28T17:31:32,200
3062,2024/03/COLLECTION-BANNER-1-1-2.png,https://prosporter.com.au/wp-content/uploads/2024/03/COLLECTION-BANNER-1-1-2.png,image/png,800,419,116360,,COLLECTION-BANNER-1---,344,,2024-03-28T17:30:54,200
3061,2024/03/COLLECTION-BANNER-1-1-1.png,https://prosporter.com.au/wp-content/uploads/2024/03/COLLECTION-BANNER-1-1-1.png,image/png,800,419,116327,,COLLECTION-BANNER-1--,344,,2024-03-28T17:29:59,200
3060,2024/03/COLLECTION-BANNER-1-.png,https://prosporter.com.au/wp-content/uploads/2024/03/COLLECTION-BANNER-1-.png,image/png,800,419,116328,,COLLECTION-BANNER-1-,344,,2024-03-28T17:28:59,200
3058,2024/03/COLLECTION-BANNER-1.png,https://prosporter.com.au/wp-content/uploads/2024/03/COLLECTION-BANNER-1.png,image/png,800,419,81190,,COLLECTION-BANNER-1,344,,2024-03-28T17:26:42,200
3033,2024/03/HomepageMobileCollection.png,https://prosporter.com.au/wp-content/uploads/2024/03/HomepageMobileCollection.png,image/png,994,404,34133,,HomepageMobileCollection,344,,2024-03-28T16:23:22,200
2934,2024/03/ExploreShop.png,https://prosporter.com.au/wp-content/uploads/2024/03/ExploreShop.png,image/png,790,308,12843,,ExploreShop,314,,2024-03-28T15:18:36,200
2923,2024/01/thumb1024_ninesquared-elbow-pads-white-1.jpg,https://prosporter.com.au/wp-content/uploads/2024/01/thumb1024_ninesquared-elbow-pads-white-1.jpg,image/jpeg,800,1024,20933,elbow-pads-white,elbow-pads-white,1607,1607,2024-03-26T19:17:11,200
2922,2024/01/thumb1024_ninesquared-elbow-pads-red-1.jpg,https://prosporter.com.au/wp-content/uploads/2024/01/thumb1024_ninesquared-elbow-pads-red-1.jpg,image/jpeg,800,1024,28718,,thumb1024_ninesquared-elbow-pads-red,1607,1607,2024-03-26T19:17:01,200
2921,2024/01/thumb1024_ninesquared-elbow-pads-blu-1.jpg,https://prosporter.com.au/wp-content/uploads/2024/01/thumb1024_ninesquared-elbow-pads-blu-1.jpg,image/jpeg,800,1024,30090,elbow-pads-navy,elbow-pads-navy,1607,1607,2024-03-26T19:16:53,200
2920,2024/01/thumb1024_ninesquared-elbow-pads-black-1.jpg,https://prosporter.com.au/wp-content/uploads/2024/01/thumb1024_ninesquared-elbow-pads-black-1.jpg,image/jpeg,800,1024,32936,ninesquared-elbow-pads-black,ninesquared-elbow-pads-black,1607,1607,2024-03-26T19:16:44,200
2919,2024/01/thumb1024_ninesquared-jump-blue-navy-sd-U.jpg,https://prosporter.com.au/wp-content/uploads/2024/01/thumb1024_ninesquared-jump-blue-navy-sd-U.jpg,image/jpeg,788,1024,25196,NINE Jump Socks Navy,NINE Jump Socks Navy,1613,,2024-03-26T19:12:41,200
2918,2024/01/thumb1024_ninesquared-jump-blue-navy-bk-U.jpg,https://prosporter.com.au/wp-content/uploads/2024/01/thumb1024_ninesquared-jump-blue-navy-bk-U.jpg,image/jpeg,788,1024,22678,NINE Jump Socks Navy,NINE Jump Socks Navy,1613,,2024-03-26T19:12:33,200
2917,2024/01/thumb1024_ninesquared-jump-black-sd-U.jpg,https://prosporter.com.au/wp-content/uploads/2024/01/thumb1024_ninesquared-jump-black-sd-U.jpg,image/jpeg,788,1024,24857,NINE Jump Socks Black,NINE Jump Socks Black,1613,,2024-03-26T19:12:23,200
2916,2024/01/thumb1024_ninesquared-jump-black-bk-U.jpg,https://prosporter.com.au/wp-content/uploads/2024/01/thumb1024_ninesquared-jump-black-bk-U.jpg,image/jpeg,788,1024,22489,NINE Jump Socks Black,NINE Jump Socks Black,1613,,2024-03-26T19:12:14,200
2911,2024/03/Banner-ProSporter.jpg,https://prosporter.com.au/wp-content/uploads/2024/03/Banner-ProSporter.jpg,image/jpeg,1600,536,126807,,Banner-ProSporter,314,,2024-03-26T14:28:36,200
2910,2024/01/thumb1024_ninesquared-jump-spin-blue-navy-sd-U.jpg,https://prosporter.com.au/wp-content/uploads/2024/01/thumb1024_ninesquared-jump-spin-blue-navy-sd-U.jpg,image/jpeg,800,1024,33400,NINE Jump Spin Socks Navy,NINE Jump Spin Socks Navy,1614,,2024-03-26T14:08:06,200
2909,2024/01/thumb1024_ninesquared-jump-spin-blue-navy-bk-U.jpg,https://prosporter.com.au/wp-content/uploads/2024/01/thumb1024_ninesquared-jump-spin-blue-navy-bk-U.jpg,image/jpeg,800,1024,33164,NINE Jump Spin Socks Navy,NINE Jump Spin Socks Navy-jump-spin-blue-navy-bk-U,1614,,2024-03-26T14:07:57,200
2908,2024/01/thumb1024_ninesquared-jump-spin-black-sd-U.jpg,https://prosporter.com.au/wp-content/uploads/2024/01/thumb1024_ninesquared-jump-spin-black-sd-U.jpg,image/jpeg,788,1024,31992,NINE Jump Spin Socks Black,NINE Jump Spin Socks Black,1614,,2024-03-26T14:07:48,200
2907,2024/01/thumb1024_ninesquared-jump-spin-black-bk-U.jpg,https://prosporter.com.au/wp-content/uploads/2024/01/thumb1024_ninesquared-jump-spin-black-bk-U.jpg,image/jpeg,788,1024,23087,NINE Jump Spin Socks Black,NINE Jump Spin Socks Black,1614,,2024-03-26T14:07:38,200
2906,2024/01/thumb1024_ninesquared-pipe2-yellow-bk-M.jpg,https://prosporter.com.au/wp-content/uploads/2024/01/thumb1024_ninesquared-pipe2-yellow-bk-M.jpg,image/jpeg,800,1024,20114,,thumb1024_ninesquared-pipe2-yellow-bk-M,1625,,2024-03-26T14:02:01,200
2905,2024/01/thumb1024_ninesquared-pipe2-white-fr-M.jpg,https://prosporter.com.au/wp-content/uploads/2024/01/thumb1024_ninesquared-pipe2-white-fr-M.jpg,image/jpeg,800,1024,19175,,thumb1024_ninesquared-pipe2-white-fr-M,1625,,2024-03-26T14:01:52,200
2904,2024/01/thumb1024_ninesquared-pipe2-white-bk-M.jpg,https://prosporter.com.au/wp-content/uploads/2024/01/thumb1024_ninesquared-pipe2-white-bk-M.jpg,image/jpeg,800,1024,13500,,thumb1024_ninesquared-pipe2-white-bk-M,1625,,2024-03-26T14:01:43,200
2903,2024/01/thumb1024_ninesquared-pipe2-royal-blue-fr-M.jpg,https://prosporter.com.au/wp-content/uploads/2024/01/thumb1024_ninesquared-pipe2-royal-blue-fr-M.jpg,image/jpeg,800,1024,33390,,thumb1024_ninesquared-pipe2-royal-blue-fr-M,1625,,2024-03-26T14:01:33,200
2902,2024/01/thumb1024_ninesquared-pipe2-royal-blue-bk-M.jpg,https://prosporter.com.au/wp-content/uploads/2024/01/thumb1024_ninesquared-pipe2-royal-blue-bk-M.jpg,image/jpeg,800,1024,20591,,thumb1024_ninesquared-pipe2-royal-blue-bk-M,1625,,2024-03-26T14:01:23,200
2901,2024/01/thumb1024_ninesquared-pipe2-red-fr-M.jpg,https://prosporter.com.au/wp-content/uploads/2024/01/thumb1024_ninesquared-pipe2-red-fr-M.jpg,image/jpeg,800,1024,42330,,thumb1024_ninesquared-pipe2-red-fr-M,1625,,2024-03-26T14:01:14,200
2900,2024/01/thumb1024_ninesquared-pipe2-red-bk-M.jpg,https://prosporter.com.au/wp-content/uploads/2024/01/thumb1024_ninesquared-pipe2-red-bk-M.jpg,image/jpeg,800,1024,26781,,thumb1024_ninesquared-pipe2-red-bk-M,1625,,2024-03-26T14:01:05,200
2899,2024/01/thumb1024_ninesquared-pipe2-blue-navy-fr-M.jpg,https://prosporter.com.au/wp-content/uploads/2024/01/thumb1024_ninesquared-pipe2-blue-navy-fr-M.jpg,image/jpeg,800,1024,26347,,thumb1024_ninesquared-pipe2-blue-navy-fr-M,1625,,2024-03-26T14:00:55,200
2898,2024/01/thumb1024_ninesquared-pipe2-blue-navy-bk-M.jpg,https://prosporter.com.au/wp-content/uploads/2024/01/thumb1024_ninesquared-pipe2-blue-navy-bk-M.jpg,image/jpeg,800,1024,22793,,thumb1024_ninesquared-pipe2-blue-navy-bk-M,1625,,2024-03-26T14:00:46,200
2897,2024/01/thumb1024_ninesquared-pipe2-black-fr-M.jpg,https://prosporter.com.au/wp-content/uploads/2024/01/thumb1024_ninesquared-pipe2-black-fr-M.jpg,image/jpeg,800,1024,36046,,thumb1024_ninesquared-pipe2-black-fr-M,1625,,2024-03-26T14:00:36,200
2896,2024/01/thumb1024_ninesquared-pipe2-black-bk-M.jpg,https://prosporter.com.au/wp-content/uploads/2024/01/thumb1024_ninesquared-pipe2-black-bk-M.jpg,image/jpeg,800,1024,22838,,thumb1024_ninesquared-pipe2-black-bk-M,1625,,2024-03-26T14:00:27,200
2895,2024/01/thumb1024_ninesquared-pipe2-white-fr-W.jpg,https://prosporter.com.au/wp-content/uploads/2024/01/thumb1024_ninesquared-pipe2-white-fr-W.jpg,image/jpeg,800,1024,18910,,thumb1024_ninesquared-pipe2-white-fr-W,1626,,2024-03-26T13:44:16,200
2894,2024/01/thumb1024_ninesquared-pipe2-white-bk-W.jpg,https://prosporter.com.au/wp-content/uploads/2024/01/thumb1024_ninesquared-pipe2-white-bk-W.jpg,image/jpeg,800,1024,14891,,thumb1024_ninesquared-pipe2-white-bk-W,1626,,2024-03-26T13:44:07,200
2893,2024/01/thumb1024_ninesquared-pipe2-royal-blue-fr-W.jpg,https://prosporter.com.au/wp-content/uploads/2024/01/thumb1024_ninesquared-pipe2-royal-blue-fr-W.jpg,image/jpeg,800,1024,22496,,thumb1024_ninesquared-pipe2-royal-blue-fr-W,1626,,2024-03-26T13:43:58,200
2892,2024/01/thumb1024_ninesquared-pipe2-royal-blue-bk-W.jpg,https://prosporter.com.au/wp-content/uploads/2024/01/thumb1024_ninesquared-pipe2-royal-blue-bk-W.jpg,image/jpeg,800,1024,20085,,thumb1024_ninesquared-pipe2-royal-blue-bk-W,1626,,2024-03-26T13:43:49,200
2891,2024/01/thumb1024_ninesquared-pipe2-red-bk-W0.jpg,https://prosporter.com.au/wp-content/uploads/2024/01/thumb1024_ninesquared-pipe2-red-bk-W0.jpg,image/jpeg,800,1024,24542,,thumb1024_ninesquared-pipe2-red-bk-W0,1626,,2024-03-26T13:43:40,200
2890,2024/01/thumb1024_ninesquared-pipe2-red-bk-W.jpg,https://prosporter.com.au/wp-content/uploads/2024/01/thumb1024_ninesquared-pipe2-red-bk-W.jpg,image/jpeg,800,1024,24542,,thumb1024_ninesquared-pipe2-red-bk-W,1626,,2024-03-26T13:43:31,200
2889,2024/01/thumb1024_ninesquared-pipe2-blue-navy-fr-W.jpg,https://prosporter.com.au/wp-content/uploads/2024/01/thumb1024_ninesquared-pipe2-blue-navy-fr-W.jpg,image/jpeg,800,1024,21793,,thumb1024_ninesquared-pipe2-blue-navy-fr-W,1626,,2024-03-26T13:43:21,200
2888,2024/01/thumb1024_ninesquared-pipe2-blue-navy-bk-W.jpg,https://prosporter.com.au/wp-content/uploads/2024/01/thumb1024_ninesquared-pipe2-blue-navy-bk-W.jpg,image/jpeg,800,1024,19776,,thumb1024_ninesquared-pipe2-blue-navy-bk-W,1626,,2024-03-26T13:43:12,200
2887,2024/01/thumb1024_ninesquared-pipe2-black-fr-W.jpg,https://prosporter.com.au/wp-content/uploads/2024/01/thumb1024_ninesquared-pipe2-black-fr-W.jpg,image/jpeg,800,1024,27543,,thumb1024_ninesquared-pipe2-black-fr-W,1626,,2024-03-26T13:43:03,200
2886,2024/01/thumb1024_ninesquared-pipe2-black-bk-W.jpg,https://prosporter.com.au/wp-content/uploads/2024/01/thumb1024_ninesquared-pipe2-black-bk-W.jpg,image/jpeg,800,1024,24942,,thumb1024_ninesquared-pipe2-black-bk-W,1626,,2024-03-26T13:42:54,200
2884,2024/01/thumb1024_ninesquared-ponale-jacket-red-fr-U.jpg,https://prosporter.com.au/wp-content/uploads/2024/01/thumb1024_ninesquared-ponale-jacket-red-fr-U.jpg,image/jpeg,800,1024,53474,,thumb1024_ninesquared-ponale-jacket-red-fr-U,1627,,2024-03-26T13:32:27,200
2883,2024/01/thumb1024_ninesquared-ponale-jacket-red-bk-U.jpg,https://prosporter.com.au/wp-content/uploads/2024/01/thumb1024_ninesquared-ponale-jacket-red-bk-U.jpg,image/jpeg,800,1024,40053,,thumb1024_ninesquared-ponale-jacket-red-bk-U,1627,,2024-03-26T13:32:18,200
2882,2024/01/thumb1024_ninesquared-ponale-jacket-blue-navy-fr-U.jpg,https://prosporter.com.au/wp-content/uploads/2024/01/thumb1024_ninesquared-ponale-jacket-blue-navy-fr-U.jpg,image/jpeg,800,1024,39646,,thumb1024_ninesquared-ponale-jacket-blue-navy-fr-U,1627,,2024-03-26T13:32:09,200
2881,2024/01/thumb1024_ninesquared-ponale-jacket-blue-navy-bk-U.jpg,https://prosporter.com.au/wp-content/uploads/2024/01/thumb1024_ninesquared-ponale-jacket-blue-navy-bk-U.jpg,image/jpeg,800,1024,29024,,thumb1024_ninesquared-ponale-jacket-blue-navy-bk-U,1627,,2024-03-26T13:32:00,200
2880,2024/01/thumb1024_ninesquared-ponale-jacket-black-fr-U.jpg,https://prosporter.com.au/wp-content/uploads/2024/01/thumb1024_ninesquared-ponale-jacket-black-fr-U.jpg,image/jpeg,800,1024,36197,,thumb1024_ninesquared-ponale-jacket-black-fr-U,1627,,2024-03-26T13:31:51,200
2879,2024/01/thumb1024_ninesquared-ponale-jacket-black-bk-U.jpg,https://prosporter.com.au/wp-content/uploads/2024/01/thumb1024_ninesquared-ponale-jacket-black-bk-U.jpg,image/jpeg,800,1024,26564,,thumb1024_ninesquared-ponale-jacket-black-bk-U,1627,,2024-03-26T13:31:42,200
2878,2024/01/thumb1024_ninesquared-ponale-pants-blue-navy-fr-U.jpg,https://prosporter.com.au/wp-content/uploads/2024/01/thumb1024_ninesquared-ponale-pants-blue-navy-fr-U.jpg,image/jpeg,800,1024,35041,,thumb1024_ninesquared-ponale-pants-blue-navy-fr-U,1628,,2024-03-26T13:28:46,200
2877,2024/01/thumb1024_ninesquared-ponale-pants-blue-navy-bk-U.jpg,https://prosporter.com.au/wp-content/uploads/2024/01/thumb1024_ninesquared-ponale-pants-blue-navy-bk-U.jpg,image/jpeg,800,1024,34966,,thumb1024_ninesquared-ponale-pants-blue-navy-bk-U,1628,,2024-03-26T13:28:37,200
2876,2024/01/thumb1024_ninesquared-ponale-pants-black-fr-U.jpg,https://prosporter.com.au/wp-content/uploads/2024/01/thumb1024_ninesquared-ponale-pants-black-fr-U.jpg,image/jpeg,800,1024,33623,,thumb1024_ninesquared-ponale-pants-black-fr-U,1628,,2024-03-26T13:28:27,200
2875,2024/01/thumb1024_ninesquared-ponale-pants-black-bk-U.jpg,https://prosporter.com.au/wp-content/uploads/2024/01/thumb1024_ninesquared-ponale-pants-black-bk-U.jpg,image/jpeg,800,1024,33726,,thumb1024_ninesquared-ponale-pants-black-bk-U,1628,,2024-03-26T13:28:18,200
2873,2024/01/thumb1024_ninesquared-ponale-sweater-red-fr-U.jpg,https://prosporter.com.au/wp-content/uploads/2024/01/thumb1024_ninesquared-ponale-sweater-red-fr-U.jpg,image/jpeg,800,1024,47049,,thumb1024_ninesquared-ponale-sweater-red-fr-U,1630,,2024-03-26T13:22:16,200
2872,2024/01/thumb1024_ninesquared-ponale-sweater-red-bk-U.jpg,https://prosporter.com.au/wp-content/uploads/2024/01/thumb1024_ninesquared-ponale-sweater-red-bk-U.jpg,image/jpeg,800,1024,43268,,thumb1024_ninesquared-ponale-sweater-red-bk-U,1630,,2024-03-26T13:22:06,200
2871,2024/01/thumb1024_ninesquared-ponale-sweater-blue-navy-fr-U.jpg,https://prosporter.com.au/wp-content/uploads/2024/01/thumb1024_ninesquared-ponale-sweater-blue-navy-fr-U.jpg,image/jpeg,800,1024,39119,,thumb1024_ninesquared-ponale-sweater-blue-navy-fr-U,1630,,2024-03-26T13:21:56,200
2870,2024/01/thumb1024_ninesquared-ponale-sweater-blue-navy-bk-U.jpg,https://prosporter.com.au/wp-content/uploads/2024/01/thumb1024_ninesquared-ponale-sweater-blue-navy-bk-U.jpg,image/jpeg,800,1024,35389,,thumb1024_ninesquared-ponale-sweater-blue-navy-bk-U,1630,,2024-03-26T13:21:47,200
2869,2024/01/thumb1024_ninesquared-ponale-sweater-black-fr-U.jpg,https://prosporter.com.au/wp-content/uploads/2024/01/thumb1024_ninesquared-ponale-sweater-black-fr-U.jpg,image/jpeg,800,1024,37998,,thumb1024_ninesquared-ponale-sweater-black-fr-U,1630,,2024-03-26T13:21:38,200
2868,2024/01/thumb1024_ninesquared-ponale-sweater-black-bk-U.jpg,https://prosporter.com.au/wp-content/uploads/2024/01/thumb1024_ninesquared-ponale-sweater-black-bk-U.jpg,image/jpeg,800,1024,34190,,thumb1024_ninesquared-ponale-sweater-black-bk-U,1630,,2024-03-26T13:21:29,200
2867,2024/01/thumb1024_ninesquared-quick2-royal-blue-fr-U.jpg,https://prosporter.com.au/wp-content/uploads/2024/01/thumb1024_ninesquared-quick2-royal-blue-fr-U.jpg,image/jpeg,800,1024,26401,,thumb1024_ninesquared-quick2-royal-blue-fr-U,1631,,2024-03-25T22:01:02,200
2866,2024/01/thumb1024_ninesquared-quick2-royal-blue-bk-U.jpg,https://prosporter.com.au/wp-content/uploads/2024/01/thumb1024_ninesquared-quick2-royal-blue-bk-U.jpg,image/jpeg,800,1024,27510,,thumb1024_ninesquared-quick2-royal-blue-bk-U,1631,,2024-03-25T22:00:53,200
2865,2024/01/thumb1024_ninesquared-quick2-red-fr-U.jpg,https://prosporter.com.au/wp-content/uploads/2024/01/thumb1024_ninesquared-quick2-red-fr-U.jpg,image/jpeg,800,1024,20635,,thumb1024_ninesquared-quick2-red-fr-U,1631,,2024-03-25T22:00:44,200
2864,2024/01/thumb1024_ninesquared-quick2-red-bk-U.jpg,https://prosporter.com.au/wp-content/uploads/2024/01/thumb1024_ninesquared-quick2-red-bk-U.jpg,image/jpeg,800,1024,20002,,thumb1024_ninesquared-quick2-red-bk-U,1631,,2024-03-25T22:00:34,200
2863,2024/01/thumb1024_ninesquared-quick2-blue-navy-fr-U.jpg,https://prosporter.com.au/wp-content/uploads/2024/01/thumb1024_ninesquared-quick2-blue-navy-fr-U.jpg,image/jpeg,800,1024,23485,,thumb1024_ninesquared-quick2-blue-navy-fr-U,1631,,2024-03-25T22:00:24,200
2862,2024/01/thumb1024_ninesquared-quick2-blue-navy-bk-U.jpg,https://prosporter.com.au/wp-content/uploads/2024/01/thumb1024_ninesquared-quick2-blue-navy-bk-U.jpg,image/jpeg,800,1024,23876,,thumb1024_ninesquared-quick2-blue-navy-bk-U,1631,,2024-03-25T22:00:12,200
2861,2024/01/thumb1024_ninesquared-quick2-black-fr-U.jpg,https://prosporter.com.au/wp-content/uploads/2024/01/thumb1024_ninesquared-quick2-black-fr-U.jpg,image/jpeg,800,1024,24294,,thumb1024_ninesquared-quick2-black-fr-U,1631,,2024-03-25T22:00:02,200
2860,2024/01/thumb1024_ninesquared-quick2-black-bk-U.jpg,https://prosporter.com.au/wp-content/uploads/2024/01/thumb1024_ninesquared-quick2-black-bk-U.jpg,image/jpeg,800,1024,26521,,thumb1024_ninesquared-quick2-black-bk-U,1631,,2024-03-25T21:59:51,200
2858,2024/01/thumb1024_ninesquared-slide-red-fr-M.jpg,https://prosporter.com.au/wp-content/uploads/2024/01/thumb1024_ninesquared-slide-red-fr-M.jpg,image/jpeg,800,1024,48645,,thumb1024_ninesquared-slide-red-fr-M,1639,,2024-03-25T21:16:53,200
2857,2024/01/thumb1024_ninesquared-slide-grey-fr-M.jpg,https://prosporter.com.au/wp-content/uploads/2024/01/thumb1024_ninesquared-slide-grey-fr-M.jpg,image/jpeg,800,1024,68402,,thumb1024_ninesquared-slide-grey-fr-M,1639,,2024-03-25T21:16:43,200
2856,2024/01/thumb1024_ninesquared-slide-blue-navy-fr-M.jpg,https://prosporter.com.au/wp-content/uploads/2024/01/thumb1024_ninesquared-slide-blue-navy-fr-M.jpg,image/jpeg,800,1024,42031,,thumb1024_ninesquared-slide-blue-navy-fr-M,1639,,2024-03-25T21:16:33,200
2855,2024/01/thumb1024_ninesquared-slide-black-fr-M.jpg,https://prosporter.com.au/wp-content/uploads/2024/01/thumb1024_ninesquared-slide-black-fr-M.jpg,image/jpeg,800,1024,46191,,thumb1024_ninesquared-slide-black-fr-M,1639,,2024-03-25T21:16:23,200
2854,2024/01/thumb1024_ninesquared-zero2-yellow-fr-U.jpg,https://prosporter.com.au/wp-content/uploads/2024/01/thumb1024_ninesquared-zero2-yellow-fr-U.jpg,image/jpeg,800,1024,38152,,thumb1024_ninesquared-zero2-yellow-fr-U,1656,1656,2024-03-25T21:04:04,200
2853,2024/01/thumb1024_ninesquared-zero2-yellow-bk-U.jpg,https://prosporter.com.au/wp-content/uploads/2024/01/thumb1024_ninesquared-zero2-yellow-bk-U.jpg,image/jpeg,800,1024,17311,,thumb1024_ninesquared-zero2-yellow-bk-U,1656,,2024-03-25T21:03:54,200
2852,2024/01/thumb1024_ninesquared-zero2-white-fr-U.jpg,https://prosporter.com.au/wp-content/uploads/2024/01/thumb1024_ninesquared-zero2-white-fr-U.jpg,image/jpeg,800,1024,12845,,thumb1024_ninesquared-zero2-white-fr-U,1656,,2024-03-25T21:03:43,200
2851,2024/01/thumb1024_ninesquared-zero2-white-bk-U.jpg,https://prosporter.com.au/wp-content/uploads/2024/01/thumb1024_ninesquared-zero2-white-bk-U.jpg,image/jpeg,800,1024,10448,,thumb1024_ninesquared-zero2-white-bk-U,1656,,2024-03-25T21:03:33,200
2850,2024/01/thumb1024_ninesquared-zero2-red-fr-U.jpg,https://prosporter.com.au/wp-content/uploads/2024/01/thumb1024_ninesquared-zero2-red-fr-U.jpg,image/jpeg,800,1024,19879,,thumb1024_ninesquared-zero2-red-fr-U,1656,,2024-03-25T21:03:24,200
2849,2024/01/thumb1024_ninesquared-zero2-red-bk-U.jpg,https://prosporter.com.au/wp-content/uploads/2024/01/thumb1024_ninesquared-zero2-red-bk-U.jpg,image/jpeg,800,1024,24932,,thumb1024_ninesquared-zero2-red-bk-U,1656,,2024-03-25T21:03:14,200
2848,2024/01/thumb1024_ninesquared-zero2-grey-fr-U.jpg,https://prosporter.com.au/wp-content/uploads/2024/01/thumb1024_ninesquared-zero2-grey-fr-U.jpg,image/jpeg,800,1024,59198,,thumb1024_ninesquared-zero2-grey-fr-U,1656,,2024-03-25T21:03:04,200
2847,2024/01/thumb1024_ninesquared-zero2-grey-bk-U.jpg,https://prosporter.com.au/wp-content/uploads/2024/01/thumb1024_ninesquared-zero2-grey-bk-U.jpg,image/jpeg,800,1024,49600,,thumb1024_ninesquared-zero2-grey-bk-U,1656,,2024-03-25T21:02:54,200
2846,2024/01/thumb1024_ninesquared-zero2-blue-royal-fr-U.jpg,https://prosporter.com.au/wp-content/uploads/2024/01/thumb1024_ninesquared-zero2-blue-royal-fr-U.jpg,image/jpeg,800,1024,23330,,thumb1024_ninesquared-zero2-blue-royal-fr-U,1656,,2024-03-25T21:02:45,200
2845,2024/01/thumb1024_ninesquared-zero2-blue-royal-bk-U.jpg,https://prosporter.com.au/wp-content/uploads/2024/01/thumb1024_ninesquared-zero2-blue-royal-bk-U.jpg,image/jpeg,800,1024,17352,,thumb1024_ninesquared-zero2-blue-royal-bk-U,1656,,2024-03-25T21:02:36,200
2844,2024/01/thumb1024_ninesquared-zero2-blue-navy-fr-U.jpg,https://prosporter.com.au/wp-content/uploads/2024/01/thumb1024_ninesquared-zero2-blue-navy-fr-U.jpg,image/jpeg,800,1024,17222,,thumb1024_ninesquared-zero2-blue-navy-fr-U,1656,1656,2024-03-25T21:02:25,200
2843,2024/01/thumb1024_ninesquared-zero2-blue-navy-bk-U.jpg,https://prosporter.com.au/wp-content/uploads/2024/01/thumb1024_ninesquared-zero2-blue-navy-bk-U.jpg,image/jpeg,800,1024,16074,,thumb1024_ninesquared-zero2-blue-navy-bk-U,1656,,2024-03-25T21:02:15,200
2842,2024/01/thumb1024_ninesquared-zero2-black-fr-U.jpg,https://prosporter.com.au/wp-content/uploads/2024/01/thumb1024_ninesquared-zero2-black-fr-U.jpg,image/jpeg,800,1024,15866,,thumb1024_ninesquared-zero2-black-fr-U,1656,,2024-03-25T21:02:04,200
2841,2024/01/thumb1024_ninesquared-zero2-black-bk-U.jpg,https://prosporter.com.au/wp-content/uploads/2024/01/thumb1024_ninesquared-zero2-black-bk-U.jpg,image/jpeg,800,1024,15044,,thumb1024_ninesquared-zero2-black-bk-U,1656,,2024-03-25T21:01:55,200
2839,2024/01/thumb1024_ninesquared-stivo-pants-grey-fr-U.jpg,https://prosporter.com.au/wp-content/uploads/2024/01/thumb1024_ninesquared-stivo-pants-grey-fr-U.jpg,image/jpeg,800,1024,30809,,thumb1024_ninesquared-stivo-pants-grey-fr-U,1647,,2024-03-25T20:57:09,200
2838,2024/01/thumb1024_ninesquared-stivo-pants-grey-bk-U.jpg,https://prosporter.com.au/wp-content/uploads/2024/01/thumb1024_ninesquared-stivo-pants-grey-bk-U.jpg,image/jpeg,800,1024,29451,,thumb1024_ninesquared-stivo-pants-grey-bk-U,1647,,2024-03-25T20:56:59,200
2837,2024/01/thumb1024_ninesquared-baldo-collar-zip-red-fr-U.jpg,https://prosporter.com.au/wp-content/uploads/2024/01/thumb1024_ninesquared-baldo-collar-zip-red-fr-U.jpg,image/jpeg,800,1024,51270,,thumb1024_ninesquared-baldo-collar-zip-red-fr-U,1586,,2024-03-25T20:54:22,200
2836,2024/01/thumb1024_ninesquared-baldo-collar-zip-red-bk-U.jpg,https://prosporter.com.au/wp-content/uploads/2024/01/thumb1024_ninesquared-baldo-collar-zip-red-bk-U.jpg,image/jpeg,800,1024,43328,,thumb1024_ninesquared-baldo-collar-zip-red-bk-U,1586,,2024-03-25T20:54:13,200
2835,2024/01/thumb1024_ninesquared-baldo-collar-zip-blue-navy-fr-U.jpg,https://prosporter.com.au/wp-content/uploads/2024/01/thumb1024_ninesquared-baldo-collar-zip-blue-navy-fr-U.jpg,image/jpeg,800,1024,30883,,thumb1024_ninesquared-baldo-collar-zip-blue-navy-fr-U,1586,,2024-03-25T20:54:04,200
2834,2024/01/thumb1024_ninesquared-baldo-collar-zip-blue-navy-bk-U.jpg,https://prosporter.com.au/wp-content/uploads/2024/01/thumb1024_ninesquared-baldo-collar-zip-blue-navy-bk-U.jpg,image/jpeg,800,1024,23685,,thumb1024_ninesquared-baldo-collar-zip-blue-navy-bk-U,1586,,2024-03-25T20:53:55,200
2833,2024/01/thumb1024_ninesquared-baldo-collar-zip-black-fr-U.jpg,https://prosporter.com.au/wp-content/uploads/2024/01/thumb1024_ninesquared-baldo-collar-zip-black-fr-U.jpg,image/jpeg,800,1024,29487,,thumb1024_ninesquared-baldo-collar-zip-black-fr-U,1586,,2024-03-25T20:53:45,200
2832,2024/01/thumb1024_ninesquared-baldo-collar-zip-black-bk-U.jpg,https://prosporter.com.au/wp-content/uploads/2024/01/thumb1024_ninesquared-baldo-collar-zip-black-bk-U.jpg,image/jpeg,800,1024,22681,,thumb1024_ninesquared-baldo-collar-zip-black-bk-U,1586,,2024-03-25T20:53:36,200
2830,2024/01/thumb1024_ninesquared-baldo-jacket-red-fr-U.jpg,https://prosporter.com.au/wp-content/uploads/2024/01/thumb1024_ninesquared-baldo-jacket-red-fr-U.jpg,image/jpeg,800,1024,50400,,thumb1024_ninesquared-baldo-jacket-red-fr-U,1589,,2024-03-25T20:51:31,200
2829,2024/01/thumb1024_ninesquared-baldo-jacket-red-bk-U.jpg,https://prosporter.com.au/wp-content/uploads/2024/01/thumb1024_ninesquared-baldo-jacket-red-bk-U.jpg,image/jpeg,800,1024,46808,,thumb1024_ninesquared-baldo-jacket-red-bk-U,1589,,2024-03-25T20:51:22,200
2828,2024/01/thumb1024_ninesquared-baldo-jacket-blue-navy-fr-U.jpg,https://prosporter.com.au/wp-content/uploads/2024/01/thumb1024_ninesquared-baldo-jacket-blue-navy-fr-U.jpg,image/jpeg,800,1024,30984,,thumb1024_ninesquared-baldo-jacket-blue-navy-fr-U,1589,,2024-03-25T20:51:11,200
2827,2024/01/thumb1024_ninesquared-baldo-jacket-blue-navy-bk-U.jpg,https://prosporter.com.au/wp-content/uploads/2024/01/thumb1024_ninesquared-baldo-jacket-blue-navy-bk-U.jpg,image/jpeg,800,1024,26579,,thumb1024_ninesquared-baldo-jacket-blue-navy-bk-U,1589,,2024-03-25T20:51:02,200
2826,2024/01/thumb1024_ninesquared-baldo-jacket-black-fr-U.jpg,https://prosporter.com.au/wp-content/uploads/2024/01/thumb1024_ninesquared-baldo-jacket-black-fr-U.jpg,image/jpeg,800,1024,28936,,thumb1024_ninesquared-baldo-jacket-black-fr-U,1589,,2024-03-25T20:50:53,200
2825,2024/01/thumb1024_ninesquared-baldo-jacket-black-bk-U.jpg,https://prosporter.com.au/wp-content/uploads/2024/01/thumb1024_ninesquared-baldo-jacket-black-bk-U.jpg,image/jpeg,800,1024,24693,,thumb1024_ninesquared-baldo-jacket-black-bk-U,1589,,2024-03-25T20:50:44,200
2824,2024/01/thumb1024_20230523-161939.jpeg,https://prosporter.com.au/wp-content/uploads/2024/01/thumb1024_20230523-161939.jpeg,image/jpeg,800,1024,42837,,thumb1024_20230523-161939,1623,,2024-03-25T18:16:54,200
2823,2024/01/thumb1024_20230523-161932.jpeg,https://prosporter.com.au/wp-content/uploads/2024/01/thumb1024_20230523-161932.jpeg,image/jpeg,800,1024,41543,,thumb1024_20230523-161932,1623,,2024-03-25T18:16:45,200
2822,2024/01/thumb1024_20230523-161918.jpeg,https://prosporter.com.au/wp-content/uploads/2024/01/thumb1024_20230523-161918.jpeg,image/jpeg,800,1024,50556,,thumb1024_20230523-161918,1623,,2024-03-25T18:16:35,200
2821,2024/01/thumb1024_ninesquared-slide-zip-blue-navy-fr-U.jpg,https://prosporter.com.au/wp-content/uploads/2024/01/thumb1024_ninesquared-slide-zip-blue-navy-fr-U.jpg,image/jpeg,800,1024,57959,,thumb1024_ninesquared-slide-zip-blue-navy-fr-U,1641,1589;1641,2024-03-25T18:13:14,200
2820,2024/01/thumb1024_ninesquared-slide-zip-blue-navy-bk-U.jpg,https://prosporter.com.au/wp-content/uploads/2024/01/thumb1024_ninesquared-slide-zip-blue-navy-bk-U.jpg,image/jpeg,800,1024,41337,,thumb1024_ninesquared-slide-zip-blue-navy-bk-U,1641,1589;1641,2024-03-25T18:13:05,200
2819,2024/01/thumb1024_ninesquared-slide-zip-black-fr-U.jpg,https://prosporter.com.au/wp-content/uploads/2024/01/thumb1024_ninesquared-slide-zip-black-fr-U.jpg,image/jpeg,800,1024,41685,,thumb1024_ninesquared-slide-zip-black-fr-U,1641,1589;1641,2024-03-25T18:12:56,200
2818,2024/01/thumb1024_ninesquared-slide-zip-black-bk-U.jpg,https://prosporter.com.au/wp-content/uploads/2024/01/thumb1024_ninesquared-slide-zip-black-bk-U.jpg,image/jpeg,800,1024,36730,,thumb1024_ninesquared-slide-zip-black-bk-U,1641,1589;1641,2024-03-25T18:12:47,200
2816,2024/01/thumb1024_ninesquared-jordy-blue-navy-fr-M.png,https://prosporter.com.au/wp-content/uploads/2024/01/thumb1024_ninesquared-jordy-blue-navy-fr-M.png,image/png,800,1024,472116,,thumb1024_ninesquared-jordy-blue-navy-fr-M,1611,,2024-03-25T18:03:35,200
2815,2024/01/thumb1024_ninesquared-jordy-blue-navy-bk-M.png,https://prosporter.com.au/wp-content/uploads/2024/01/thumb1024_ninesquared-jordy-blue-navy-bk-M.png,image/png,800,1024,386481,,thumb1024_ninesquared-jordy-blue-navy-bk-M,1611,1611,2024-03-25T18:03:11,200
2814,2024/01/thumb1024_ninesquared-jordy-black-fr-M.png,https://prosporter.com.au/wp-content/uploads/2024/01/thumb1024_ninesquared-jordy-black-fr-M.png,image/png,800,1024,250266,,thumb1024_ninesquared-jordy-black-fr-M,1611,1611,2024-03-25T18:02:52,200
2813,2024/01/thumb1024_ninesquared-jordy-black-bk-M.png,https://prosporter.com.au/wp-content/uploads/2024/01/thumb1024_ninesquared-jordy-black-bk-M.png,image/png,800,1024,200294,,thumb1024_ninesquared-jordy-black-bk-M,1611,1611,2024-03-25T18:02:33,200
2812,2024/01/thumb1024_ninesquared-nago-black-img2-U.jpg,https://prosporter.com.au/wp-content/uploads/2024/01/thumb1024_ninesquared-nago-black-img2-U.jpg,image/jpeg,800,1024,53469,,thumb1024_ninesquared-nago-black-img2-U,1615,,2024-03-25T18:00:52,200
2811,2024/01/thumb1024_ninesquared-nago-black-img1-U.jpg,https://prosporter.com.au/wp-content/uploads/2024/01/thumb1024_ninesquared-nago-black-img1-U.jpg,image/jpeg,800,1024,49754,,thumb1024_ninesquared-nago-black-img1-U,1615,,2024-03-25T18:00:43,200
2810,2024/01/thumb1024_ninesquared-nago-black-fr-U.jpg,https://prosporter.com.au/wp-content/uploads/2024/01/thumb1024_ninesquared-nago-black-fr-U.jpg,image/jpeg,800,1024,62687,,thumb1024_ninesquared-nago-black-fr-U,1615,,2024-03-25T18:00:33,200
2809,2024/01/thumb1024_ninesquared-nago-black-bk-U.jpg,https://prosporter.com.au/wp-content/uploads/2024/01/thumb1024_ninesquared-nago-black-bk-U.jpg,image/jpeg,800,1024,35794,,thumb1024_ninesquared-nago-black-bk-U,1615,,2024-03-25T18:00:24,200
2807,2024/01/thumb1024_ninesquared-calle2-grey-img2-U.jpg,https://prosporter.com.au/wp-content/uploads/2024/01/thumb1024_ninesquared-calle2-grey-img2-U.jpg,image/jpeg,800,1024,35567,,thumb1024_ninesquared-calle2-grey-img2-U,1591,,2024-03-25T15:01:14,200
2806,2024/01/thumb1024_ninesquared-calle2-grey-img1-U.jpg,https://prosporter.com.au/wp-content/uploads/2024/01/thumb1024_ninesquared-calle2-grey-img1-U.jpg,image/jpeg,800,1024,38779,,thumb1024_ninesquared-calle2-grey-img1-U,1591,,2024-03-25T15:01:02,200
2805,2024/01/thumb1024_ninesquared-calle2-grey-fr-U.jpg,https://prosporter.com.au/wp-content/uploads/2024/01/thumb1024_ninesquared-calle2-grey-fr-U.jpg,image/jpeg,800,1024,37645,,thumb1024_ninesquared-calle2-grey-fr-U,1591,,2024-03-25T15:00:52,200
2804,2024/01/thumb1024_ninesquared-calle2-grey-fr2-U.jpg,https://prosporter.com.au/wp-content/uploads/2024/01/thumb1024_ninesquared-calle2-grey-fr2-U.jpg,image/jpeg,800,1024,28028,,thumb1024_ninesquared-calle2-grey-fr2-U,1591,,2024-03-25T15:00:41,200
2803,2024/01/thumb1024_ninesquared-calle2-grey-bk-U.jpg,https://prosporter.com.au/wp-content/uploads/2024/01/thumb1024_ninesquared-calle2-grey-bk-U.jpg,image/jpeg,800,1024,36976,,thumb1024_ninesquared-calle2-grey-bk-U,1591,,2024-03-25T15:00:29,200
2802,2024/01/thumb1024_ninesquared-calle2-black-img2-U.jpg,https://prosporter.com.au/wp-content/uploads/2024/01/thumb1024_ninesquared-calle2-black-img2-U.jpg,image/jpeg,800,1024,34789,,thumb1024_ninesquared-calle2-black-img2-U,1591,,2024-03-25T14:59:38,200
2801,2024/01/thumb1024_ninesquared-calle2-black-img1-U-1.jpg,https://prosporter.com.au/wp-content/uploads/2024/01/thumb1024_ninesquared-calle2-black-img1-U-1.jpg,image/jpeg,800,1024,36928,,thumb1024_ninesquared-calle2-black-img1-U,1591,,2024-03-25T14:59:27,200
2800,2024/01/thumb1024_ninesquared-calle2-black-fr-U.jpg,https://prosporter.com.au/wp-content/uploads/2024/01/thumb1024_ninesquared-calle2-black-fr-U.jpg,image/jpeg,800,1024,34696,,thumb1024_ninesquared-calle2-black-fr-U,1591,,2024-03-25T14:59:17,200
2799,2024/01/thumb1024_ninesquared-calle2-black-fr2-U.jpg,https://prosporter.com.au/wp-content/uploads/2024/01/thumb1024_ninesquared-calle2-black-fr2-U.jpg,image/jpeg,800,1024,29245,,thumb1024_ninesquared-calle2-black-fr2-U,1591,,2024-03-25T14:59:07,200
2798,2024/01/thumb1024_ninesquared-calle2-black-bk-U.jpg,https://prosporter.com.au/wp-content/uploads/2024/01/thumb1024_ninesquared-calle2-black-bk-U.jpg,image/jpeg,800,1024,34751,,thumb1024_ninesquared-calle2-black-bk-U,1591,,2024-03-25T14:58:57,200
2797,2024/01/thumb1024_ninesquared-calle2-black-img1-U.jpg,https://prosporter.com.au/wp-content/uploads/2024/01/thumb1024_ninesquared-calle2-black-img1-U.jpg,image/jpeg,800,1024,36928,,thumb1024_ninesquared-calle2-black-img1-U,1591,,2024-03-25T14:58:38,200
2776,2024/01/thumb1024_ninesquared-ace-white-fr-U.png,https://prosporter.com.au/wp-content/uploads/2024/01/thumb1024_ninesquared-ace-white-fr-U.png,image/png,800,1024,220000,,thumb1024_ninesquared-ace-white-fr-U,1578,1578,2024-03-16T10:11:14,200
2774,2024/01/thumb1024_ninesquared-elbow-pads-white.jpg,https://prosporter.com.au/wp-content/uploads/2024/01/thumb1024_ninesquared-elbow-pads-white.jpg,image/jpeg,800,1024,20933,,thumb1024_ninesquared-elbow-pads-white,1607,,2024-03-16T09:38:43,200
2773,2024/01/thumb1024_ninesquared-elbow-pads-red.jpg,https://prosporter.com.au/wp-content/uploads/2024/01/thumb1024_ninesquared-elbow-pads-red.jpg,image/jpeg,800,1024,28718,,thumb1024_ninesquared-elbow-pads-red,1607,,2024-03-16T09:38:33,200
2772,2024/01/thumb1024_ninesquared-elbow-pads-blu.jpg,https://prosporter.com.au/wp-content/uploads/2024/01/thumb1024_ninesquared-elbow-pads-blu.jpg,image/jpeg,800,1024,30090,,thumb1024_ninesquared-elbow-pads-blu,1607,,2024-03-16T09:38:24,200
2771,2024/01/thumb1024_ninesquared-elbow-pads-black.jpg,https://prosporter.com.au/wp-content/uploads/2024/01/thumb1024_ninesquared-elbow-pads-black.jpg,image/jpeg,800,1024,32936,,thumb1024_ninesquared-elbow-pads-black,1607,,2024-03-16T09:38:14,200
2770,2024/01/thumb1024_ninesquared-elbow_pads-col1-u.jpg,https://prosporter.com.au/wp-content/uploads/2024/01/thumb1024_ninesquared-elbow_pads-col1-u.jpg,image/jpeg,800,1024,47447,,thumb1024_ninesquared-elbow_pads-col1-u,1607,,2024-03-16T09:38:05,200
2769,2024/01/thumb1024_ninesquared-net-white-img1-U.jpg,https://prosporter.com.au/wp-content/uploads/2024/01/thumb1024_ninesquared-net-white-img1-U.jpg,image/jpeg,800,1024,28680,Net-white-armsleeve,Net-white-armsleeve,1617,1617,2024-03-16T09:33:55,200
2768,2024/01/thumb1024_ninesquared-net-white-fr-U.jpg,https://prosporter.com.au/wp-content/uploads/2024/01/thumb1024_ninesquared-net-white-fr-U.jpg,image/jpeg,800,1024,31004,,thumb1024_ninesquared-net-white-fr-U,1617,,2024-03-16T09:33:44,200
2767,2024/01/thumb1024_ninesquared-net-blue-navy-img1-U.jpg,https://prosporter.com.au/wp-content/uploads/2024/01/thumb1024_ninesquared-net-blue-navy-img1-U.jpg,image/jpeg,800,1024,47414,Net-blue-navy,Net-blue-navy,1617,1617,2024-03-16T09:33:34,200
2766,2024/01/thumb1024_ninesquared-net-blue-navy-fr-U.jpg,https://prosporter.com.au/wp-content/uploads/2024/01/thumb1024_ninesquared-net-blue-navy-fr-U.jpg,image/jpeg,800,1024,40569,,thumb1024_ninesquared-net-blue-navy-fr-U,1617,,2024-03-16T09:33:24,200
2765,2024/01/thumb1024_ninesquared-net-black-img1-U.jpg,https://prosporter.com.au/wp-content/uploads/2024/01/thumb1024_ninesquared-net-black-img1-U.jpg,image/jpeg,800,1024,47784,,thumb1024_ninesquared-net-black-img1-U,1617,,2024-03-16T09:33:14,200
2764,2024/01/thumb1024_ninesquared-net-black-fr-U.jpg,https://prosporter.com.au/wp-content/uploads/2024/01/thumb1024_ninesquared-net-black-fr-U.jpg,image/jpeg,800,1024,39224,,thumb1024_ninesquared-net-black-fr-U,1617,,2024-03-16T09:33:04,200
2762,2024/01/thumb1024_ninesquared-new-shield-white-sd-U.jpg,https://prosporter.com.au/wp-content/uploads/2024/01/thumb1024_ninesquared-new-shield-white-sd-U.jpg,image/jpeg,800,1024,39693,NINE Knee Pads New Shield White,NINE Knee Pads New Shield White,1618,1618,2024-03-16T09:27:34,200
2761,2024/01/thumb1024_ninesquared-new-shield-white-fr-U.jpg,https://prosporter.com.au/wp-content/uploads/2024/01/thumb1024_ninesquared-new-shield-white-fr-U.jpg,image/jpeg,800,1024,42562,NINE Knee Pads New Shield White,NINE Knee Pads New Shield White,1618,1618,2024-03-16T09:27:25,200
2760,2024/01/thumb1024_ninesquared-new-shield-blue-navy-sd-U.jpg,https://prosporter.com.au/wp-content/uploads/2024/01/thumb1024_ninesquared-new-shield-blue-navy-sd-U.jpg,image/jpeg,800,1024,39722,NINE Knee Pads New Shield Navy Side,NINE Knee Pads New Shield Navy Side,1618,1618,2024-03-16T09:27:15,200
2759,2024/01/thumb1024_ninesquared-new-shield-blue-navy-fr-U.jpg,https://prosporter.com.au/wp-content/uploads/2024/01/thumb1024_ninesquared-new-shield-blue-navy-fr-U.jpg,image/jpeg,800,1024,39174,NINE Knee Pads New Shield,NINE Knee Pads New Shield,1618,1618,2024-03-16T09:27:06,200
2758,2024/01/thumb1024_ninesquared-new-shield-black-sd-U.jpg,https://prosporter.com.au/wp-content/uploads/2024/01/thumb1024_ninesquared-new-shield-black-sd-U.jpg,image/jpeg,800,1024,33189,NINE Knee Pads New Shield Black Side,NINE Knee Pads New Shield Black Side,1618,1618,2024-03-16T09:26:55,200
2757,2024/01/thumb1024_ninesquared-new-shield-black-fr-U.jpg,https://prosporter.com.au/wp-content/uploads/2024/01/thumb1024_ninesquared-new-shield-black-fr-U.jpg,image/jpeg,800,1024,37805,NINE Knee Pads New Shield Black Front,NINE Knee Pads New Shield Black,1618,1618,2024-03-16T09:26:42,200
2755,2024/01/thumb1024_ninesquared-sleek-white-fr-U.jpg,https://prosporter.com.au/wp-content/uploads/2024/01/thumb1024_ninesquared-sleek-white-fr-U.jpg,image/jpeg,800,1024,53583,,thumb1024_ninesquared-sleek-white-fr-U,1637,1637,2024-03-16T09:22:30,200
2754,2024/01/thumb1024_ninesquared-sleek-white-fr2-U.jpg,https://prosporter.com.au/wp-content/uploads/2024/01/thumb1024_ninesquared-sleek-white-fr2-U.jpg,image/jpeg,800,1024,32620,NINE KneePads Sleek,NINE KneePads Sleek,1637,1637,2024-03-16T09:22:21,200
2753,2024/01/thumb1024_ninesquared-sleek-blue-navy-img1-U.jpg,https://prosporter.com.au/wp-content/uploads/2024/01/thumb1024_ninesquared-sleek-blue-navy-img1-U.jpg,image/jpeg,800,1024,83734,blue-navy-sleek,blue-navy-sleek,1637,1637,2024-03-16T09:22:11,200
2752,2024/01/thumb1024_ninesquared-sleek-blue-navy-fr2-U.jpg,https://prosporter.com.au/wp-content/uploads/2024/01/thumb1024_ninesquared-sleek-blue-navy-fr2-U.jpg,image/jpeg,800,1024,48567,NINE Knee Pads Sleek,NINE Knee Pads Sleek,1637,1637,2024-03-16T09:22:02,200
2751,2024/01/thumb1024_ninesquared-sleek-black-img1-U.jpg,https://prosporter.com.au/wp-content/uploads/2024/01/thumb1024_ninesquared-sleek-black-img1-U.jpg,image/jpeg,800,1024,82429,,thumb1024_ninesquared-sleek-black-img1-U,1637,,2024-03-16T09:21:52,200
2750,2024/01/thumb1024_ninesquared-sleek-black-fr-U.jpg,https://prosporter.com.au/wp-content/uploads/2024/01/thumb1024_ninesquared-sleek-black-fr-U.jpg,image/jpeg,800,1024,78694,,thumb1024_ninesquared-sleek-black-fr-U,1637,1637,2024-03-16T09:21:43,200
2749,2024/01/thumb1024_ninesquared-sleek-black-fr2-U.jpg,https://prosporter.com.au/wp-content/uploads/2024/01/thumb1024_ninesquared-sleek-black-fr2-U.jpg,image/jpeg,800,1024,47452,NINE Knee Pads Sleek,NINE Knee Pads Sleek,1637,1637,2024-03-16T09:21:33,200
2748,2024/01/thumb1024_ninesquared-spike-white-img1-U.jpg,https://prosporter.com.au/wp-content/uploads/2024/01/thumb1024_ninesquared-spike-white-img1-U.jpg,image/jpeg,800,1024,75582,,thumb1024_ninesquared-spike-white-img1-U,1643,,2024-03-16T09:16:56,200
2747,2024/01/thumb1024_ninesquared-spike-white-fr-U.jpg,https://prosporter.com.au/wp-content/uploads/2024/01/thumb1024_ninesquared-spike-white-fr-U.jpg,image/jpeg,800,1024,36082,,thumb1024_ninesquared-spike-white-fr-U,1643,,2024-03-16T09:16:46,200
2746,2024/01/thumb1024_ninesquared-spike-white-fr2-U.jpg,https://prosporter.com.au/wp-content/uploads/2024/01/thumb1024_ninesquared-spike-white-fr2-U.jpg,image/jpeg,800,1024,65307,,thumb1024_ninesquared-spike-white-fr2-U,1643,1643,2024-03-16T09:16:36,200
2745,2024/01/thumb1024_ninesquared-spike-blue-navy-img1-U.jpg,https://prosporter.com.au/wp-content/uploads/2024/01/thumb1024_ninesquared-spike-blue-navy-img1-U.jpg,image/jpeg,800,1024,100718,,thumb1024_ninesquared-spike-blue-navy-img1-U,1643,,2024-03-16T09:16:27,200
2744,2024/01/thumb1024_ninesquared-spike-blue-navy-fr-U.jpg,https://prosporter.com.au/wp-content/uploads/2024/01/thumb1024_ninesquared-spike-blue-navy-fr-U.jpg,image/jpeg,800,1024,49075,,thumb1024_ninesquared-spike-blue-navy-fr-U,1643,,2024-03-16T09:16:17,200
2743,2024/01/thumb1024_ninesquared-spike-blue-navy-fr2-U.jpg,https://prosporter.com.au/wp-content/uploads/2024/01/thumb1024_ninesquared-spike-blue-navy-fr2-U.jpg,image/jpeg,800,1024,88888,,thumb1024_ninesquared-spike-blue-navy-fr2-U,1643,1643,2024-03-16T09:16:08,200
2742,2024/01/thumb1024_ninesquared-spike-black-img1-U.jpg,https://prosporter.com.au/wp-content/uploads/2024/01/thumb1024_ninesquared-spike-black-img1-U.jpg,image/jpeg,800,1024,100175,,thumb1024_ninesquared-spike-black-img1-U,1643,,2024-03-16T09:15:58,200
2741,2024/01/thumb1024_ninesquared-spike-black-fr-U.jpg,https://prosporter.com.au/wp-content/uploads/2024/01/thumb1024_ninesquared-spike-black-fr-U.jpg,image/jpeg,800,1024,48598,,thumb1024_ninesquared-spike-black-fr-U,1643,,2024-03-16T09:15:48,200
2740,2024/01/thumb1024_ninesquared-spike-black-fr2-U.jpg,https://prosporter.com.au/wp-content/uploads/2024/01/thumb1024_ninesquared-spike-black-fr2-U.jpg,image/jpeg,800,1024,87353,,thumb1024_ninesquared-spike-black-fr2-U,1643,1643,2024-03-16T09:15:38,200
2730,2024/03/elbow2.png,https://prosporter.com.au/wp-content/uploads/2024/03/elbow2.png,image/png,800,419,51795,,elbow2,344,,2024-03-15T13:33:29,200
2726,2024/03/elbow.png,https://prosporter.com.au/wp-content/uploads/2024/03/elbow.png,image/png,800,419,51961,,elbow,344,,2024-03-15T13:30:49,200
2725,2024/03/sleeves2.png,https://prosporter.com.au/wp-content/uploads/2024/03/sleeves2.png,image/png,800,419,52893,,sleeves2,344,,2024-03-15T13:27:51,200
2723,2024/03/sleeves.png,https://prosporter.com.au/wp-content/uploads/2024/03/sleeves.png,image/png,800,419,86517,,sleeves,344,,2024-03-15T13:26:27,200
2719,2024/03/knee1.png,https://prosporter.com.au/wp-content/uploads/2024/03/knee1.png,image/png,800,419,84170,,knee1,344,,2024-03-15T13:24:56,200
2718,2024/03/knee.png,https://prosporter.com.au/wp-content/uploads/2024/03/knee.png,image/png,800,419,72095,,knee,344,,2024-03-15T13:24:24,200
2714,2024/03/2600x1000.png,https://prosporter.com.au/wp-content/uploads/2024/03/2600x1000.png,image/png,2600,1000,488589,,2600x1000,,,2024-03-15T12:38:03,200
2701,2024/03/baner3.png,https://prosporter.com.au/wp-content/uploads/2024/03/baner3.png,image/png,800,419,114104,,baner3,344,,2024-03-14T20:57:06,200
2700,2024/03/baner2.png,https://prosporter.com.au/wp-content/uploads/2024/03/baner2.png,image/png,800,419,110881,,baner2,344,,2024-03-14T20:55:42,200
2698,2024/03/baner1.png,https://prosporter.com.au/wp-content/uploads/2024/03/baner1.png,image/png,800,419,95237,,baner1,344,,2024-03-14T20:51:44,200
2694,2024/03/Ace-Sky-Blue.png,https://prosporter.com.au/wp-content/uploads/2024/03/Ace-Sky-Blue.png,image/png,406,615,331227,,Ace Sky Blue,2689,1578,2024-03-14T13:53:04,200
2693,2024/03/Ace-Navy.png,https://prosporter.com.au/wp-content/uploads/2024/03/Ace-Navy.png,image/png,375,666,348873,,Ace Navy,1578,1578,2024-03-14T13:51:06,200
2692,2024/03/Ace-Yellow.png,https://prosporter.com.au/wp-content/uploads/2024/03/Ace-Yellow.png,image/png,383,652,348959,,Ace Yellow,2687,1578,2024-03-14T13:49:52,200
2691,2024/03/Ace-green.png,https://prosporter.com.au/wp-content/uploads/2024/03/Ace-green.png,image/png,375,666,356439,,Ace green,2686,1578,2024-03-14T13:48:27,200
2690,2024/03/Ace-orange.png,https://prosporter.com.au/wp-content/uploads/2024/03/Ace-orange.png,image/png,407,613,348850,,Ace orange,2683,1578,2024-03-14T13:47:17,200
2630,2024/03/Slajder-2.png,https://prosporter.com.au/wp-content/uploads/2024/03/Slajder-2.png,image/png,2600,1000,790678,,Slajder-2,,,2024-03-12T18:48:46,200
2629,2024/03/Slajder-1.png,https://prosporter.com.au/wp-content/uploads/2024/03/Slajder-1.png,image/png,2600,1000,747559,,Slajder-1,,,2024-03-12T18:44:19,200
2620,2024/03/PROvly.png,https://prosporter.com.au/wp-content/uploads/2024/03/PROvly.png,image/png,1204,194,22815,,PROvly,344,,2024-03-11T19:06:37,200
2618,2024/03/banner10.webp,https://prosporter.com.au/wp-content/uploads/2024/03/banner10.webp,image/webp,1600,508,22054,,banner10,,,2024-03-11T19:02:07,200
2601,2024/02/Footer-ProSporter.png,https://prosporter.com.au/wp-content/uploads/2024/02/Footer-ProSporter.png,image/png,1204,194,10222,,Footer-ProSporter,344,,2024-02-28T22:09:52,200
2600,2024/02/IMG_2514-scaled.jpg,https://prosporter.com.au/wp-content/uploads/2024/02/IMG_2514-scaled.jpg,image/jpeg,2560,1692,223803,,Italian Volleyball Jersey,,4031,2024-02-28T21:40:17,200
2593,2024/02/IMG_2426-scaled.jpg,https://prosporter.com.au/wp-content/uploads/2024/02/IMG_2426-scaled.jpg,image/jpeg,2560,1925,233999,,IMG_2426,,,2024-02-28T21:30:22,200
2589,2024/02/bannercollection3.png,https://prosporter.com.au/wp-content/uploads/2024/02/bannercollection3.png,image/png,800,419,170580,,bannercollection3,344,,2024-02-27T12:31:21,200
2588,2024/02/bannercollection2.png,https://prosporter.com.au/wp-content/uploads/2024/02/bannercollection2.png,image/png,800,419,142561,,bannercollection2,344,,2024-02-27T12:31:09,200
2586,2024/02/bannercollection1.png,https://prosporter.com.au/wp-content/uploads/2024/02/bannercollection1.png,image/png,800,419,114063,,bannercollection1,344,,2024-02-27T12:27:07,200
2552,2024/02/elizeu-dias-Vae5P6v-aI-unsplas1h0-scaled.jpg,https://prosporter.com.au/wp-content/uploads/2024/02/elizeu-dias-Vae5P6v-aI-unsplas1h0-scaled.jpg,image/jpeg,2560,858,487387,,elizeu-dias--Vae5P6v-aI-unsplas1h0,314,,2024-02-27T11:43:10,200
2539,2024/02/elizeu-dias-Vae5P6v-aI-unsplash0-scaled.jpg,https://prosporter.com.au/wp-content/uploads/2024/02/elizeu-dias-Vae5P6v-aI-unsplash0-scaled.jpg,image/jpeg,2560,1057,557290,,elizeu-dias--Vae5P6v-aI-unsplash0,314,,2024-02-27T11:38:59,200
2507,2024/02/bannermenu3.png,https://prosporter.com.au/wp-content/uploads/2024/02/bannermenu3.png,image/png,800,419,125062,,bannermenu3,344,,2024-02-27T09:12:05,200
2505,2024/02/bannermenu.png,https://prosporter.com.au/wp-content/uploads/2024/02/bannermenu.png,image/png,800,419,79884,,bannermenu,344,,2024-02-27T09:08:55,200
2503,2024/02/bannermenu2.png,https://prosporter.com.au/wp-content/uploads/2024/02/bannermenu2.png,image/png,800,419,104365,,bannermenu2,344,,2024-02-27T09:07:38,200
2492,2024/02/IMG_236510.png,https://prosporter.com.au/wp-content/uploads/2024/02/IMG_236510.png,image/png,7824,2941,4341951,,IMG_236510,344,,2024-02-27T08:38:45,200
2478,2024/02/IMG_23651.png,https://prosporter.com.au/wp-content/uploads/2024/02/IMG_23651.png,image/png,7824,2941,4311367,,IMG_23651,344,,2024-02-27T07:06:19,200
2474,2024/02/IMG_2365000.png,https://prosporter.com.au/wp-content/uploads/2024/02/IMG_2365000.png,image/png,7824,2941,3773481,,IMG_2365000,344,,2024-02-27T06:45:43,200
2470,2024/02/IMG_236500.png,https://prosporter.com.au/wp-content/uploads/2024/02/IMG_236500.png,image/png,7824,2941,3339807,,IMG_236500,344,,2024-02-26T14:47:07,200
2460,2024/02/IMG_23650.png,https://prosporter.com.au/wp-content/uploads/2024/02/IMG_23650.png,image/png,7824,2941,3371203,,IMG_23650,344,,2024-02-26T14:31:12,200
2458,2024/02/IMG_2365.png,https://prosporter.com.au/wp-content/uploads/2024/02/IMG_2365.png,image/png,7824,4650,6682707,,IMG_2365,344,,2024-02-26T14:26:07,200
2443,2024/02/cropped-PNG.png,https://prosporter.com.au/wp-content/uploads/2024/02/cropped-PNG.png,image/png,512,512,24553,,cropped-PNG.png,,,2024-02-26T13:18:38,200
2442,2024/02/PNG.png,https://prosporter.com.au/wp-content/uploads/2024/02/PNG.png,image/png,512,512,11173,,PNG,,,2024-02-26T13:18:32,200
2441,2024/02/PROVOLLEYLOGO2FIXED.png,https://prosporter.com.au/wp-content/uploads/2024/02/PROVOLLEYLOGO2FIXED.png,image/png,1600,563,17211,,ProSporter,,,2024-02-25T16:15:20,200
2440,2024/02/PROVOLLEYLOGOFIXED.png,https://prosporter.com.au/wp-content/uploads/2024/02/PROVOLLEYLOGOFIXED.png,image/png,1600,782,18022,,ProSporter Logo 2,,,2024-02-25T16:13:28,200
2434,2024/01/thumb1024_ninesquared-stivo-jacket-grey-bk-U.jpg,https://prosporter.com.au/wp-content/uploads/2024/01/thumb1024_ninesquared-stivo-jacket-grey-bk-U.jpg,image/jpeg,800,1024,47849,,thumb1024_ninesquared-stivo-jacket-grey-bk-U,1645,,2024-02-23T16:46:44,200
2433,2024/01/thumb1024_ninesquared-stivo-jacket-grey-fr-U.jpg,https://prosporter.com.au/wp-content/uploads/2024/01/thumb1024_ninesquared-stivo-jacket-grey-fr-U.jpg,image/jpeg,800,1024,51912,,thumb1024_ninesquared-stivo-jacket-grey-fr-U,1645,,2024-02-23T16:46:31,200
2414,2024/02/Prosporter-Logo_Colour_300.png,https://prosporter.com.au/wp-content/uploads/2024/02/Prosporter-Logo_Colour_300.png,image/png,300,45,6629,,Prosporter Logo_Colour_300,,,2024-02-23T15:45:33,200
2400,2024/02/Prosporter-Logo_Colour2.png,https://prosporter.com.au/wp-content/uploads/2024/02/Prosporter-Logo_Colour2.png,image/png,750,112,15395,,Prosporter Logo_Colour2,,,2024-02-23T13:49:25,200
2399,2024/02/Prosporter-Logo_Colour.png,https://prosporter.com.au/wp-content/uploads/2024/02/Prosporter-Logo_Colour.png,image/png,3508,528,61420,,Prosporter Logo_Colour,,,2024-02-23T13:47:04,200
2393,2024/02/logo.png,https://prosporter.com.au/wp-content/uploads/2024/02/logo.png,image/png,387,182,12167,,logo,,,2024-02-12T12:36:34,200
2368,2024/01/Alex-Man-Navy-Blue-Front-600x600-1.png,https://prosporter.com.au/wp-content/uploads/2024/01/Alex-Man-Navy-Blue-Front-600x600-1.png,image/png,600,600,99503,,Alex-Man-Navy-Blue-Front-600x600,1581,1581,2024-02-10T12:48:13,200
2367,2024/01/Alex-Man-Navy-Blue-Back-600x600-1.png,https://prosporter.com.au/wp-content/uploads/2024/01/Alex-Man-Navy-Blue-Back-600x600-1.png,image/png,600,600,112506,,Alex-Man-Navy-Blue-Back-600x600,1581,1581,2024-02-10T12:48:09,200
2366,2024/01/Alex-Man-Black-Front-600x600-1.png,https://prosporter.com.au/wp-content/uploads/2024/01/Alex-Man-Black-Front-600x600-1.png,image/png,600,600,82224,,Alex-Man-Black-Front-600x600,1581,1581,2024-02-10T12:48:05,200
2365,2024/01/Alex-Man-Black-Back-600x600-1.png,https://prosporter.com.au/wp-content/uploads/2024/01/Alex-Man-Black-Back-600x600-1.png,image/png,600,600,90626,,Alex-Man-Black-Back-600x600,1581,1581,2024-02-10T12:48:01,200
2361,2024/02/Alex-Woman-Pink-Front-600x600-1.png,https://prosporter.com.au/wp-content/uploads/2024/02/Alex-Woman-Pink-Front-600x600-1.png,image/png,600,600,107350,,Alex-Woman-Pink-Front-600x600,2355,1582,2024-02-10T12:41:21,200
2360,2024/02/Alex-Woman-Pink-Back-600x600-1.png,https://prosporter.com.au/wp-content/uploads/2024/02/Alex-Woman-Pink-Back-600x600-1.png,image/png,600,600,111751,,Alex-Woman-Pink-Back-600x600,2355,1582,2024-02-10T12:41:18,200
2359,2024/02/Alex-Woman-Navy-Blue-Front-600x600-1.png,https://prosporter.com.au/wp-content/uploads/2024/02/Alex-Woman-Navy-Blue-Front-600x600-1.png,image/png,600,600,97881,,Alex-Woman-Navy-Blue-Front-600x600,2355,1582,2024-02-10T12:41:14,200
2358,2024/02/Alex-Woman-Navy-Blue-Back-600x600-1.png,https://prosporter.com.au/wp-content/uploads/2024/02/Alex-Woman-Navy-Blue-Back-600x600-1.png,image/png,600,600,100116,,Alex-Woman-Navy-Blue-Back-600x600,2355,1582,2024-02-10T12:41:11,200
2357,2024/02/Alex-Woman-Black-Front-600x600-1.png,https://prosporter.com.au/wp-content/uploads/2024/02/Alex-Woman-Black-Front-600x600-1.png,image/png,600,600,79352,,Alex-Woman-Black-Front-600x600,2355,1582,2024-02-10T12:41:07,200
2356,2024/02/Alex-Woman-Black-Back-600x600-1.png,https://prosporter.com.au/wp-content/uploads/2024/02/Alex-Woman-Black-Back-600x600-1.png,image/png,600,600,75752,,Alex-Woman-Black-Back-600x600,2355,1582,2024-02-10T12:41:04,200
2352,2024/01/Jump-Spin-2-Pair-Pack-600x600-1.png,https://prosporter.com.au/wp-content/uploads/2024/01/Jump-Spin-2-Pair-Pack-600x600-1.png,image/png,600,600,37117,NINE Jump Spin Socks Black,NINE Jump Spin Socks Black,1614,1614,2024-02-10T12:33:38,200
2351,2024/01/Jump-Spin-2-Pair-Pack-4-600x600-1.png,https://prosporter.com.au/wp-content/uploads/2024/01/Jump-Spin-2-Pair-Pack-4-600x600-1.png,image/png,600,600,39417,NINE Jump Spin Socks Navy,NINE Jump Spin Socks Navy,1614,1614,2024-02-10T12:33:36,200
2350,2024/01/Jump-Spin-2-Pair-Pack-3-600x600-1.png,https://prosporter.com.au/wp-content/uploads/2024/01/Jump-Spin-2-Pair-Pack-3-600x600-1.png,image/png,600,600,35627,NINE Jump Spin Socks Navy,NINE Jump Spin Socks Navy,1614,1614,2024-02-10T12:33:33,200
2349,2024/01/Jump-Spin-2-Pair-Pack-2-600x600-1.png,https://prosporter.com.au/wp-content/uploads/2024/01/Jump-Spin-2-Pair-Pack-2-600x600-1.png,image/png,600,600,39185,NINE Jump Spin Socks Black,NINE Jump Spin Socks Black,1614,1614,2024-02-10T12:33:31,200
2347,2024/02/Sleeves-White-600x600-1.png,https://prosporter.com.au/wp-content/uploads/2024/02/Sleeves-White-600x600-1.png,image/png,600,600,52467,,Sleeves-White 600x600,2343,1578,2024-02-10T12:24:43,200
2346,2024/02/Sleeves-Red-600x600-1.png,https://prosporter.com.au/wp-content/uploads/2024/02/Sleeves-Red-600x600-1.png,image/png,600,600,58570,,Sleeves-Red-600x600,2343,,2024-02-10T12:24:41,200
2345,2024/02/Sleeves-Blue-600x600-1.png,https://prosporter.com.au/wp-content/uploads/2024/02/Sleeves-Blue-600x600-1.png,image/png,600,600,61175,,Sleeves-Blue-600x600,2343,,2024-02-10T12:24:38,200
2344,2024/02/Sleeves-Black-600x600-1.png,https://prosporter.com.au/wp-content/uploads/2024/02/Sleeves-Black-600x600-1.png,image/png,600,600,56975,Arm-Sleeves-Black,Arm-Sleeves-Black,2343,1584,2024-02-10T12:24:35,200
2338,2024/01/Baldo-ZIP-Navy-Blue-Front-600x600-1.png,https://prosporter.com.au/wp-content/uploads/2024/01/Baldo-ZIP-Navy-Blue-Front-600x600-1.png,image/png,600,600,72171,,Baldo-ZIP-Navy-Blue-Front-600x600,1586,,2024-02-10T12:11:01,200
2337,2024/01/Baldo-ZIP-Navy-Blue-Back-600x600-1.png,https://prosporter.com.au/wp-content/uploads/2024/01/Baldo-ZIP-Navy-Blue-Back-600x600-1.png,image/png,600,600,60481,,Baldo-ZIP-Navy-Blue-Back-600x600,1586,,2024-02-10T12:10:57,200
2336,2024/01/Baldo-ZIP-Black-Front-600x600-1.png,https://prosporter.com.au/wp-content/uploads/2024/01/Baldo-ZIP-Black-Front-600x600-1.png,image/png,600,600,69585,,Baldo-ZIP-Black-Front-600x600,1586,,2024-02-10T12:10:53,200
2335,2024/01/Baldo-ZIP-Black-Back-600x600-1.png,https://prosporter.com.au/wp-content/uploads/2024/01/Baldo-ZIP-Black-Back-600x600-1.png,image/png,600,600,57790,,Baldo-ZIP-Black-Back-600x600,1586,,2024-02-10T12:10:50,200
2326,2024/01/Baldo-Hoodie-Navy-Blue-Front-600x600-1.png,https://prosporter.com.au/wp-content/uploads/2024/01/Baldo-Hoodie-Navy-Blue-Front-600x600-1.png,image/png,600,600,72455,,Baldo-Hoodie-Navy-Blue-Front-600x600,1588,,2024-02-10T11:41:53,200
2325,2024/01/Baldo-Hoodie-Navy-Blue-Back-600x600-1.png,https://prosporter.com.au/wp-content/uploads/2024/01/Baldo-Hoodie-Navy-Blue-Back-600x600-1.png,image/png,600,600,63709,,Baldo-Hoodie-Navy-Blue-Back-600x600,1588,,2024-02-10T11:41:49,200
2324,2024/01/Baldo-Hoodie-Black-Front-600x600-1.png,https://prosporter.com.au/wp-content/uploads/2024/01/Baldo-Hoodie-Black-Front-600x600-1.png,image/png,600,600,70975,,Baldo-Hoodie-Black-Front 600x600,1588,,2024-02-10T11:41:46,200
2323,2024/01/Baldo-Hoodie-Black-Back-600x600-1.png,https://prosporter.com.au/wp-content/uploads/2024/01/Baldo-Hoodie-Black-Back-600x600-1.png,image/png,600,600,61905,,Baldo-Hoodie-Black-Back-600x600,1588,,2024-02-10T11:41:42,200
2320,2024/02/Baldo-Jacket-Navy-Blue-Front-600x600-1.png,https://prosporter.com.au/wp-content/uploads/2024/02/Baldo-Jacket-Navy-Blue-Front-600x600-1.png,image/png,600,600,75267,,Baldo-Jacket-Navy-Blue-Front-600x600,2316,,2024-02-10T11:28:06,200
2319,2024/02/Baldo-Jacket-Navy-Blue-Back-600x600-1.png,https://prosporter.com.au/wp-content/uploads/2024/02/Baldo-Jacket-Navy-Blue-Back-600x600-1.png,image/png,600,600,66668,,Baldo-Jacket-Navy-Blue-Back 600x600,2316,,2024-02-10T11:28:02,200
2318,2024/02/Baldo-Jacket-Black-Front-600x600-1.png,https://prosporter.com.au/wp-content/uploads/2024/02/Baldo-Jacket-Black-Front-600x600-1.png,image/png,600,600,69153,,Baldo-Jacket-Black-Front-600x600,2316,,2024-02-10T11:27:58,200
2317,2024/02/Baldo-Jacket-Black-Back-600x600-1.png,https://prosporter.com.au/wp-content/uploads/2024/02/Baldo-Jacket-Black-Back-600x600-1.png,image/png,600,600,61743,,Baldo-Jacket-Black-Back 600x600,2316,,2024-02-10T11:27:54,200
2314,2024/02/Calle-2-Light-Gray-5-600x600-1.png,https://prosporter.com.au/wp-content/uploads/2024/02/Calle-2-Light-Gray-5-600x600-1.png,image/png,600,600,56407,,Calle-2-Light-Gray-5-600x600,2304,,2024-02-10T11:19:56,200
2313,2024/02/Calle-2-Light-Gray-4-600x600-1.png,https://prosporter.com.au/wp-content/uploads/2024/02/Calle-2-Light-Gray-4-600x600-1.png,image/png,600,600,52306,,Calle-2-Light-Gray-4-600x600,2304,,2024-02-10T11:19:53,200
2312,2024/02/Calle-2-Light-Gray-3-600x600-1.png,https://prosporter.com.au/wp-content/uploads/2024/02/Calle-2-Light-Gray-3-600x600-1.png,image/png,600,600,49665,,Calle-2-Light-Gray-3-600x600,2304,,2024-02-10T11:19:51,200
2311,2024/02/Calle-2-Light-Gray-2-600x600-1.png,https://prosporter.com.au/wp-content/uploads/2024/02/Calle-2-Light-Gray-2-600x600-1.png,image/png,600,600,42694,,Calle-2-Light-Gray-2-600x600,2304,,2024-02-10T11:19:48,200
2310,2024/02/Calle-2-Light-Gray-1-600x600-1.png,https://prosporter.com.au/wp-content/uploads/2024/02/Calle-2-Light-Gray-1-600x600-1.png,image/png,600,600,55518,,Calle-2-Light-Gray-1-600x600,2304,,2024-02-10T11:19:45,200
2309,2024/02/Calle-2-Black-5-600x600-1.png,https://prosporter.com.au/wp-content/uploads/2024/02/Calle-2-Black-5-600x600-1.png,image/png,600,600,55304,,Calle-2-Black-5-600x600,2304,,2024-02-10T11:19:42,200
2308,2024/02/Calle-2-Black-4-600x600-1.png,https://prosporter.com.au/wp-content/uploads/2024/02/Calle-2-Black-4-600x600-1.png,image/png,600,600,50851,,Calle-2-Black-4-600x600,2304,,2024-02-10T11:19:39,200
2307,2024/02/Calle-2-Black-3-600x600-1.png,https://prosporter.com.au/wp-content/uploads/2024/02/Calle-2-Black-3-600x600-1.png,image/png,600,600,45098,,Calle-2-Black-3-600x600,2304,,2024-02-10T11:19:36,200
2306,2024/02/Calle-2-Black-2-600x600-1.png,https://prosporter.com.au/wp-content/uploads/2024/02/Calle-2-Black-2-600x600-1.png,image/png,600,600,43347,,Calle-2-Black-2-600x600,2304,,2024-02-10T11:19:32,200
2305,2024/02/Calle-2-Black-1-600x600-1.png,https://prosporter.com.au/wp-content/uploads/2024/02/Calle-2-Black-1-600x600-1.png,image/png,600,600,54051,,Calle-2-Black-1-600x600,2304,,2024-02-10T11:19:29,200
2302,2024/02/Baldo-Pants-Navy-Blue-Front-600x600-1.png,https://prosporter.com.au/wp-content/uploads/2024/02/Baldo-Pants-Navy-Blue-Front-600x600-1.png,image/png,600,600,48224,,Baldo-Pants-Navy-Blue-Front-600x600,2297,,2024-02-10T11:09:03,200
2301,2024/02/Baldo-Pants-Navy-Blue-Back-600x600-1.png,https://prosporter.com.au/wp-content/uploads/2024/02/Baldo-Pants-Navy-Blue-Back-600x600-1.png,image/png,600,600,43790,,Baldo-Pants-Navy-Blue-Back-600x600,2297,,2024-02-10T11:09:00,200
2300,2024/02/Baldo-Pants-Black-Front-600x600-1.png,https://prosporter.com.au/wp-content/uploads/2024/02/Baldo-Pants-Black-Front-600x600-1.png,image/png,600,600,47858,,Baldo-Pants-Black-Front-600x600,2297,,2024-02-10T11:08:58,200
2299,2024/02/Baldo-Pants-Black-Back-600x600-1.png,https://prosporter.com.au/wp-content/uploads/2024/02/Baldo-Pants-Black-Back-600x600-1.png,image/png,600,600,41976,,Baldo-Pants-Black-Back-600x600,2297,,2024-02-10T11:08:55,200
2295,2024/02/Center-Unisex-Navy-Blue-Front-600x600-1.png,https://prosporter.com.au/wp-content/uploads/2024/02/Center-Unisex-Navy-Blue-Front-600x600-1.png,image/png,600,600,95609,,Center-Unisex-Navy-Blue-Front,1594,1594,2024-02-10T10:52:34,200
2294,2024/02/Center-Unisex-Navy-Blue-Back-600x600-1.png,https://prosporter.com.au/wp-content/uploads/2024/02/Center-Unisex-Navy-Blue-Back-600x600-1.png,image/png,600,600,82388,,Center-Unisex-Navy-Blue-Back-600x600,1594,,2024-02-10T10:52:30,200
2293,2024/02/Center-Unisex-Gray-Front-600x600-1.png,https://prosporter.com.au/wp-content/uploads/2024/02/Center-Unisex-Gray-Front-600x600-1.png,image/png,600,600,103008,,Center-Unisex-Gray-Front,1594,1594,2024-02-10T10:52:26,200
2292,2024/02/Center-Unisex-Gray-Back-600x600-1.png,https://prosporter.com.au/wp-content/uploads/2024/02/Center-Unisex-Gray-Back-600x600-1.png,image/png,600,600,97112,,Center-Unisex-Gray-Back-600x600,1594,,2024-02-10T10:52:23,200
2291,2024/02/Center-Unisex-Black-Front-600x600-1.png,https://prosporter.com.au/wp-content/uploads/2024/02/Center-Unisex-Black-Front-600x600-1.png,image/png,600,600,82612,,Center-Unisex-Black-Front-600x600,1594,,2024-02-10T10:52:19,200
2290,2024/02/Center-Unisex-Black-Back-600x600-1.png,https://prosporter.com.au/wp-content/uploads/2024/02/Center-Unisex-Black-Back-600x600-1.png,image/png,600,600,68280,,Center-Unisex-Black-Back-600x600,1594,,2024-02-10T10:52:15,200
2284,2024/02/Cinque-Man-Front-600x600-1.png,https://prosporter.com.au/wp-content/uploads/2024/02/Cinque-Man-Front-600x600-1.png,image/png,600,600,44868,,Cinque-Man-Front-600x600,2282,1601,2024-02-10T10:44:52,200
2283,2024/02/Cinque-Man-Back-600x600-1.png,https://prosporter.com.au/wp-content/uploads/2024/02/Cinque-Man-Back-600x600-1.png,image/png,600,600,44448,,Cinque-Man-Back-600x600,2282,1601,2024-02-10T10:44:49,200
2280,2024/01/Cinque-Woman-Back-600x600-1.png,https://prosporter.com.au/wp-content/uploads/2024/01/Cinque-Woman-Back-600x600-1.png,image/png,600,600,30836,,Cinque-Woman-Back-600x600,1602,1602,2024-02-10T10:38:18,200
2279,2024/02/Cinque-Woman-Front-600x600-1.png,https://prosporter.com.au/wp-content/uploads/2024/02/Cinque-Woman-Front-600x600-1.png,image/png,600,600,32110,,Cinque-Woman-Front-600x600,2278,1602,2024-02-10T10:36:58,200
2276,2024/01/Collar-Zip-Sub-Unisex-Product.png,https://prosporter.com.au/wp-content/uploads/2024/01/Collar-Zip-Sub-Unisex-Product.png,image/png,600,600,59407,,Collar-Zip-Sub-Unisex-Product,1603,1603,2024-02-09T20:50:20,200
2274,2024/02/Deck-2-Navy-Blue-4-600x600-1.png,https://prosporter.com.au/wp-content/uploads/2024/02/Deck-2-Navy-Blue-4-600x600-1.png,image/png,600,600,61594,,Deck-2-Navy-Blue-4-600x600,2265,1605,2024-02-09T20:40:39,200
2273,2024/02/Deck-2-Navy-Blue-3-600x600-1.png,https://prosporter.com.au/wp-content/uploads/2024/02/Deck-2-Navy-Blue-3-600x600-1.png,image/png,600,600,70569,,Deck-2-Navy-Blue-3-600x600,2265,1605,2024-02-09T20:40:36,200
2272,2024/02/Deck-2-Navy-Blue-2-600x600-1.png,https://prosporter.com.au/wp-content/uploads/2024/02/Deck-2-Navy-Blue-2-600x600-1.png,image/png,600,600,71575,,Deck-2-Navy-Blue-2-600x600,2265,1605,2024-02-09T20:40:33,200
2271,2024/02/Deck-2-Navy-Blue-1-600x600-1.png,https://prosporter.com.au/wp-content/uploads/2024/02/Deck-2-Navy-Blue-1-600x600-1.png,image/png,600,600,81664,,Deck-2-Navy-Blue-1-600x600,2265,1605,2024-02-09T20:40:29,200
2270,2024/02/Deck-2-Black-4-600x600-1.png,https://prosporter.com.au/wp-content/uploads/2024/02/Deck-2-Black-4-600x600-1.png,image/png,600,600,63150,,Deck-2-Black-4-600x600,2266,1605,2024-02-09T20:35:45,200
2269,2024/02/Deck-2-Black-3-600x600-1.png,https://prosporter.com.au/wp-content/uploads/2024/02/Deck-2-Black-3-600x600-1.png,image/png,600,600,74567,,Deck-2-Black-3-600x600,2266,1605,2024-02-09T20:35:42,200
2268,2024/02/Deck-2-Black-2-600x600-1.png,https://prosporter.com.au/wp-content/uploads/2024/02/Deck-2-Black-2-600x600-1.png,image/png,600,600,69394,,Deck-2-Black-2-600x600,2266,1605,2024-02-09T20:35:38,200
2267,2024/02/Deck-2-Black-1-600x600-1.png,https://prosporter.com.au/wp-content/uploads/2024/02/Deck-2-Black-1-600x600-1.png,image/png,600,600,77097,,Deck-2-Black-1-600x600,2266,1605,2024-02-09T20:35:34,200
2260,2024/02/Deva-Unisex-Navy-Blue-Front-600x600-1.png,https://prosporter.com.au/wp-content/uploads/2024/02/Deva-Unisex-Navy-Blue-Front-600x600-1.png,image/png,600,600,86797,,Deva-Unisex-Navy-Blue-Front-600x600,2256,1606,2024-02-09T19:59:12,200
2259,2024/02/Deva-Unisex-Navy-Blue-Back-600x600-1.png,https://prosporter.com.au/wp-content/uploads/2024/02/Deva-Unisex-Navy-Blue-Back-600x600-1.png,image/png,600,600,84475,,Deva-Unisex-Navy-Blue-Back-600x600,2256,1606,2024-02-09T19:59:08,200
2258,2024/02/Deva-Unisex-Black-Front-600x600-1.png,https://prosporter.com.au/wp-content/uploads/2024/02/Deva-Unisex-Black-Front-600x600-1.png,image/png,600,600,104011,,Deva-Unisex-Black-Front-600x600,2256,1606,2024-02-09T19:59:04,200
2257,2024/02/Deva-Unisex-Black-Back-600x600-1.png,https://prosporter.com.au/wp-content/uploads/2024/02/Deva-Unisex-Black-Back-600x600-1.png,image/png,600,600,115005,,Deva-Unisex-Black-Back-600x600,2256,1606,2024-02-09T19:59:01,200
2253,2024/02/Elbow-Pads-White-600x600-1.png,https://prosporter.com.au/wp-content/uploads/2024/02/Elbow-Pads-White-600x600-1.png,image/png,600,600,33320,,Elbow-Pads-White-600x600,1607,,2024-02-09T19:50:21,200
2252,2024/02/Elbow-Pads-Red-600x600-1.png,https://prosporter.com.au/wp-content/uploads/2024/02/Elbow-Pads-Red-600x600-1.png,image/png,600,600,43125,,Elbow-Pads-Red-600x600,1607,,2024-02-09T19:50:18,200
2251,2024/02/Elbow-Pads-Product-600x600-1.png,https://prosporter.com.au/wp-content/uploads/2024/02/Elbow-Pads-Product-600x600-1.png,image/png,600,600,63793,,Elbow-Pads-Product-600x600,1607,,2024-02-09T19:50:15,200
2250,2024/02/Elbow-Pads-Navy-Blue-600x600-1.png,https://prosporter.com.au/wp-content/uploads/2024/02/Elbow-Pads-Navy-Blue-600x600-1.png,image/png,600,600,42117,,Elbow-Pads-Navy-Blue-600x600,1607,,2024-02-09T19:50:12,200
2249,2024/02/Elbow-Pads-Black-600x600-1.png,https://prosporter.com.au/wp-content/uploads/2024/02/Elbow-Pads-Black-600x600-1.png,image/png,600,600,37935,,Elbow-Pads-Black-600x600,1607,,2024-02-09T19:50:10,200
2236,2024/02/Fast-3-Woman-Navy-Blue-Front-600x600-1.png,https://prosporter.com.au/wp-content/uploads/2024/02/Fast-3-Woman-Navy-Blue-Front-600x600-1.png,image/png,600,600,45504,,Fast-3-Woman-Navy-Blue-Front-600x600,2232,1609,2024-02-09T18:14:14,200
2235,2024/02/Fast-3-Woman-Navy-Blue-Back-600x600-1.png,https://prosporter.com.au/wp-content/uploads/2024/02/Fast-3-Woman-Navy-Blue-Back-600x600-1.png,image/png,600,600,45576,,Fast-3-Woman-Navy-Blue-Back-600x600,2232,1609,2024-02-09T18:14:10,200
2234,2024/02/Fast-3-Woman-Black-Front-600x600-1.png,https://prosporter.com.au/wp-content/uploads/2024/02/Fast-3-Woman-Black-Front-600x600-1.png,image/png,600,600,39325,,Fast-3-Woman-Black-Front-600x600,2232,1609,2024-02-09T18:14:06,200
2233,2024/02/Fast-3-Woman-Black-Back-600x600-1.png,https://prosporter.com.au/wp-content/uploads/2024/02/Fast-3-Woman-Black-Back-600x600-1.png,image/png,600,600,38745,,Fast-3-Woman-Black-Back-600x600,2232,1609,2024-02-09T18:14:01,200
2229,2024/02/Jordy-Man-Navy-Blue-Front-600x600-1.png,https://prosporter.com.au/wp-content/uploads/2024/02/Jordy-Man-Navy-Blue-Front-600x600-1.png,image/png,600,600,95593,,Jordy-Man-Navy-Blue-Front-600x600,2225,,2024-02-09T17:57:28,200
2228,2024/02/Jordy-Man-Navy-Blue-Back-600x600-1.png,https://prosporter.com.au/wp-content/uploads/2024/02/Jordy-Man-Navy-Blue-Back-600x600-1.png,image/png,600,600,86379,,Jordy-Man-Navy-Blue-Back-600x600,2225,,2024-02-09T17:57:24,200
2227,2024/02/Jordy-Man-Black-Front-600x600-1.png,https://prosporter.com.au/wp-content/uploads/2024/02/Jordy-Man-Black-Front-600x600-1.png,image/png,600,600,80629,,Jordy-Man-Black-Front-600x600,2225,,2024-02-09T17:57:21,200
2226,2024/02/Jordy-Man-Black-Back-600x600-1.png,https://prosporter.com.au/wp-content/uploads/2024/02/Jordy-Man-Black-Back-600x600-1.png,image/png,600,600,68402,,Jordy-Man-Black-Back-600x600,2225,,2024-02-09T17:57:18,200
2212,2024/02/Jump-4-600x600-1.png,https://prosporter.com.au/wp-content/uploads/2024/02/Jump-4-600x600-1.png,image/png,600,600,25058,NINE Jump Socks Navy,NINE Jump Socks Navy,2208,1613,2024-02-08T15:50:30,200
2211,2024/02/Jump-3-600x600-1.png,https://prosporter.com.au/wp-content/uploads/2024/02/Jump-3-600x600-1.png,image/png,600,600,19818,NINE Jump Socks Navy,NINE Jump Socks Navy,2208,1613,2024-02-08T15:50:28,200
2210,2024/02/Jump-2-600x600-1.png,https://prosporter.com.au/wp-content/uploads/2024/02/Jump-2-600x600-1.png,image/png,600,600,25322,NINE Jump Socks Black,NINE Jump Socks Black,2208,1613,2024-02-08T15:50:25,200
2209,2024/02/Jump-1-600x600-1.png,https://prosporter.com.au/wp-content/uploads/2024/02/Jump-1-600x600-1.png,image/png,600,600,20746,NINE Jump Socks Black,NINE Jump Socks Black,2208,1613,2024-02-08T15:50:23,200
2205,2024/02/thumb1024_ninesquared-jump-spin-blue-navy-sd-U.jpg,https://prosporter.com.au/wp-content/uploads/2024/02/thumb1024_ninesquared-jump-spin-blue-navy-sd-U.jpg,image/jpeg,800,1024,33400,NINE Jump Spin Socks Navy,NINE Jump Spin Socks Navy,1614,,2024-02-08T15:38:48,200
2204,2024/02/thumb1024_ninesquared-jump-spin-blue-navy-bk-U.jpg,https://prosporter.com.au/wp-content/uploads/2024/02/thumb1024_ninesquared-jump-spin-blue-navy-bk-U.jpg,image/jpeg,800,1024,33164,NINE Jump Spin Socks Navy,NINE Jump Spin Socks Navy,1614,,2024-02-08T15:38:40,200
2203,2024/02/thumb1024_ninesquared-jump-spin-black-bk-U.jpg,https://prosporter.com.au/wp-content/uploads/2024/02/thumb1024_ninesquared-jump-spin-black-bk-U.jpg,image/jpeg,788,1024,23087,NINE Jump Spin Socks Black,NINE Jump Spin Socks Black,1614,,2024-02-08T15:38:20,200
2202,2024/02/thumb1024_ninesquared-jump-spin-black-sd-U.jpg,https://prosporter.com.au/wp-content/uploads/2024/02/thumb1024_ninesquared-jump-spin-black-sd-U.jpg,image/jpeg,788,1024,31992,NINE Jump Spin Socks Black,NINE Jump Spin Socks Black,1614,,2024-02-08T15:38:12,200
2199,2024/01/Nago-3-600x600-1.png,https://prosporter.com.au/wp-content/uploads/2024/01/Nago-3-600x600-1.png,image/png,600,600,63406,,Nago-3-600x600,1615,,2024-02-08T14:43:25,200
2198,2024/01/Nago-2-600x600-1.png,https://prosporter.com.au/wp-content/uploads/2024/01/Nago-2-600x600-1.png,image/png,600,600,76770,,Nago-2-600x600,1615,,2024-02-08T14:43:22,200
2197,2024/01/Nago-1-600x600-1.png,https://prosporter.com.au/wp-content/uploads/2024/01/Nago-1-600x600-1.png,image/png,600,600,73964,,Nago-1-600x600,1615,,2024-02-08T14:43:19,200
2196,2024/02/Net-White-2600x600-1.png,https://prosporter.com.au/wp-content/uploads/2024/02/Net-White-2600x600-1.png,image/png,600,600,50845,,Net-White-2600x600,1617,,2024-02-08T14:37:15,200
2195,2024/02/Net-White-1600x600-1.png,https://prosporter.com.au/wp-content/uploads/2024/02/Net-White-1600x600-1.png,image/png,600,600,52620,,Net-White-1600x600,1617,,2024-02-08T14:37:11,200
2194,2024/02/Net-Navy-Blue-2600x600-1.png,https://prosporter.com.au/wp-content/uploads/2024/02/Net-Navy-Blue-2600x600-1.png,image/png,600,600,61707,,Net-Navy-Blue-2600x600,1617,,2024-02-08T14:37:08,200
2193,2024/02/Net-Navy-Blue1600x600.png,https://prosporter.com.au/wp-content/uploads/2024/02/Net-Navy-Blue1600x600.png,image/png,600,600,57639,,Net-Navy-Blue1600x600,1617,,2024-02-08T14:37:05,200
2192,2024/02/Net-black-2600x600-1.png,https://prosporter.com.au/wp-content/uploads/2024/02/Net-black-2600x600-1.png,image/png,600,600,62057,,Net-black-2600x600,1617,,2024-02-08T14:37:02,200
2191,2024/02/Net-black-1600x600-1.png,https://prosporter.com.au/wp-content/uploads/2024/02/Net-black-1600x600-1.png,image/png,600,600,54127,,Net-black-1600x600,1617,,2024-02-08T14:36:58,200
2185,2024/02/New-Shield-White-600x600-1.png,https://prosporter.com.au/wp-content/uploads/2024/02/New-Shield-White-600x600-1.png,image/png,600,600,40020,,New-Shield-White-600x600,1618,,2024-02-08T13:56:57,200
2184,2024/02/New-Shield-Navy-Blue-600x600-1.png,https://prosporter.com.au/wp-content/uploads/2024/02/New-Shield-Navy-Blue-600x600-1.png,image/png,600,600,48052,,New-Shield-Navy-Blue-600x600,1618,,2024-02-08T13:56:55,200
2183,2024/02/New-Shield-Black-600x600-1.png,https://prosporter.com.au/wp-content/uploads/2024/02/New-Shield-Black-600x600-1.png,image/png,600,600,41663,,New-Shield-Black-600x600,1618,,2024-02-08T13:56:52,200
2178,2024/02/Ora-White-600x600-1.png,https://prosporter.com.au/wp-content/uploads/2024/02/Ora-White-600x600-1.png,image/png,600,600,56023,,Ora-White--600x600,2175,,2024-02-08T13:36:15,200
2177,2024/02/Ora-Blue-600x600-1.png,https://prosporter.com.au/wp-content/uploads/2024/02/Ora-Blue-600x600-1.png,image/png,600,600,64195,,Ora-Blue--600x600,2175,,2024-02-08T13:36:12,200
2176,2024/02/Ora-Black-600x600-1.png,https://prosporter.com.au/wp-content/uploads/2024/02/Ora-Black-600x600-1.png,image/png,600,600,72793,,Ora-Black--600x600,2175,,2024-02-08T13:36:07,200
2172,2024/02/Pipe-2-Man-White-Front-600x600-1.png,https://prosporter.com.au/wp-content/uploads/2024/02/Pipe-2-Man-White-Front-600x600-1.png,image/png,600,600,48427,,Pipe-2-Man-White-Front-600x600,2162,,2024-02-08T13:12:20,200
2171,2024/02/Pipe-2-Man-White-Back-600x600-1.png,https://prosporter.com.au/wp-content/uploads/2024/02/Pipe-2-Man-White-Back-600x600-1.png,image/png,600,600,41665,,Pipe-2-Man-White-Back-600x600,2162,,2024-02-08T13:12:16,200
2170,2024/02/Pipe-2-Man-Royal-Blue-Front-600x600-1.png,https://prosporter.com.au/wp-content/uploads/2024/02/Pipe-2-Man-Royal-Blue-Front-600x600-1.png,image/png,600,600,66601,,Pipe-2-Man-Royal-Blue-Front-600x600,2162,,2024-02-08T13:12:12,200
2169,2024/02/Pipe-2-Man-Royal-Blue-Back-600x600-1.png,https://prosporter.com.au/wp-content/uploads/2024/02/Pipe-2-Man-Royal-Blue-Back-600x600-1.png,image/png,600,600,48709,,Pipe-2-Man-Royal-Blue-Back-600x600,2162,,2024-02-08T13:12:08,200
2168,2024/02/Pipe-2-Man-Red-Front-600x600-1.png,https://prosporter.com.au/wp-content/uploads/2024/02/Pipe-2-Man-Red-Front-600x600-1.png,image/png,600,600,69999,,Pipe-2-Man-Red-Front-600x600,2162,,2024-02-08T13:12:04,200
2167,2024/02/Pipe-2-Man-Red-Back-600x600-1.png,https://prosporter.com.au/wp-content/uploads/2024/02/Pipe-2-Man-Red-Back-600x600-1.png,image/png,600,600,55420,,Pipe-2-Man-Red-Back-600x600,2162,,2024-02-08T13:12:00,200
2166,2024/02/Pipe-2-Man-Navy-Blue-Front-600x600-1.png,https://prosporter.com.au/wp-content/uploads/2024/02/Pipe-2-Man-Navy-Blue-Front-600x600-1.png,image/png,600,600,56840,,Pipe-2-Man-Navy-Blue-Front-600x600,2162,,2024-02-08T13:11:57,200
2165,2024/02/Pipe-2-Man-Navy-Blue-Back-600x600-1.png,https://prosporter.com.au/wp-content/uploads/2024/02/Pipe-2-Man-Navy-Blue-Back-600x600-1.png,image/png,600,600,55104,,Pipe-2-Man-Navy-Blue-Back-600x600,2162,,2024-02-08T13:11:53,200
2164,2024/02/Pipe-2-Man-Black-Front-600x600-1.png,https://prosporter.com.au/wp-content/uploads/2024/02/Pipe-2-Man-Black-Front-600x600-1.png,image/png,600,600,63674,,Pipe-2-Man-Black-Front-600x600,2162,,2024-02-08T13:11:49,200
2163,2024/02/Pipe-2-Man-Black-Back-600x600-1.png,https://prosporter.com.au/wp-content/uploads/2024/02/Pipe-2-Man-Black-Back-600x600-1.png,image/png,600,600,48012,,Pipe-2-Man-Black-Back-600x600,2162,,2024-02-08T13:11:45,200
2156,2024/01/Pipe-2-Woman-White-Back-600x600-1.png,https://prosporter.com.au/wp-content/uploads/2024/01/Pipe-2-Woman-White-Back-600x600-1.png,image/png,600,600,42164,,Pipe-2-Woman-White-Back-600x600,1626,,2024-02-08T12:48:41,200
2155,2024/01/Pipe-2-Woman-Royal-Blue-Back-600x600-1.png,https://prosporter.com.au/wp-content/uploads/2024/01/Pipe-2-Woman-Royal-Blue-Back-600x600-1.png,image/png,600,600,47289,,Pipe-2-Woman-Royal-Blue-Back-600x600,1626,,2024-02-08T12:48:38,200
2154,2024/01/Pipe-2-Woman-Red-Back-600x600-1.png,https://prosporter.com.au/wp-content/uploads/2024/01/Pipe-2-Woman-Red-Back-600x600-1.png,image/png,600,600,64472,,Pipe-2-Woman-Red-Back-600x600,1626,,2024-02-08T12:48:34,200
2153,2024/01/Pipe-2-Woman-Navy-Blue-Back-600x600-1.png,https://prosporter.com.au/wp-content/uploads/2024/01/Pipe-2-Woman-Navy-Blue-Back-600x600-1.png,image/png,600,600,46003,,Pipe-2-Woman-Navy-Blue-Back-600x600,1626,,2024-02-08T12:48:31,200
2152,2024/01/Pipe-2-Woman-Black-Back-600x600-1.png,https://prosporter.com.au/wp-content/uploads/2024/01/Pipe-2-Woman-Black-Back-600x600-1.png,image/png,600,600,48330,,Pipe-2-Woman-Black-Back-600x600,1626,,2024-02-08T12:48:27,200
2150,2024/02/Pipe-2-Woman-White-Front-600x600-1.png,https://prosporter.com.au/wp-content/uploads/2024/02/Pipe-2-Woman-White-Front-600x600-1.png,image/png,600,600,49798,,Pipe-2-Woman-White-Front-600x600,2141,,2024-02-08T12:46:17,200
2149,2024/02/Pipe-2-Woman-Royal-Blue-Front-600x600-1.png,https://prosporter.com.au/wp-content/uploads/2024/02/Pipe-2-Woman-Royal-Blue-Front-600x600-1.png,image/png,600,600,47911,,Pipe-2-Woman-Royal-Blue-Front-600x600,2142,,2024-02-08T12:46:04,200
2148,2024/02/Pipe-2-Woman-Red-Front-600x600-1.png,https://prosporter.com.au/wp-content/uploads/2024/02/Pipe-2-Woman-Red-Front-600x600-1.png,image/png,600,600,56083,,Pipe-2-Woman-Red-Front-600x600,2143,,2024-02-08T12:45:50,200
2147,2024/02/Pipe-2-Woman-Navy-Blue-Front-600x600-1.png,https://prosporter.com.au/wp-content/uploads/2024/02/Pipe-2-Woman-Navy-Blue-Front-600x600-1.png,image/png,600,600,47299,,Pipe-2-Woman-Navy-Blue-Front-600x600,2144,,2024-02-08T12:42:17,200
2146,2024/02/Pipe-2-Woman-Black-Front-600x600-1.png,https://prosporter.com.au/wp-content/uploads/2024/02/Pipe-2-Woman-Black-Front-600x600-1.png,image/png,600,600,53959,,Pipe-2-Woman-Black-Front-600x600,2145,,2024-02-08T12:42:03,200
2139,2024/01/Ponale-Jacket-Navy-Blue-4-600x600-1.png,https://prosporter.com.au/wp-content/uploads/2024/01/Ponale-Jacket-Navy-Blue-4-600x600-1.png,image/png,600,600,52359,,Ponale-Jacket-Navy-Blue-4-600x600,1627,,2024-02-07T21:42:50,200
2138,2024/01/Ponale-Jacket-Navy-Blue-3-600x600-1.png,https://prosporter.com.au/wp-content/uploads/2024/01/Ponale-Jacket-Navy-Blue-3-600x600-1.png,image/png,600,600,60801,,Ponale-Jacket-Navy-Blue-3-600x600,1627,,2024-02-07T21:42:46,200
2137,2024/01/Ponale-Jacket-Navy-Blue-2-600x600-1.png,https://prosporter.com.au/wp-content/uploads/2024/01/Ponale-Jacket-Navy-Blue-2-600x600-1.png,image/png,600,600,59849,,Ponale-Jacket-Navy-Blue-2-600x600,1627,,2024-02-07T21:42:43,200
2136,2024/01/Ponale-Jacket-Black-4-600x600-1.png,https://prosporter.com.au/wp-content/uploads/2024/01/Ponale-Jacket-Black-4-600x600-1.png,image/png,600,600,44238,,Ponale-Jacket-Black-4-600x600,1627,,2024-02-07T21:42:23,200
2135,2024/01/Ponale-Jacket-Black-3-600x600-1.png,https://prosporter.com.au/wp-content/uploads/2024/01/Ponale-Jacket-Black-3-600x600-1.png,image/png,600,600,58127,,Ponale-Jacket-Black-3-600x600,1627,,2024-02-07T21:42:18,200
2134,2024/01/Ponale-Jacket-Black-2-600x600-1.png,https://prosporter.com.au/wp-content/uploads/2024/01/Ponale-Jacket-Black-2-600x600-1.png,image/png,600,600,53107,,Ponale-Jacket-Black-2-600x600,1627,,2024-02-07T21:42:15,200
2133,2024/02/Ponale-Jacket-Navy-Blue-1-600x600-1.png,https://prosporter.com.au/wp-content/uploads/2024/02/Ponale-Jacket-Navy-Blue-1-600x600-1.png,image/png,600,600,73834,,Ponale-Jacket-Navy-Blue-1-600x600,2130,,2024-02-07T21:41:18,200
2132,2024/02/Ponale-Jacket-Black-1-600x600-1.png,https://prosporter.com.au/wp-content/uploads/2024/02/Ponale-Jacket-Black-1-600x600-1.png,image/png,600,600,73027,,Ponale-Jacket-Black-1-600x600,2131,,2024-02-07T21:41:01,200
2129,2024/01/Ponale-Pants-Navy-Blue-Back-600x600-1.png,https://prosporter.com.au/wp-content/uploads/2024/01/Ponale-Pants-Navy-Blue-Back-600x600-1.png,image/png,600,600,54634,,Ponale-Pants-Navy-Blue-Back-600x600,1628,,2024-02-07T21:16:10,200
2128,2024/01/Ponale-Pants-Black-Back-600x600-1.png,https://prosporter.com.au/wp-content/uploads/2024/01/Ponale-Pants-Black-Back-600x600-1.png,image/png,600,600,43820,,Ponale-Pants-Black-Back-600x600,1628,,2024-02-07T21:15:57,200
2127,2024/02/Ponale-Pants-Black-Front-600x600-1.png,https://prosporter.com.au/wp-content/uploads/2024/02/Ponale-Pants-Black-Front-600x600-1.png,image/png,600,600,45331,,Ponale-Pants-Black-Front-600x600,2125,,2024-02-07T21:15:30,200
2126,2024/02/Ponale-Pants-Navy-Blue-Front-600x600-1.png,https://prosporter.com.au/wp-content/uploads/2024/02/Ponale-Pants-Navy-Blue-Front-600x600-1.png,image/png,600,600,50476,,Ponale-Pants-Navy-Blue-Front-600x600,2125,,2024-02-07T21:15:10,200
2123,2024/01/Ponale-Sweater-Navy-Blue-Back-600x600-1.png,https://prosporter.com.au/wp-content/uploads/2024/01/Ponale-Sweater-Navy-Blue-Back-600x600-1.png,image/png,600,600,52208,,Ponale-Sweater-Navy-Blue-Back-600x600,1630,,2024-02-07T20:56:46,200
2122,2024/01/Ponale-Sweater-Black-Back600x600.png,https://prosporter.com.au/wp-content/uploads/2024/01/Ponale-Sweater-Black-Back600x600.png,image/png,600,600,47116,,Ponale-Sweater-Black-Back600x600,1630,,2024-02-07T20:56:42,200
2121,2024/02/Ponale-Sweater-Navy-Blue-Front-600x600-1.png,https://prosporter.com.au/wp-content/uploads/2024/02/Ponale-Sweater-Navy-Blue-Front-600x600-1.png,image/png,600,600,53391,,Ponale-Sweater-Navy-Blue-Front-600x600,2118,,2024-02-07T20:56:13,200
2120,2024/02/Ponale-Sweater-Black-Front-600x600-1.png,https://prosporter.com.au/wp-content/uploads/2024/02/Ponale-Sweater-Black-Front-600x600-1.png,image/png,600,600,49076,,Ponale-Sweater-Black-Front-600x600,2119,,2024-02-07T20:56:02,200
2117,2024/01/Quick-2-Unisex-Royal-Blue-Back-600x600-1.png,https://prosporter.com.au/wp-content/uploads/2024/01/Quick-2-Unisex-Royal-Blue-Back-600x600-1.png,image/png,600,600,56210,,Quick-2-Unisex-Royal-Blue-Back-600x600,1631,,2024-02-07T20:33:38,200
2116,2024/01/Quick-2-Unisex-Red-Back-600x600-1.png,https://prosporter.com.au/wp-content/uploads/2024/01/Quick-2-Unisex-Red-Back-600x600-1.png,image/png,600,600,47182,,Quick-2-Unisex-Red-Back-600x600,1631,,2024-02-07T20:33:34,200
2115,2024/01/Quick-2-Unisex-Navy-Blue-Back-600x600-1.png,https://prosporter.com.au/wp-content/uploads/2024/01/Quick-2-Unisex-Navy-Blue-Back-600x600-1.png,image/png,600,600,54170,,Quick-2-Unisex-Navy-Blue-Back-600x600,1631,,2024-02-07T20:33:30,200
2114,2024/01/Quick-2-Unisex-Black-Back-600x600-1.png,https://prosporter.com.au/wp-content/uploads/2024/01/Quick-2-Unisex-Black-Back-600x600-1.png,image/png,600,600,51204,,Quick-2-Unisex-Black-Back-600x600,1631,,2024-02-07T20:33:25,200
2113,2024/02/Quick-2-Unisex-Red-Front-600x600-1.png,https://prosporter.com.au/wp-content/uploads/2024/02/Quick-2-Unisex-Red-Front-600x600-1.png,image/png,600,600,46993,,Quick-2-Unisex-Red-Front-600x600,2106,,2024-02-07T20:32:06,200
2112,2024/02/Quick-2-Unisex-Royal-Blue-Front-600x600-1.png,https://prosporter.com.au/wp-content/uploads/2024/02/Quick-2-Unisex-Royal-Blue-Front-600x600-1.png,image/png,600,600,54273,,Quick-2-Unisex-Royal-Blue-Front-600x600,2107,,2024-02-07T20:31:49,200
2111,2024/02/Quick-2-Unisex-Navy-Blue-Front-600x600-1.png,https://prosporter.com.au/wp-content/uploads/2024/02/Quick-2-Unisex-Navy-Blue-Front-600x600-1.png,image/png,600,600,53225,,Quick-2-Unisex-Navy-Blue-Front-600x600,2108,,2024-02-07T20:31:37,200
2110,2024/02/Quick-2-Unisex-Black-Front-600x600-1.png,https://prosporter.com.au/wp-content/uploads/2024/02/Quick-2-Unisex-Black-Front-600x600-1.png,image/png,600,600,46195,,Quick-2-Unisex-Black-Front-600x600,2109,,2024-02-07T20:31:20,200
2105,2024/01/Quick-Unisex-Red-Back-600x600-1.png,https://prosporter.com.au/wp-content/uploads/2024/01/Quick-Unisex-Red-Back-600x600-1.png,image/png,600,600,47011,,Quick-Unisex-Red-Back-600x600,1633,1633,2024-02-07T19:54:52,200
2104,2024/01/Quick-Unisex-Navy-Blue-Back-600x600-1.png,https://prosporter.com.au/wp-content/uploads/2024/01/Quick-Unisex-Navy-Blue-Back-600x600-1.png,image/png,600,600,64924,,Quick-Unisex-Navy-Blue-Back-600x600,1633,1633,2024-02-07T19:54:47,200
2103,2024/01/Quick-Unisex-Black-Back-600x600-1.png,https://prosporter.com.au/wp-content/uploads/2024/01/Quick-Unisex-Black-Back-600x600-1.png,image/png,600,600,67011,,Quick-Unisex-Black-Back-600x600,1633,1633,2024-02-07T19:54:42,200
2102,2024/02/Quick-Unisex-Red-Front-600x600-1.png,https://prosporter.com.au/wp-content/uploads/2024/02/Quick-Unisex-Red-Front-600x600-1.png,image/png,600,600,60227,,Quick-Unisex-Red-Front-600x600,2099,1633,2024-02-07T19:54:07,200
2101,2024/02/Quick-Unisex-Navy-Blue-Front-600x600-1.png,https://prosporter.com.au/wp-content/uploads/2024/02/Quick-Unisex-Navy-Blue-Front-600x600-1.png,image/png,600,600,84474,,Quick-Unisex-Navy-Blue-Front-600x600,2098,1633,2024-02-07T19:53:53,200
2100,2024/02/Quick-Unisex-Black-Front-600x600-1.png,https://prosporter.com.au/wp-content/uploads/2024/02/Quick-Unisex-Black-Front-600x600-1.png,image/png,600,600,75651,,Quick-Unisex-Black-Front-600x600,2097,1633,2024-02-07T19:53:37,200
2096,2024/02/Rich-Unisex-Navy-Blue-600x600-1.png,https://prosporter.com.au/wp-content/uploads/2024/02/Rich-Unisex-Navy-Blue-600x600-1.png,image/png,600,600,84537,,Rich-Unisex-Navy-Blue-600x600,2093,1634,2024-02-07T19:42:15,200
2095,2024/02/Rich-Unisex-Black-600x600-1.png,https://prosporter.com.au/wp-content/uploads/2024/02/Rich-Unisex-Black-600x600-1.png,image/png,600,600,68771,,Rich-Unisex-Black-600x600,2094,1634,2024-02-07T19:42:01,200
2091,2024/01/Sette-Man-White-600x600-1.png,https://prosporter.com.au/wp-content/uploads/2024/01/Sette-Man-White-600x600-1.png,image/png,600,600,53796,,Sette-Man-White-600x600,1635,1635,2024-02-07T18:59:18,200
2090,2024/01/Sette-Woman-White-600x600-1.png,https://prosporter.com.au/wp-content/uploads/2024/01/Sette-Woman-White-600x600-1.png,image/png,600,600,32560,,Sette-Woman-White-600x600,1636,1636,2024-02-07T18:43:22,200
2087,2024/02/Sleek-White-2-600x600-1.png,https://prosporter.com.au/wp-content/uploads/2024/02/Sleek-White-2-600x600-1.png,image/png,600,600,77251,,Sleek-White-2-600x600,1637,,2024-02-07T18:35:47,200
2086,2024/02/Sleek-Navy-Blue2-600x600-1.png,https://prosporter.com.au/wp-content/uploads/2024/02/Sleek-Navy-Blue2-600x600-1.png,image/png,600,600,99635,,Sleek-Navy-Blue2-600x600,2083,,2024-02-07T18:35:32,200
2085,2024/02/Sleek-Black-1-600x600-1.png,https://prosporter.com.au/wp-content/uploads/2024/02/Sleek-Black-1-600x600-1.png,image/png,600,600,88012,,Sleek-Black-1-600x600,1637,,2024-02-07T18:35:14,200
2080,2024/02/Slide-Man-Red-600x600-1.png,https://prosporter.com.au/wp-content/uploads/2024/02/Slide-Man-Red-600x600-1.png,image/png,600,600,108468,,Slide-Man-Red-600x600,1639,,2024-02-07T14:50:35,200
2079,2024/02/Slide-Man-Navy-Blue-600x600-1.png,https://prosporter.com.au/wp-content/uploads/2024/02/Slide-Man-Navy-Blue-600x600-1.png,image/png,600,600,77220,,Slide-Man-Navy-Blue-600x600,1639,,2024-02-07T14:50:31,200
2078,2024/02/Slide-Man-Gray-600x600-1.png,https://prosporter.com.au/wp-content/uploads/2024/02/Slide-Man-Gray-600x600-1.png,image/png,600,600,124887,Slide-Man-Gray-Large,Slide-Man-Gray-Large,1639,,2024-02-07T14:50:27,200
2077,2024/02/Slide-Man-Black-600x600-1.png,https://prosporter.com.au/wp-content/uploads/2024/02/Slide-Man-Black-600x600-1.png,image/png,600,600,79974,,Slide-Man-Black-600x600,1639,,2024-02-07T14:50:23,200
2071,2024/01/Slide-ZIP-Navy-Blue-Back-600x600-1.png,https://prosporter.com.au/wp-content/uploads/2024/01/Slide-ZIP-Navy-Blue-Back-600x600-1.png,image/png,600,600,62421,,Slide-ZIP-Navy-Blue-Back-600x600,1641,,2024-02-07T14:25:30,200
2070,2024/01/Slide-ZIP-Black-Back-600x600-1.png,https://prosporter.com.au/wp-content/uploads/2024/01/Slide-ZIP-Black-Back-600x600-1.png,image/png,600,600,36149,,Slide-ZIP-Black-Back-600x600,1641,,2024-02-07T14:25:25,200
2069,2024/02/Slide-ZIP-Navy-Blue-Front-600x600-1.png,https://prosporter.com.au/wp-content/uploads/2024/02/Slide-ZIP-Navy-Blue-Front-600x600-1.png,image/png,600,600,93952,,Slide-ZIP-Navy-Blue-Front-600x600,2067,,2024-02-07T14:24:27,200
2068,2024/02/Slide-ZIP-Black-Front-600x600-1.png,https://prosporter.com.au/wp-content/uploads/2024/02/Slide-ZIP-Black-Front-600x600-1.png,image/png,600,600,43115,,Slide-ZIP-Black-Front-600x600,2067,,2024-02-07T14:24:21,200
2065,2024/01/Spike-White-3-600x600-1.png,https://prosporter.com.au/wp-content/uploads/2024/01/Spike-White-3-600x600-1.png,image/png,600,600,88673,,Spike-White-3-600x600,1643,,2024-02-07T12:08:37,200
2064,2024/01/Spike-Navy-Blue-3-600x600-1.png,https://prosporter.com.au/wp-content/uploads/2024/01/Spike-Navy-Blue-3-600x600-1.png,image/png,600,600,98062,,Spike-Navy-Blue-3-600x600,1643,,2024-02-07T12:08:34,200
2063,2024/01/Spike-Black-3-600x600-1.png,https://prosporter.com.au/wp-content/uploads/2024/01/Spike-Black-3-600x600-1.png,image/png,600,600,92475,,Spike-Black-3-600x600,1643,,2024-02-07T12:08:30,200
2062,2024/02/Spike-White-1-600x600-1.png,https://prosporter.com.au/wp-content/uploads/2024/02/Spike-White-1-600x600-1.png,image/png,600,600,81066,,Spike-White-1-600x600,2059,,2024-02-07T12:07:51,200
2061,2024/02/Spike-Navy-Blue-1-600x600-1.png,https://prosporter.com.au/wp-content/uploads/2024/02/Spike-Navy-Blue-1-600x600-1.png,image/png,600,600,84628,,Spike-Navy-Blue-1-600x600,2057,,2024-02-07T12:07:36,200
2060,2024/02/Spike-Black-1-600x600-1.png,https://prosporter.com.au/wp-content/uploads/2024/02/Spike-Black-1-600x600-1.png,image/png,600,600,82043,,Spike-Black-1-600x600,2058,,2024-02-07T12:07:20,200
2055,2024/02/Stivo-Jacket-Gray-Front-600x600-1.png,https://prosporter.com.au/wp-content/uploads/2024/02/Stivo-Jacket-Gray-Front-600x600-1.png,image/png,600,600,95790,,Stivo-Jacket-Gray-Front-600x600,2053,1645,2024-02-07T10:05:04,200
2054,2024/02/Stivo-Jacket-Gray-Back-600x600-1.png,https://prosporter.com.au/wp-content/uploads/2024/02/Stivo-Jacket-Gray-Back-600x600-1.png,image/png,600,600,91637,,Stivo-Jacket-Gray-Back-600x600,2053,,2024-02-07T10:05:00,200
2051,2024/01/Stivo-Pants-Gray-Back-600x600-1.png,https://prosporter.com.au/wp-content/uploads/2024/01/Stivo-Pants-Gray-Back-600x600-1.png,image/png,600,600,55106,,Stivo-Pants-Gray-Back-600x600,1647,,2024-02-07T09:57:56,200
2050,2024/01/Stivo-Pants-Gray-Front-600x600-1.png,https://prosporter.com.au/wp-content/uploads/2024/01/Stivo-Pants-Gray-Front-600x600-1.png,image/png,600,600,56149,,Stivo-Pants-Gray-Front-600x600,1647,,2024-02-07T09:57:45,200
2048,2024/01/Tre-Man-White-Back-600x600-1.png,https://prosporter.com.au/wp-content/uploads/2024/01/Tre-Man-White-Back-600x600-1.png,image/png,600,600,53986,,Tre-Man-White-Back-600x600,1648,1648,2024-02-07T09:46:54,200
2047,2024/01/Tre-Man-Royal-Blue-Back-600x600-1.png,https://prosporter.com.au/wp-content/uploads/2024/01/Tre-Man-Royal-Blue-Back-600x600-1.png,image/png,600,600,57503,,Tre-Man-Royal-Blue-Back-600x600,1648,1648,2024-02-07T09:46:50,200
2046,2024/01/Tre-Man-Red-Back-600x600-1.png,https://prosporter.com.au/wp-content/uploads/2024/01/Tre-Man-Red-Back-600x600-1.png,image/png,600,600,56958,,Tre-Man-Red-Back-600x600,1648,1648,2024-02-07T09:46:47,200
2045,2024/01/Tre-Man-Navy-Blue-Back-600x600-1.png,https://prosporter.com.au/wp-content/uploads/2024/01/Tre-Man-Navy-Blue-Back-600x600-1.png,image/png,600,600,58844,,Tre-Man-Navy-Blue-Back-600x600,1648,1648,2024-02-07T09:46:43,200
2044,2024/01/Tre-Man-Black-Back-600x600-1.png,https://prosporter.com.au/wp-content/uploads/2024/01/Tre-Man-Black-Back-600x600-1.png,image/png,600,600,54618,,Tre-Man-Black-Back-600x600,1648,1648,2024-02-07T09:46:39,200
2043,2024/02/Tre-Man-White-Front-600x600-1.png,https://prosporter.com.au/wp-content/uploads/2024/02/Tre-Man-White-Front-600x600-1.png,image/png,600,600,51873,,Tre-Man-White-Front-600x600,2038,1648,2024-02-07T09:46:02,200
2042,2024/02/Tre-Man-Red-Front-600x600-1.png,https://prosporter.com.au/wp-content/uploads/2024/02/Tre-Man-Red-Front-600x600-1.png,image/png,600,600,54090,,Tre-Man-Red-Front-600x600,2031,1648,2024-02-07T09:45:43,200
2041,2024/02/Tre-Man-Royal-Blue-Front-600x600-1.png,https://prosporter.com.au/wp-content/uploads/2024/02/Tre-Man-Royal-Blue-Front-600x600-1.png,image/png,600,600,53327,,Tre-Man-Royal-Blue-Front-600x600,2032,1648,2024-02-07T09:45:29,200
2040,2024/02/Tre-Man-Navy-Blue-Front-600x600-1.png,https://prosporter.com.au/wp-content/uploads/2024/02/Tre-Man-Navy-Blue-Front-600x600-1.png,image/png,600,600,52897,,Tre-Man-Navy-Blue-Front-600x600,2033,1648,2024-02-07T09:45:12,200
2039,2024/02/Tre-Man-Black-Front-600x600-1.png,https://prosporter.com.au/wp-content/uploads/2024/02/Tre-Man-Black-Front-600x600-1.png,image/png,600,600,56258,,Tre-Man-Black-Front-600x600,2034,1648,2024-02-07T09:44:54,200
2030,2024/01/Tre-Woman-White-Back-600x600-1.png,https://prosporter.com.au/wp-content/uploads/2024/01/Tre-Woman-White-Back-600x600-1.png,image/png,600,600,30794,,Tre-Woman-White-Back-600x600,1649,1649,2024-02-07T08:46:09,200
2029,2024/01/Tre-Woman-Royal-Blue-Back-600x600-1.png,https://prosporter.com.au/wp-content/uploads/2024/01/Tre-Woman-Royal-Blue-Back-600x600-1.png,image/png,600,600,44234,,Tre-Woman-Royal-Blue-Back-600x600,1649,1649,2024-02-07T08:46:07,200
2028,2024/01/Tre-Woman-Red-Back-600x600-1.png,https://prosporter.com.au/wp-content/uploads/2024/01/Tre-Woman-Red-Back-600x600-1.png,image/png,600,600,43402,,Tre-Woman-Red-Back-600x600,1649,1649,2024-02-07T08:46:04,200
2027,2024/01/Tre-Woman-Pink-Back-600x600-1.png,https://prosporter.com.au/wp-content/uploads/2024/01/Tre-Woman-Pink-Back-600x600-1.png,image/png,600,600,43926,,Tre-Woman-Pink-Back-600x600,1649,1649,2024-02-07T08:46:01,200
2026,2024/01/Tre-Woman-Navy-Blue-Back-600x600-1.png,https://prosporter.com.au/wp-content/uploads/2024/01/Tre-Woman-Navy-Blue-Back-600x600-1.png,image/png,600,600,44815,,Tre-Woman-Navy-Blue-Back-600x600,1649,1649,2024-02-07T08:45:59,200
2025,2024/01/Tre-Woman-Black-Back-600x600-1.png,https://prosporter.com.au/wp-content/uploads/2024/01/Tre-Woman-Black-Back-600x600-1.png,image/png,600,600,44911,,Tre-Woman-Black-Back-600x600,1649,1649,2024-02-07T08:45:55,200
2024,2024/02/Tre-Woman-Black-Front-600x600-1.png,https://prosporter.com.au/wp-content/uploads/2024/02/Tre-Woman-Black-Front-600x600-1.png,image/png,600,600,49815,,Tre-Woman-Black-Front-600x600,2013,1649,2024-02-07T08:45:15,200
2023,2024/02/Tre-Woman-Royal-Blue-Front-600x600-1.png,https://prosporter.com.au/wp-content/uploads/2024/02/Tre-Woman-Royal-Blue-Front-600x600-1.png,image/png,600,600,47878,,Tre-Woman-Royal-Blue-Front-600x600,2015,1649,2024-02-07T08:44:54,200
2022,2024/02/Tre-Woman-Navy-Blue-Front-600x600-1.png,https://prosporter.com.au/wp-content/uploads/2024/02/Tre-Woman-Navy-Blue-Front-600x600-1.png,image/png,600,600,47412,,Tre-Woman-Navy-Blue-Front-600x600,2015,1649,2024-02-07T08:38:27,200
2021,2024/02/Tre-Woman-Pink-Front-600x600-1.png,https://prosporter.com.au/wp-content/uploads/2024/02/Tre-Woman-Pink-Front-600x600-1.png,image/png,600,600,47339,,Tre-Woman-Pink-Front-600x600,2016,1649,2024-02-07T08:38:15,200
2020,2024/02/Tre-Woman-Red-Front-600x600-1.png,https://prosporter.com.au/wp-content/uploads/2024/02/Tre-Woman-Red-Front-600x600-1.png,image/png,600,600,46811,,Tre-Woman-Red-Front-600x600,2017,1649,2024-02-07T08:37:54,200
2019,2024/02/Tre-Woman-White-Front-600x600-1.png,https://prosporter.com.au/wp-content/uploads/2024/02/Tre-Woman-White-Front-600x600-1.png,image/png,600,600,32165,,Tre-Woman-White-Front-600x600,2018,1649,2024-02-07T08:37:40,200
2011,2024/01/Velo-Collar-ZIP-Navy-Blue-Back-600x600-1.png,https://prosporter.com.au/wp-content/uploads/2024/01/Velo-Collar-ZIP-Navy-Blue-Back-600x600-1.png,image/png,600,600,66166,,Velo-Collar-ZIP-Navy-Blue-Back-600x600,1650,1650,2024-02-06T18:53:53,200
2010,2024/01/Velo-Collar-ZIP-Black-Back-600x600-1.png,https://prosporter.com.au/wp-content/uploads/2024/01/Velo-Collar-ZIP-Black-Back-600x600-1.png,image/png,600,600,64763,,Velo-Collar-ZIP-Black-Back-600x600,1650,1650,2024-02-06T18:53:30,200
2009,2024/02/Velo-Collar-ZIP-Navy-Blue-Front-600x600-1.png,https://prosporter.com.au/wp-content/uploads/2024/02/Velo-Collar-ZIP-Navy-Blue-Front-600x600-1.png,image/png,600,600,71873,,Velo-Collar-ZIP-Navy-Blue-Front-600x600,2006,1650,2024-02-06T18:52:44,200
2008,2024/02/Velo-Collar-ZIP-Black-Front-600x600-1.png,https://prosporter.com.au/wp-content/uploads/2024/02/Velo-Collar-ZIP-Black-Front-600x600-1.png,image/png,600,600,69798,,Velo-Collar-ZIP-Black-Front-600x600,2007,1650,2024-02-06T18:52:19,200
2003,2024/02/Velo-Jacket-Navy-Blue-Back-600x600-1.png,https://prosporter.com.au/wp-content/uploads/2024/02/Velo-Jacket-Navy-Blue-Back-600x600-1.png,image/png,600,600,64810,,Velo-Jacket-Navy-Blue-Back-600x600,1999,1652,2024-02-06T18:29:05,200
2002,2024/02/Velo-Jacket-Navy-Blue-Front-600x600-1.png,https://prosporter.com.au/wp-content/uploads/2024/02/Velo-Jacket-Navy-Blue-Front-600x600-1.png,image/png,600,600,68942,,Velo-Jacket-Navy-Blue-Front-600x600,1999,1652,2024-02-06T18:29:01,200
2001,2024/01/Velo-Jacket-Black-Back-600x600-1.png,https://prosporter.com.au/wp-content/uploads/2024/01/Velo-Jacket-Black-Back-600x600-1.png,image/png,600,600,61845,,Velo-Jacket-Black-Back-600x600,1652,1652,2024-02-06T18:26:32,200
2000,2024/02/Velo-Jacket-Black-Front-600x600-1.png,https://prosporter.com.au/wp-content/uploads/2024/02/Velo-Jacket-Black-Front-600x600-1.png,image/png,600,600,65153,,Velo-Jacket-Black-Front-600x600,1998,1652,2024-02-06T18:26:11,200
1997,2024/01/Velo-Pants-Black-Front-600x600-Product.png,https://prosporter.com.au/wp-content/uploads/2024/01/Velo-Pants-Black-Front-600x600-Product.png,image/png,600,600,38020,,Velo-Pants-Black-Front-600x600-Product,1654,1654,2024-02-06T16:02:25,200
1996,2024/01/Velo-Pants-Navy-Blue-Back-600x600-1.png,https://prosporter.com.au/wp-content/uploads/2024/01/Velo-Pants-Navy-Blue-Back-600x600-1.png,image/png,600,600,41436,,Velo-Pants-Navy-Blue-Back-600x600,1654,1654,2024-02-06T16:01:22,200
1995,2024/01/Velo-Pants-Black-Back-600x600-1.png,https://prosporter.com.au/wp-content/uploads/2024/01/Velo-Pants-Black-Back-600x600-1.png,image/png,600,600,35868,,Velo-Pants-Black-Back-600x600,1654,1654,2024-02-06T16:01:09,200
1994,2024/02/Velo-Pants-Navy-Blue-Front-600x600-1.png,https://prosporter.com.au/wp-content/uploads/2024/02/Velo-Pants-Navy-Blue-Front-600x600-1.png,image/png,600,600,44232,,Velo-Pants-Navy-Blue-Front-600x600,1988,1654,2024-02-06T16:00:44,200
1993,2024/02/Velo-Pants-Black-Front-600x600-1.png,https://prosporter.com.au/wp-content/uploads/2024/02/Velo-Pants-Black-Front-600x600-1.png,image/png,600,600,38020,,Velo-Pants-Black-Front-600x600,1986,1654,2024-02-06T16:00:30,200
1980,2024/02/Checkout-Button.png,https://prosporter.com.au/wp-content/uploads/2024/02/Checkout-Button.png,image/png,676,146,6042,,Checkout-Button,40,,2024-02-06T11:16:56,200
1974,2024/01/Warm-Up-Unisex-Navy-Blue-Back-600x600-1.png,https://prosporter.com.au/wp-content/uploads/2024/01/Warm-Up-Unisex-Navy-Blue-Back-600x600-1.png,image/png,600,600,29437,,Warm-Up-Unisex-Navy-Blue-Back-600x600,1655,1655,2024-02-06T10:44:12,200
1973,2024/01/Warm-Up-Unisex-Gray-Back-600x600-1.png,https://prosporter.com.au/wp-content/uploads/2024/01/Warm-Up-Unisex-Gray-Back-600x600-1.png,image/png,600,600,52448,,Warm-Up-Unisex-Gray-Back-600x600,1655,1655,2024-02-06T10:44:10,200
1972,2024/01/Warm-Up-Unisex-Black-Back-600x600-1.png,https://prosporter.com.au/wp-content/uploads/2024/01/Warm-Up-Unisex-Black-Back-600x600-1.png,image/png,600,600,24077,,Warm-Up-Unisex-Black-Back-600x600,1655,1655,2024-02-06T10:44:07,200
1971,2024/02/Warm-Up-Unisex-Navy-Blue-Front-600x600-1.png,https://prosporter.com.au/wp-content/uploads/2024/02/Warm-Up-Unisex-Navy-Blue-Front-600x600-1.png,image/png,600,600,35909,,Warm-Up-Unisex-Navy-Blue-Front-600x600,1970,1655,2024-02-06T10:40:04,200
1969,2024/02/Warm-Up-Unisex-Gray-Front-600x600-1.png,https://prosporter.com.au/wp-content/uploads/2024/02/Warm-Up-Unisex-Gray-Front-600x600-1.png,image/png,600,600,56388,,Warm-Up-Unisex-Gray-Front-600x600,1967,1655,2024-02-06T10:39:41,200
1966,2024/02/Warm-Up-Unisex-Black-Front-600x600-1.png,https://prosporter.com.au/wp-content/uploads/2024/02/Warm-Up-Unisex-Black-Front-600x600-1.png,image/png,600,600,32190,,Warm-Up-Unisex-Black-Front-600x600,1965,1655,2024-02-06T10:39:00,200
1963,2024/01/Zero-2-Unisex-Color-Black-Front-600x600-Product.png,https://prosporter.com.au/wp-content/uploads/2024/01/Zero-2-Unisex-Color-Black-Front-600x600-Product.png,image/png,600,600,24104,,Zero-2-Unisex-Color-Black-Front-600x600 - Product,1656,,2024-02-06T10:22:29,200
1960,2024/02/Zero-2-Unisex-Color-Yellow-Front-600x600-1.png,https://prosporter.com.au/wp-content/uploads/2024/02/Zero-2-Unisex-Color-Yellow-Front-600x600-1.png,image/png,600,600,48173,,Zero-2-Unisex-Color-Yellow-Front-600x600,1945,,2024-02-06T10:15:26,200
1959,2024/02/Zero-2-Unisex-Color-Yellow-Back-600x600-1.png,https://prosporter.com.au/wp-content/uploads/2024/02/Zero-2-Unisex-Color-Yellow-Back-600x600-1.png,image/png,600,600,46684,,Zero-2-Unisex-Color-Yellow-Back-600x600,1945,,2024-02-06T10:15:22,200
1958,2024/02/Zero-2-Unisex-Color-White-Front-600x600-1.png,https://prosporter.com.au/wp-content/uploads/2024/02/Zero-2-Unisex-Color-White-Front-600x600-1.png,image/png,600,600,31503,,Zero-2-Unisex-Color-White-Front-600x600,1945,,2024-02-06T10:15:20,200
1957,2024/02/Zero-2-Unisex-Color-White-Back-600x600-1.png,https://prosporter.com.au/wp-content/uploads/2024/02/Zero-2-Unisex-Color-White-Back-600x600-1.png,image/png,600,600,28460,,Zero-2-Unisex-Color-White-Back-600x600,1945,,2024-02-06T10:15:17,200
1956,2024/02/Zero-2-Unisex-Color-Royal-Blue-Front-600x600-1.png,https://prosporter.com.au/wp-content/uploads/2024/02/Zero-2-Unisex-Color-Royal-Blue-Front-600x600-1.png,image/png,600,600,50121,,Zero-2-Unisex-Color-Royal-Blue-Front-600x600,1945,,2024-02-06T10:15:13,200
1955,2024/02/Zero-2-Unisex-Color-Royal-Blue-Back-600x600-1.png,https://prosporter.com.au/wp-content/uploads/2024/02/Zero-2-Unisex-Color-Royal-Blue-Back-600x600-1.png,image/png,600,600,41844,,Zero-2-Unisex-Color-Royal-Blue-Back-600x600,1945,,2024-02-06T10:15:09,200
1954,2024/02/Zero-2-Unisex-Color-Red-Front-600x600-1.png,https://prosporter.com.au/wp-content/uploads/2024/02/Zero-2-Unisex-Color-Red-Front-600x600-1.png,image/png,600,600,41419,,Zero-2-Unisex-Color-Red-Front-600x600,1945,,2024-02-06T10:15:06,200
1953,2024/02/Zero-2-Unisex-Color-Red-Back-600x600-1.png,https://prosporter.com.au/wp-content/uploads/2024/02/Zero-2-Unisex-Color-Red-Back-600x600-1.png,image/png,600,600,53417,,Zero-2-Unisex-Color-Red-Back-600x600,1945,,2024-02-06T10:15:03,200
1952,2024/02/Zero-2-Unisex-Color-Navy-Blue-Front-600x600-1.png,https://prosporter.com.au/wp-content/uploads/2024/02/Zero-2-Unisex-Color-Navy-Blue-Front-600x600-1.png,image/png,600,600,33624,,Zero-2-Unisex-Color-Navy-Blue-Front-600x600,1945,1656,2024-02-06T10:14:59,200
1951,2024/02/Zero-2-Unisex-Color-Navy-Blue-Back-600x600-1.png,https://prosporter.com.au/wp-content/uploads/2024/02/Zero-2-Unisex-Color-Navy-Blue-Back-600x600-1.png,image/png,600,600,36643,,Zero-2-Unisex-Color-Navy-Blue-Back-600x600,1945,,2024-02-06T10:14:56,200
1950,2024/02/Zero-2-Unisex-Color-Gray-Front-600x600-1.png,https://prosporter.com.au/wp-content/uploads/2024/02/Zero-2-Unisex-Color-Gray-Front-600x600-1.png,image/png,600,600,69389,,Zero-2-Unisex-Color-Gray-Front-600x600,1945,,2024-02-06T10:14:53,200
1949,2024/02/Zero-2-Unisex-Color-Gray-Back-600x600-1.png,https://prosporter.com.au/wp-content/uploads/2024/02/Zero-2-Unisex-Color-Gray-Back-600x600-1.png,image/png,600,600,67338,,Zero-2-Unisex-Color-Gray-Back-600x600,1945,,2024-02-06T10:14:51,200
1947,2024/02/Zero-2-Unisex-Color-Black-Back-600x600-1.png,https://prosporter.com.au/wp-content/uploads/2024/02/Zero-2-Unisex-Color-Black-Back-600x600-1.png,image/png,600,600,27528,,Zero-2-Unisex-Color-Black-Back-600x600,1945,,2024-02-06T10:14:44,200
1836,2024/01/mobile-menu.png,https://prosporter.com.au/wp-content/uploads/2024/01/mobile-menu.png,image/png,754,125,18736,,mobile-menu,,,2024-01-28T20:23:54,200
986,2024/01/subscription.png,https://prosporter.com.au/wp-content/uploads/2024/01/subscription.png,image/png,4000,939,2076371,,subscription,344,,2024-01-21T00:33:42,200
898,2024/01/CLIENT-1.png,https://prosporter.com.au/wp-content/uploads/2024/01/CLIENT-1.png,image/png,297,73,2429,,CLIENT-1,,,2024-01-20T23:39:53,200
868,2024/01/Ultraboost-1896x8000-1.png,https://prosporter.com.au/wp-content/uploads/2024/01/Ultraboost-1896x8000-1.png,image/png,1896,800,704153,,Ultraboost-1896x8000,314,,2024-01-20T23:24:10,200
864,2024/01/Ultraboost-1896x800-1.jpg,https://prosporter.com.au/wp-content/uploads/2024/01/Ultraboost-1896x800-1.jpg,image/jpeg,1896,800,308709,,Ultraboost-1896x800,314,,2024-01-20T23:21:22,200
773,2024/01/Logo-1.png,https://prosporter.com.au/wp-content/uploads/2024/01/Logo-1.png,image/png,294,43,5372,,Logo,314,,2024-01-20T22:00:14,200
639,2024/01/pink-spring-tree-blossomspink.png,https://prosporter.com.au/wp-content/uploads/2024/01/pink-spring-tree-blossomspink.png,image/png,2000,1334,1340247,,pink-spring-tree-blossomspink,344,,2024-01-19T18:59:22,200
638,2024/01/pink-spring-tree-blossoms-pink.png,https://prosporter.com.au/wp-content/uploads/2024/01/pink-spring-tree-blossoms-pink.png,image/png,2000,1334,1467814,,pink-spring-tree-blossoms-pink,344,,2024-01-19T18:57:43,200
636,2024/01/pink-spring-tree-blossoms.png,https://prosporter.com.au/wp-content/uploads/2024/01/pink-spring-tree-blossoms.png,image/png,2000,1333,1450496,,pink-spring-tree-blossoms,344,,2024-01-19T18:55:45,200
611,2024/01/HHSbaseballbkgflip.png,https://prosporter.com.au/wp-content/uploads/2024/01/HHSbaseballbkgflip.png,image/png,1200,800,451385,,HHSbaseballbkgflip,,,2024-01-19T18:00:27,200
610,2024/01/HHSbaseballbkg.png,https://prosporter.com.au/wp-content/uploads/2024/01/HHSbaseballbkg.png,image/png,1200,800,1274489,,HHSbaseballbkg,,,2024-01-19T17:59:19,200
609,2024/01/375526.jpg,https://prosporter.com.au/wp-content/uploads/2024/01/375526.jpg,image/jpeg,1800,1200,949181,,375526,,,2024-01-19T17:56:41,200
608,2024/01/zwc5fawv3o51xsz0myuv-scaled.jpg,https://prosporter.com.au/wp-content/uploads/2024/01/zwc5fawv3o51xsz0myuv-scaled.jpg,image/jpeg,2560,1706,657694,,zwc5fawv3o51xsz0myuv,,,2024-01-19T17:48:25,200
555,2024/01/bannermenu-3.png,https://prosporter.com.au/wp-content/uploads/2024/01/bannermenu-3.png,image/png,800,419,113088,,bannermenu-3,344,,2024-01-19T17:25:42,200
551,2024/01/Bannermenu-2.png,https://prosporter.com.au/wp-content/uploads/2024/01/Bannermenu-2.png,image/png,800,419,137831,,Bannermenu-2,344,,2024-01-19T17:23:23,200
535,2024/01/Bannermenu1.png,https://prosporter.com.au/wp-content/uploads/2024/01/Bannermenu1.png,image/png,800,419,148729,,Bannermenu1,344,,2024-01-19T17:18:28,200
522,2024/01/banner-spring.png,https://prosporter.com.au/wp-content/uploads/2024/01/banner-spring.png,image/png,1102,681,321093,,banner-spring,344,,2024-01-19T17:09:37,200
490,2024/01/cropped-2138352_ball_equipment_gym_sport_training_icon.png,https://prosporter.com.au/wp-content/uploads/2024/01/cropped-2138352_ball_equipment_gym_sport_training_icon.png,image/png,512,512,52078,,cropped-2138352_ball_equipment_gym_sport_training_icon.png,,,2024-01-19T16:29:24,200
489,2024/01/2138352_ball_equipment_gym_sport_training_icon.png,https://prosporter.com.au/wp-content/uploads/2024/01/2138352_ball_equipment_gym_sport_training_icon.png,image/png,512,512,40920,,2138352_ball_equipment_gym_sport_training_icon,,,2024-01-19T16:29:20,200
488,2019/12/Wave-Momentum-3.png,https://prosporter.com.au/wp-content/uploads/2019/12/Wave-Momentum-3.png,image/png,666,666,196263,,Wave Momentum 3,,,2024-01-19T16:09:17,200
487,2019/12/Ultra-Ankle-CTS.png,https://prosporter.com.au/wp-content/uploads/2019/12/Ultra-Ankle-CTS.png,image/png,664,669,205353,,Ultra Ankle CTS,,,2024-01-19T16:09:11,200
486,2019/12/Summit-Heavy-Duty-Mesh.png,https://prosporter.com.au/wp-content/uploads/2019/12/Summit-Heavy-Duty-Mesh.png,image/png,668,670,462117,,Summit Heavy Duty Mesh,,,2024-01-19T16:09:04,200
485,2019/12/Mizuno-Impulse-Core-Tee.png,https://prosporter.com.au/wp-content/uploads/2019/12/Mizuno-Impulse-Core-Tee.png,image/png,671,670,260204,,Mizuno Impulse Core Tee,,,2024-01-19T16:08:58,200
483,2019/12/Mizuno-Alpha-LS-HZ.png,https://prosporter.com.au/wp-content/uploads/2019/12/Mizuno-Alpha-LS-HZ.png,image/png,669,665,175392,,Mizuno Alpha LS HZ,,,2024-01-19T16:08:48,200
482,2019/12/Mikasa-V200W-Indoor.png,https://prosporter.com.au/wp-content/uploads/2019/12/Mikasa-V200W-Indoor.png,image/png,666,666,376919,,Mikasa V200W Indoor,,,2024-01-19T16:08:38,200
481,2019/12/Mikasa-Beatmaster-Whistle.png,https://prosporter.com.au/wp-content/uploads/2019/12/Mikasa-Beatmaster-Whistle.png,image/png,665,670,246231,,Mikasa Beatmaster Whistle,,,2024-01-19T16:08:30,200
480,2019/12/Adidas-Speed-Rope.png,https://prosporter.com.au/wp-content/uploads/2019/12/Adidas-Speed-Rope.png,image/png,667,666,108094,,Adidas Speed Rope,,,2024-01-19T16:08:23,200
367,2024/01/Logo.png,https://prosporter.com.au/wp-content/uploads/2024/01/Logo.png,image/png,294,43,9223,,Logo,,,2024-01-19T03:42:38,200
38,woocommerce-placeholder.png,https://prosporter.com.au/wp-content/uploads/woocommerce-placeholder.png,image/png,1200,1200,102644,,woocommerce-placeholder,,,2024-01-19T01:59:59,200
37,,https://prosporter.com.au/wp-content/uploads/2024/01/qi-addons-for-elementor-placeholder.png,image/png,,,0,,qi-addons-for-elementor-placeholder,,,2024-01-18T23:42:17,200
28,2024/01/image-1705619014-scaled.jpg,https://prosporter.com.au/wp-content/uploads/2024/01/image-1705619014-scaled.jpg,image/jpeg,1943,2560,689843,man holding bike while standing on gray mountain,Photo by Dmitrii Vaccinium,,,2024-01-18T23:03:35,200
18,2024/01/image-1705619005-scaled.jpg,https://prosporter.com.au/wp-content/uploads/2024/01/image-1705619005-scaled.jpg,image/jpeg,2560,1707,686484,man holding bicycle on sidewalk,Photo by Pavan Naik,17,,2024-01-18T23:03:25,200
16,2024/01/image-1705618995-scaled.jpg,https://prosporter.com.au/wp-content/uploads/2024/01/image-1705618995-scaled.jpg,image/jpeg,1440,2560,581445,man skiing on land,Photo by Matthieu Pétiard,,,2024-01-18T23:03:16,200
15,2024/01/image-1705618985-scaled.jpg,https://prosporter.com.au/wp-content/uploads/2024/01/image-1705618985-scaled.jpg,image/jpeg,2560,1707,686484,man holding bicycle on sidewalk,Photo by Pavan Naik,14,,2024-01-18T23:03:05,200
13,2024/01/image-1705618978-scaled.jpg,https://prosporter.com.au/wp-content/uploads/2024/01/image-1705618978-scaled.jpg,image/jpeg,2560,1709,581200,woman doing weight lifting,Photo by John Arano,,,2024-01-18T23:02:59,200
12,2024/01/image-1705618970-scaled.jpg,https://prosporter.com.au/wp-content/uploads/2024/01/image-1705618970-scaled.jpg,image/jpeg,2560,1922,386060,gray computer monitor,Photo by Patrick Tomasso,11,,2024-01-18T23:02:51,200
10,2024/01/image-1705618967-scaled.jpg,https://prosporter.com.au/wp-content/uploads/2024/01/image-1705618967-scaled.jpg,image/jpeg,2560,1707,767808,man on running field,Photo by Braden Collum,,,2024-01-18T23:02:47,200
9,2024/01/image-1705618951-scaled.jpg,https://prosporter.com.au/wp-content/uploads/2024/01/image-1705618951-scaled.jpg,image/jpeg,2560,1707,686484,man holding bicycle on sidewalk,Photo by Pavan Naik,8,,2024-01-18T23:02:31,200
7,2024/01/image-1705618435-scaled.jpg,https://prosporter.com.au/wp-content/uploads/2024/01/image-1705618435-scaled.jpg,image/jpeg,2560,2052,638394,silver MacBook beside battery charger,Photo by lucas Favre,6,,2024-01-18T22:53:55,200
5,2024/01/image-1705618413-scaled.jpg,https://prosporter.com.au/wp-content/uploads/2024/01/image-1705618413-scaled.jpg,image/jpeg,1956,2560,173008,woman jumping near white wall paint,Photo by Clem Onojeghuo,4,,2024-01-18T22:53:34,200
331,2019/12/sidebar-1.jpg,https://prosporter.com.au/wp-content/uploads/2019/12/sidebar-1.jpg,image/jpeg,239,239,48496,,sidebar-1,,,2019-12-20T12:28:13,200
330,2019/12/product-7-1.jpg,https://prosporter.com.au/wp-content/uploads/2019/12/product-7-1.jpg,image/jpeg,800,827,105386,m,product-7,,,2019-12-20T12:14:54,200
292,2019/12/slider-img-2-4.jpg,https://prosporter.com.au/wp-content/uploads/2019/12/slider-img-2-4.jpg,image/jpeg,1920,1100,165167,,slider-img-2,,,2019-12-20T09:21:17,200
288,2019/12/slider-img-2-1.jpg,https://prosporter.com.au/wp-content/uploads/2019/12/slider-img-2-1.jpg,image/jpeg,1920,1100,203501,,slider-img-2,,,2019-12-20T09:05:47,200
276,2019/12/contact-img-4.jpg,https://prosporter.com.au/wp-content/uploads/2019/12/contact-img-4.jpg,image/jpeg,800,477,97487,m,contact-img-4,,,2019-12-18T14:27:42,200
275,2019/12/contact-img-3.jpg,https://prosporter.com.au/wp-content/uploads/2019/12/contact-img-3.jpg,image/jpeg,800,477,75215,m,contact-img-3,,,2019-12-18T14:27:14,200
268,2019/12/contact-img-2.jpg,https://prosporter.com.au/wp-content/uploads/2019/12/contact-img-2.jpg,image/jpeg,800,477,75243,m,contact-img-2,,,2019-12-18T14:19:45,200
251,2019/12/contact-img-1.jpg,https://prosporter.com.au/wp-content/uploads/2019/12/contact-img-1.jpg,image/jpeg,1920,501,97573,m,contact-img-1,,,2019-12-18T13:42:39,200
231,2019/12/faq-img-1.jpg,https://prosporter.com.au/wp-content/uploads/2019/12/faq-img-1.jpg,image/jpeg,1920,501,65430,m,faq-img-1,,,2019-12-18T13:14:30,200
212,2019/12/about-img-1.jpg,https://prosporter.com.au/wp-content/uploads/2019/12/about-img-1.jpg,image/jpeg,1000,615,50097,m,about-img-1,,,2019-12-18T12:47:01,200
211,2019/12/about-img-2.jpg,https://prosporter.com.au/wp-content/uploads/2019/12/about-img-2.jpg,image/jpeg,1000,615,30950,m,about-img-2,,,2019-12-18T12:46:38,200
180,2019/12/slider-img-3.jpg,https://prosporter.com.au/wp-content/uploads/2019/12/slider-img-3.jpg,image/jpeg,1920,1100,113726,m,slider-img-3,,,2019-12-18T11:54:01,200
178,2019/12/slider-img-2.jpg,https://prosporter.com.au/wp-content/uploads/2019/12/slider-img-2.jpg,image/jpeg,1920,1100,85384,m,slider-img-2,,,2019-12-18T11:51:17,200
177,2019/12/slider-backround-1.png,https://prosporter.com.au/wp-content/uploads/2019/12/slider-backround-1.png,image/png,645,367,2365,m,slider-backround-1,,,2019-12-18T11:07:37,200
173,2019/12/slider-img-1.jpg,https://prosporter.com.au/wp-content/uploads/2019/12/slider-img-1.jpg,image/jpeg,1920,1100,203140,m,slider-img-1,,,2019-12-18T10:36:22,200
145,2019/12/logo-footer.png,https://prosporter.com.au/wp-content/uploads/2019/12/logo-footer.png,image/png,118,42,2222,,logo-footer,,,2019-12-17T14:48:31,200
138,2019/12/blog-img-1.jpg,https://prosporter.com.au/wp-content/uploads/2019/12/blog-img-1.jpg,image/jpeg,1300,827,78634,m,blog-img-1,,,2019-12-17T14:22:17,200
135,2019/12/blog-img-2.jpg,https://prosporter.com.au/wp-content/uploads/2019/12/blog-img-2.jpg,image/jpeg,1300,827,116846,m,blog-img-2,,,2019-12-17T14:21:05,200
132,2019/12/blog-img-3.jpg,https://prosporter.com.au/wp-content/uploads/2019/12/blog-img-3.jpg,image/jpeg,1300,827,70927,m,blog-img-3,,,2019-12-17T14:19:38,200
129,2019/12/blog-img-4.jpg,https://prosporter.com.au/wp-content/uploads/2019/12/blog-img-4.jpg,image/jpeg,1300,827,68133,m,blog-img-4,,,2019-12-17T14:18:14,200
126,2019/12/blog-img-5.jpg,https://prosporter.com.au/wp-content/uploads/2019/12/blog-img-5.jpg,image/jpeg,1300,827,86431,m,blog-img-5,,,2019-12-17T14:17:14,200
123,2019/12/blog-img-6.jpg,https://prosporter.com.au/wp-content/uploads/2019/12/blog-img-6.jpg,image/jpeg,1300,827,62951,m,blog-img-6,,,2019-12-17T14:16:03,200
120,2019/12/blog-img-7.jpg,https://prosporter.com.au/wp-content/uploads/2019/12/blog-img-7.jpg,image/jpeg,1300,827,76892,m,blog-img-7,,,2019-12-17T14:13:25,200
117,2019/12/blog-img-8.jpg,https://prosporter.com.au/wp-content/uploads/2019/12/blog-img-8.jpg,image/jpeg,1300,827,111088,m,blog-img-8,,,2019-12-17T14:12:04,200
111,2019/12/blog-img-9.jpg,https://prosporter.com.au/wp-content/uploads/2019/12/blog-img-9.jpg,image/jpeg,1300,827,161312,m,blog-img-9,,,2019-12-17T14:03:28,200
110,2019/12/title-img-2.jpg,https://prosporter.com.au/wp-content/uploads/2019/12/title-img-2.jpg,image/jpeg,1920,501,40987,m,title-img-2,,,2019-12-17T14:00:10,200
94,2019/12/single-img-2.jpg,https://prosporter.com.au/wp-content/uploads/2019/12/single-img-2.jpg,image/jpeg,1918,1100,165689,m,single-img-2,,,2019-12-17T12:51:23,200
92,2019/12/icon-4.png,https://prosporter.com.au/wp-content/uploads/2019/12/icon-4.png,image/png,43,53,1361,m,icon-4,,,2019-12-17T12:48:29,200
90,2019/12/icon-3.png,https://prosporter.com.au/wp-content/uploads/2019/12/icon-3.png,image/png,43,53,2716,m,icon-3,,,2019-12-17T12:47:41,200
89,2019/12/icon-2.png,https://prosporter.com.au/wp-content/uploads/2019/12/icon-2.png,image/png,43,53,1283,m,icon-2,,,2019-12-17T12:46:03,200
81,2019/12/icon-1.png,https://prosporter.com.au/wp-content/uploads/2019/12/icon-1.png,image/png,43,53,1537,m,icon-1,,,2019-12-17T12:39:34,200
74,2019/12/single-img-1.jpg,https://prosporter.com.au/wp-content/uploads/2019/12/single-img-1.jpg,image/jpeg,878,540,42070,m,single-img-1,,,2019-12-17T12:24:04,200
68,2019/12/product-1.jpg,https://prosporter.com.au/wp-content/uploads/2019/12/product-1.jpg,image/jpeg,800,827,15956,m,product-1,,,2019-12-17T11:24:46,200
66,2019/12/product-2.jpg,https://prosporter.com.au/wp-content/uploads/2019/12/product-2.jpg,image/jpeg,800,827,15547,m,product-2,,,2019-12-17T11:21:43,200
64,2019/12/product-3.jpg,https://prosporter.com.au/wp-content/uploads/2019/12/product-3.jpg,image/jpeg,800,827,16536,m,product-3,,,2019-12-17T11:18:38,200
61,2019/12/product-4.jpg,https://prosporter.com.au/wp-content/uploads/2019/12/product-4.jpg,image/jpeg,800,827,15006,m,product-4,,,2019-12-17T11:14:45,200
59,2019/12/product-5.jpg,https://prosporter.com.au/wp-content/uploads/2019/12/product-5.jpg,image/jpeg,800,827,11453,m,product-5,,,2019-12-17T11:12:36,200
57,2019/12/product-6.jpg,https://prosporter.com.au/wp-content/uploads/2019/12/product-6.jpg,image/jpeg,800,827,17483,m,product-6,,,2019-12-17T11:10:09,200
55,2019/12/product-7.jpg,https://prosporter.com.au/wp-content/uploads/2019/12/product-7.jpg,image/jpeg,800,827,20635,m,product-7,,,2019-12-17T10:59:19,200
53,2019/12/title-img-1.jpg,https://prosporter.com.au/wp-content/uploads/2019/12/title-img-1.jpg,image/jpeg,1920,501,42042,m,title-img-1,,,2019-12-17T09:59:59,200
52,2019/12/product-8.jpg,https://prosporter.com.au/wp-content/uploads/2019/12/product-8.jpg,image/jpeg,800,827,8586,m,product-8,,,2019-12-17T09:54:17,200
45,2019/12/woocommerce-placeholder.png,https://prosporter.com.au/wp-content/uploads/2019/12/woocommerce-placeholder.png,image/png,1200,1200,102644,,woocommerce-placeholder,,,2019-12-17T09:43:54,200
295,2019/12/banner-img-3.jpg,https://prosporter.com.au/wp-content/uploads/2019/12/banner-img-3.jpg,image/jpeg,800,419,32382,,banner-img-3,,,2019-12-17T09:22:47,200
309,2019/12/banner-img-2.jpg,https://prosporter.com.au/wp-content/uploads/2019/12/banner-img-2.jpg,image/jpeg,800,419,51598,m,banner-img-2,,,2019-12-17T09:21:47,200
306,2019/12/banner-img-1.jpg,https://prosporter.com.au/wp-content/uploads/2019/12/banner-img-1.jpg,image/jpeg,800,419,52471,m,banner-img-1,,,2019-12-17T08:32:58,200
304,2019/12/client-h6.png,https://prosporter.com.au/wp-content/uploads/2019/12/client-h6.png,image/png,297,73,2490,m,client-h6,,,2019-12-17T08:16:43,200
302,2019/12/client-6.png,https://prosporter.com.au/wp-content/uploads/2019/12/client-6.png,image/png,297,73,2349,m,client-6,,,2019-12-17T08:16:29,200
300,2019/12/client-h5.png,https://prosporter.com.au/wp-content/uploads/2019/12/client-h5.png,image/png,297,73,2211,m,client-h5,,,2019-12-17T08:15:57,200
298,2019/12/client-5.png,https://prosporter.com.au/wp-content/uploads/2019/12/client-5.png,image/png,297,73,2147,m,client-5,,,2019-12-17T08:15:43,200
296,2019/12/client-h4.png,https://prosporter.com.au/wp-content/uploads/2019/12/client-h4.png,image/png,297,73,2417,m,client-h4,,,2019-12-17T08:13:28,200
293,2019/12/client-4.png,https://prosporter.com.au/wp-content/uploads/2019/12/client-4.png,image/png,297,73,2218,m,client-4,,,2019-12-17T08:13:14,200
308,2019/12/client-h3.png,https://prosporter.com.au/wp-content/uploads/2019/12/client-h3.png,image/png,297,73,2954,m,client-h3,,,2019-12-17T08:11:44,200
307,2019/12/client-3.png,https://prosporter.com.au/wp-content/uploads/2019/12/client-3.png,image/png,297,73,2798,m,client-3,,,2019-12-17T08:11:29,200
305,2019/12/client-h2.png,https://prosporter.com.au/wp-content/uploads/2019/12/client-h2.png,image/png,297,73,3356,,client-h2,,,2019-12-17T08:10:41,200
303,2019/12/client-2.png,https://prosporter.com.au/wp-content/uploads/2019/12/client-2.png,image/png,297,73,3142,m,client-2,,,2019-12-17T08:08:48,200
301,2019/12/client-h1.png,https://prosporter.com.au/wp-content/uploads/2019/12/client-h1.png,image/png,297,73,5137,m,client-h1,,,2019-12-17T08:08:19,200
299,2019/12/client-1.png,https://prosporter.com.au/wp-content/uploads/2019/12/client-1.png,image/png,297,73,4353,m,client-1,,,2019-12-17T08:06:43,200
297,2019/12/logo-light.png,https://prosporter.com.au/wp-content/uploads/2019/12/logo-light.png,image/png,118,42,2185,m,logo-light,,,2019-12-16T15:33:36,200
294,2019/12/logo.png,https://prosporter.com.au/wp-content/uploads/2019/12/logo.png,image/png,118,42,2222,m,logo,,,2019-12-16T15:33:18,200
