kind,url_or_source,status,final_status,hops,final_url,content_type,referrer,expected,pass,note
page,https://prosporter.vercel.app/,200,200,0,https://prosporter.vercel.app/,text/html; charset=utf-8,(seed),200,PASS,
page,https://prosporter.vercel.app/about,200,200,0,https://prosporter.vercel.app/about,text/html; charset=utf-8,(seed),200,PASS,
page,https://prosporter.vercel.app/blog,200,200,0,https://prosporter.vercel.app/blog,text/html; charset=utf-8,(seed),200,PASS,
page,https://prosporter.vercel.app/contact,200,200,0,https://prosporter.vercel.app/contact,text/html; charset=utf-8,(seed),200,PASS,
page,https://prosporter.vercel.app/refund-policy,200,200,0,https://prosporter.vercel.app/refund-policy,text/html; charset=utf-8,(seed),200,PASS,
page,https://prosporter.vercel.app/faq,200,200,0,https://prosporter.vercel.app/faq,text/html; charset=utf-8,(seed),200,PASS,
page,https://prosporter.vercel.app/privacy-policy,200,200,0,https://prosporter.vercel.app/privacy-policy,text/html; charset=utf-8,(seed),200,PASS,
page,https://prosporter.vercel.app/size-guide,200,200,0,https://prosporter.vercel.app/size-guide,text/html; charset=utf-8,(seed),200,PASS,
page,https://prosporter.vercel.app/terms-of-service,200,200,0,https://prosporter.vercel.app/terms-of-service,text/html; charset=utf-8,(seed),200,PASS,
page,https://prosporter.vercel.app/product/ace-unisex,200,200,0,https://prosporter.vercel.app/product/ace-unisex,text/html; charset=utf-8,(seed),200,PASS,
page,https://prosporter.vercel.app/product/arm-sleeves-net,200,200,0,https://prosporter.vercel.app/product/arm-sleeves-net,text/html; charset=utf-8,(seed),200,PASS,
page,https://prosporter.vercel.app/search?q=jersey,200,200,0,https://prosporter.vercel.app/search?q=jersey,text/html; charset=utf-8,(seed),200,PASS,
page,https://prosporter.vercel.app/product/baldo-collar-zip,200,200,0,https://prosporter.vercel.app/product/baldo-collar-zip,text/html; charset=utf-8,(seed),200,PASS,
page,https://prosporter.vercel.app/product/arm-sleeves,200,200,0,https://prosporter.vercel.app/product/arm-sleeves,text/html; charset=utf-8,(seed),200,PASS,
page,https://prosporter.vercel.app/product/baldo-hoodie,200,200,0,https://prosporter.vercel.app/product/baldo-hoodie,text/html; charset=utf-8,(seed),200,PASS,
page,https://prosporter.vercel.app/product/baldo-jacket,200,200,0,https://prosporter.vercel.app/product/baldo-jacket,text/html; charset=utf-8,(seed),200,PASS,
page,https://prosporter.vercel.app/product/baldo-pants,200,200,0,https://prosporter.vercel.app/product/baldo-pants,text/html; charset=utf-8,(seed),200,PASS,
page,https://prosporter.vercel.app/product/beac-volley-bikini-bottoms-women-osaka-river,200,200,0,https://prosporter.vercel.app/product/beac-volley-bikini-bottoms-women-osaka-river,text/html; charset=utf-8,(seed),200,PASS,
page,https://prosporter.vercel.app/product/beach-bikini-bottoms-tijuana-green,200,200,0,https://prosporter.vercel.app/product/beach-bikini-bottoms-tijuana-green,text/html; charset=utf-8,(seed),200,PASS,
page,https://prosporter.vercel.app/product/beach-volley-bikini-bottoms-black,200,200,0,https://prosporter.vercel.app/product/beach-volley-bikini-bottoms-black,text/html; charset=utf-8,(seed),200,PASS,
page,https://prosporter.vercel.app/product/beach-volley-bikini-bottoms-modenavolley,200,200,0,https://prosporter.vercel.app/product/beach-volley-bikini-bottoms-modenavolley,text/html; charset=utf-8,(seed),200,PASS,
page,https://prosporter.vercel.app/product/beach-volley-bikini-bottoms-purple,200,200,0,https://prosporter.vercel.app/product/beach-volley-bikini-bottoms-purple,text/html; charset=utf-8,(seed),200,PASS,
page,https://prosporter.vercel.app/product/beach-volley-bikini-bottoms-tijuana-black,200,200,0,https://prosporter.vercel.app/product/beach-volley-bikini-bottoms-tijuana-black,text/html; charset=utf-8,(seed),200,PASS,
page,https://prosporter.vercel.app/product/beach-volley-bikini-bottoms-white,200,200,0,https://prosporter.vercel.app/product/beach-volley-bikini-bottoms-white,text/html; charset=utf-8,(seed),200,PASS,
page,https://prosporter.vercel.app/product/beach-volley-mens-shorts-modena-volley,200,200,0,https://prosporter.vercel.app/product/beach-volley-mens-shorts-modena-volley,text/html; charset=utf-8,(seed),200,PASS,
page,https://prosporter.vercel.app/product/beach-volley-mens-shorts-osaka-black-orca,200,200,0,https://prosporter.vercel.app/product/beach-volley-mens-shorts-osaka-black-orca,text/html; charset=utf-8,(seed),200,PASS,
page,https://prosporter.vercel.app/product/beach-volley-shorts-ibiza-black,200,200,0,https://prosporter.vercel.app/product/beach-volley-shorts-ibiza-black,text/html; charset=utf-8,(seed),200,PASS,
page,https://prosporter.vercel.app/product/beach-volley-shorts-ibiza-purple,200,200,0,https://prosporter.vercel.app/product/beach-volley-shorts-ibiza-purple,text/html; charset=utf-8,(seed),200,PASS,
page,https://prosporter.vercel.app/product/beach-volley-shorts-ibiza-white,200,200,0,https://prosporter.vercel.app/product/beach-volley-shorts-ibiza-white,text/html; charset=utf-8,(seed),200,PASS,
page,https://prosporter.vercel.app/product/beach-volley-shorts-osaka-man,200,200,0,https://prosporter.vercel.app/product/beach-volley-shorts-osaka-man,text/html; charset=utf-8,(seed),200,PASS,
page,https://prosporter.vercel.app/product/beach-volley-shorts-tijuana-green,200,200,0,https://prosporter.vercel.app/product/beach-volley-shorts-tijuana-green,text/html; charset=utf-8,(seed),200,PASS,
page,https://prosporter.vercel.app/product/beach-volley-shorts-tijuana-man-black,200,200,0,https://prosporter.vercel.app/product/beach-volley-shorts-tijuana-man-black,text/html; charset=utf-8,(seed),200,PASS,
page,https://prosporter.vercel.app/product/beach-volley-singlet-ibiza-white,200,200,0,https://prosporter.vercel.app/product/beach-volley-singlet-ibiza-white,text/html; charset=utf-8,(seed),200,PASS,
page,https://prosporter.vercel.app/product/beach-volley-singlet-ibiza-purple,200,200,0,https://prosporter.vercel.app/product/beach-volley-singlet-ibiza-purple,text/html; charset=utf-8,(seed),200,PASS,
page,https://prosporter.vercel.app/product/beach-volley-singlet-osaka-ocean,200,200,0,https://prosporter.vercel.app/product/beach-volley-singlet-osaka-ocean,text/html; charset=utf-8,(seed),200,PASS,
page,https://prosporter.vercel.app/product/beach-volley-singlet-tijuana-yellow,200,200,0,https://prosporter.vercel.app/product/beach-volley-singlet-tijuana-yellow,text/html; charset=utf-8,(seed),200,PASS,
page,https://prosporter.vercel.app/product/beach-volley-womens-shorts-ibiza,200,200,0,https://prosporter.vercel.app/product/beach-volley-womens-shorts-ibiza,text/html; charset=utf-8,(seed),200,PASS,
page,https://prosporter.vercel.app/product/beach-volley-womens-shorts-ibiza-purple,200,200,0,https://prosporter.vercel.app/product/beach-volley-womens-shorts-ibiza-purple,text/html; charset=utf-8,(seed),200,PASS,
page,https://prosporter.vercel.app/product/beach-volley-womens-shorts-tijuana-black,200,200,0,https://prosporter.vercel.app/product/beach-volley-womens-shorts-tijuana-black,text/html; charset=utf-8,(seed),200,PASS,
page,https://prosporter.vercel.app/product/beach-volley-womens-shorts-modena-volley,200,200,0,https://prosporter.vercel.app/product/beach-volley-womens-shorts-modena-volley,text/html; charset=utf-8,(seed),200,PASS,
page,https://prosporter.vercel.app/product/beach-volleyball-crop-top-ibiza-black,200,200,0,https://prosporter.vercel.app/product/beach-volleyball-crop-top-ibiza-black,text/html; charset=utf-8,(seed),200,PASS,
page,https://prosporter.vercel.app/product/beach-volleyball-crop-top-ibiza-purple,200,200,0,https://prosporter.vercel.app/product/beach-volleyball-crop-top-ibiza-purple,text/html; charset=utf-8,(seed),200,PASS,
page,https://prosporter.vercel.app/product/beach-volleyball-crop-top-ibiza-white,200,200,0,https://prosporter.vercel.app/product/beach-volleyball-crop-top-ibiza-white,text/html; charset=utf-8,(seed),200,PASS,
page,https://prosporter.vercel.app/product/beach-volleyball-crop-top-modena-volley,200,200,0,https://prosporter.vercel.app/product/beach-volleyball-crop-top-modena-volley,text/html; charset=utf-8,(seed),200,PASS,
page,https://prosporter.vercel.app/product/beach-volleyball-crop-top-osaka-ocean,200,200,0,https://prosporter.vercel.app/product/beach-volleyball-crop-top-osaka-ocean,text/html; charset=utf-8,(seed),200,PASS,
page,https://prosporter.vercel.app/product/beach-volleyball-crop-top-osaka-river,200,200,0,https://prosporter.vercel.app/product/beach-volleyball-crop-top-osaka-river,text/html; charset=utf-8,(seed),200,PASS,
page,https://prosporter.vercel.app/product/beach-volleyball-crop-top-tijuana-green,200,200,0,https://prosporter.vercel.app/product/beach-volleyball-crop-top-tijuana-green,text/html; charset=utf-8,(seed),200,PASS,
page,https://prosporter.vercel.app/product/beach-volleyball-crop-top-tijuana-yeallow,200,200,0,https://prosporter.vercel.app/product/beach-volleyball-crop-top-tijuana-yeallow,text/html; charset=utf-8,(seed),200,PASS,
page,https://prosporter.vercel.app/product/carrum-mens-t-shirt,200,200,0,https://prosporter.vercel.app/product/carrum-mens-t-shirt,text/html; charset=utf-8,(seed),200,PASS,
page,https://prosporter.vercel.app/product/carrum-mens-shorts-black-and-yellow,200,200,0,https://prosporter.vercel.app/product/carrum-mens-shorts-black-and-yellow,text/html; charset=utf-8,(seed),200,PASS,
page,https://prosporter.vercel.app/product/carrum-womens-jersey-black-and-yellow,200,200,0,https://prosporter.vercel.app/product/carrum-womens-jersey-black-and-yellow,text/html; charset=utf-8,(seed),200,PASS,
page,https://prosporter.vercel.app/product/carrum-womens-shorts-black-and-yellow,200,200,0,https://prosporter.vercel.app/product/carrum-womens-shorts-black-and-yellow,text/html; charset=utf-8,(seed),200,PASS,
page,https://prosporter.vercel.app/product/center-unisex,200,200,0,https://prosporter.vercel.app/product/center-unisex,text/html; charset=utf-8,(seed),200,PASS,
page,https://prosporter.vercel.app/product/coaching-board,200,200,0,https://prosporter.vercel.app/product/coaching-board,text/html; charset=utf-8,(seed),200,PASS,
page,https://prosporter.vercel.app/product/ebayte-unisex,200,200,0,https://prosporter.vercel.app/product/ebayte-unisex,text/html; charset=utf-8,(seed),200,PASS,
page,https://prosporter.vercel.app/product/elbow-pads,200,200,0,https://prosporter.vercel.app/product/elbow-pads,text/html; charset=utf-8,(seed),200,PASS,
page,https://prosporter.vercel.app/product/fast-3-woman,200,200,0,https://prosporter.vercel.app/product/fast-3-woman,text/html; charset=utf-8,(seed),200,PASS,
page,https://prosporter.vercel.app/product/inner-west-volley-female-polo-shirt,200,200,0,https://prosporter.vercel.app/product/inner-west-volley-female-polo-shirt,text/html; charset=utf-8,(seed),200,PASS,
page,https://prosporter.vercel.app/product/inner-west-volley-mens-jersey-black-white,200,200,0,https://prosporter.vercel.app/product/inner-west-volley-mens-jersey-black-white,text/html; charset=utf-8,(seed),200,PASS,
page,https://prosporter.vercel.app/product/inner-west-volley-mens-training-t-shirt,200,200,0,https://prosporter.vercel.app/product/inner-west-volley-mens-training-t-shirt,text/html; charset=utf-8,(seed),200,PASS,
page,https://prosporter.vercel.app/product/inner-west-volley-mens-polo-shirt,200,200,0,https://prosporter.vercel.app/product/inner-west-volley-mens-polo-shirt,text/html; charset=utf-8,(seed),200,PASS,
page,https://prosporter.vercel.app/product/inner-west-volley-socks-1-pair,200,200,0,https://prosporter.vercel.app/product/inner-west-volley-socks-1-pair,text/html; charset=utf-8,(seed),200,PASS,
page,https://prosporter.vercel.app/product/inner-west-volley-men-shorts-black-white,200,200,0,https://prosporter.vercel.app/product/inner-west-volley-men-shorts-black-white,text/html; charset=utf-8,(seed),200,PASS,
page,https://prosporter.vercel.app/product/inner-west-volley-unisex-hats,200,200,0,https://prosporter.vercel.app/product/inner-west-volley-unisex-hats,text/html; charset=utf-8,(seed),200,PASS,
page,https://prosporter.vercel.app/product/inner-west-volley-womens-old-style,200,200,0,https://prosporter.vercel.app/product/inner-west-volley-womens-old-style,text/html; charset=utf-8,(seed),200,PASS,
page,https://prosporter.vercel.app/product/inner-west-volley-womens-training-t-shirt,200,200,0,https://prosporter.vercel.app/product/inner-west-volley-womens-training-t-shirt,text/html; charset=utf-8,(seed),200,PASS,
page,https://prosporter.vercel.app/product/innerwest-volley-brione-jacket,200,200,0,https://prosporter.vercel.app/product/innerwest-volley-brione-jacket,text/html; charset=utf-8,(seed),200,PASS,
page,https://prosporter.vercel.app/product/innerwestvolley-womens-shorts-black-white,200,200,0,https://prosporter.vercel.app/product/innerwestvolley-womens-shorts-black-white,text/html; charset=utf-8,(seed),200,PASS,
page,https://prosporter.vercel.app/product/innerwest-volley-brione-pants-trousers,200,200,0,https://prosporter.vercel.app/product/innerwest-volley-brione-pants-trousers,text/html; charset=utf-8,(seed),200,PASS,
page,https://prosporter.vercel.app/product/isol-casa-black,200,200,0,https://prosporter.vercel.app/product/isol-casa-black,text/html; charset=utf-8,(seed),200,PASS,
page,https://prosporter.vercel.app/product/italia-looney-tunes-kid-shirt,200,200,0,https://prosporter.vercel.app/product/italia-looney-tunes-kid-shirt,text/html; charset=utf-8,(seed),200,PASS,
page,https://prosporter.vercel.app/product/italian-volleyball-jersey,200,200,0,https://prosporter.vercel.app/product/italian-volleyball-jersey,text/html; charset=utf-8,(seed),200,PASS,
page,https://prosporter.vercel.app/product/jordy-man,200,200,0,https://prosporter.vercel.app/product/jordy-man,text/html; charset=utf-8,(seed),200,PASS,
page,https://prosporter.vercel.app/product/jump-spin-socks-1-pairs-pack,200,200,0,https://prosporter.vercel.app/product/jump-spin-socks-1-pairs-pack,text/html; charset=utf-8,(seed),200,PASS,
page,https://prosporter.vercel.app/product/kdu-shirt,200,200,0,https://prosporter.vercel.app/product/kdu-shirt,text/html; charset=utf-8,(seed),200,PASS,
page,https://prosporter.vercel.app/product/knee-pads-sleek,200,200,0,https://prosporter.vercel.app/product/knee-pads-sleek,text/html; charset=utf-8,(seed),200,PASS,
page,https://prosporter.vercel.app/product/knee-pads-spike,200,200,0,https://prosporter.vercel.app/product/knee-pads-spike,text/html; charset=utf-8,(seed),200,PASS,
page,https://prosporter.vercel.app/product/looney-tunes-kids-short,200,200,0,https://prosporter.vercel.app/product/looney-tunes-kids-short,text/html; charset=utf-8,(seed),200,PASS,
page,https://prosporter.vercel.app/product/macron-shirt-kids,200,200,0,https://prosporter.vercel.app/product/macron-shirt-kids,text/html; charset=utf-8,(seed),200,PASS,
page,https://prosporter.vercel.app/product/mizuno-t-shirt,200,200,0,https://prosporter.vercel.app/product/mizuno-t-shirt,text/html; charset=utf-8,(seed),200,PASS,
page,https://prosporter.vercel.app/product/modena-unisex-jacket,200,200,0,https://prosporter.vercel.app/product/modena-unisex-jacket,text/html; charset=utf-8,(seed),200,PASS,
page,https://prosporter.vercel.app/product/mcos-nsw-short,200,200,0,https://prosporter.vercel.app/product/mcos-nsw-short,text/html; charset=utf-8,(seed),200,PASS,
page,https://prosporter.vercel.app/product/mv-jackets,200,200,0,https://prosporter.vercel.app/product/mv-jackets,text/html; charset=utf-8,(seed),200,PASS,
page,https://prosporter.vercel.app/product/nago,200,200,0,https://prosporter.vercel.app/product/nago,text/html; charset=utf-8,(seed),200,PASS,
page,https://prosporter.vercel.app/product/nine-jump-socks-1-pair-pack,200,200,0,https://prosporter.vercel.app/product/nine-jump-socks-1-pair-pack,text/html; charset=utf-8,(seed),200,PASS,
page,https://prosporter.vercel.app/product/nine-knee-pads-new-shield,200,200,0,https://prosporter.vercel.app/product/nine-knee-pads-new-shield,text/html; charset=utf-8,(seed),200,PASS,
page,https://prosporter.vercel.app/product/nine-rain-jacket-nine,200,200,0,https://prosporter.vercel.app/product/nine-rain-jacket-nine,text/html; charset=utf-8,(seed),200,PASS,
page,https://prosporter.vercel.app/product/nine-rain-jacket-ibiza-white,200,200,0,https://prosporter.vercel.app/product/nine-rain-jacket-ibiza-white,text/html; charset=utf-8,(seed),200,PASS,
page,https://prosporter.vercel.app/product/nine-rain-jacket-osaka-ocean,200,200,0,https://prosporter.vercel.app/product/nine-rain-jacket-osaka-ocean,text/html; charset=utf-8,(seed),200,PASS,
page,https://prosporter.vercel.app/product/nine-singlet-modena-volley,200,200,0,https://prosporter.vercel.app/product/nine-singlet-modena-volley,text/html; charset=utf-8,(seed),200,PASS,
page,https://prosporter.vercel.app/product/nine-volleyball-x-tape,200,200,0,https://prosporter.vercel.app/product/nine-volleyball-x-tape,text/html; charset=utf-8,(seed),200,PASS,
page,https://prosporter.vercel.app/product/ora,200,200,0,https://prosporter.vercel.app/product/ora,text/html; charset=utf-8,(seed),200,PASS,
page,https://prosporter.vercel.app/product/nine-womens-shorts-ibiza,200,200,0,https://prosporter.vercel.app/product/nine-womens-shorts-ibiza,text/html; charset=utf-8,(seed),200,PASS,
page,https://prosporter.vercel.app/product/pallavalo-shirt,200,200,0,https://prosporter.vercel.app/product/pallavalo-shirt,text/html; charset=utf-8,(seed),200,PASS,
page,https://prosporter.vercel.app/product/petrol-short-light-female,200,200,0,https://prosporter.vercel.app/product/petrol-short-light-female,text/html; charset=utf-8,(seed),200,PASS,
page,https://prosporter.vercel.app/product/ponale-jacket,200,200,0,https://prosporter.vercel.app/product/ponale-jacket,text/html; charset=utf-8,(seed),200,PASS,
page,https://prosporter.vercel.app/product/ponale-sweater,200,200,0,https://prosporter.vercel.app/product/ponale-sweater,text/html; charset=utf-8,(seed),200,PASS,
page,https://prosporter.vercel.app/product/ponale-pants,200,200,0,https://prosporter.vercel.app/product/ponale-pants,text/html; charset=utf-8,(seed),200,PASS,
page,https://prosporter.vercel.app/product/premier-provolley-jersey-2026-27,200,200,0,https://prosporter.vercel.app/product/premier-provolley-jersey-2026-27,text/html; charset=utf-8,(seed),200,PASS,
page,https://prosporter.vercel.app/product/premier-provolley-shorts-2026-27,200,200,0,https://prosporter.vercel.app/product/premier-provolley-shorts-2026-27,text/html; charset=utf-8,(seed),200,PASS,
page,https://prosporter.vercel.app/product/presser-polo-t-shirt,200,200,0,https://prosporter.vercel.app/product/presser-polo-t-shirt,text/html; charset=utf-8,(seed),200,PASS,
page,https://prosporter.vercel.app/product/prosporter-ball-cart-trolley,200,200,0,https://prosporter.vercel.app/product/prosporter-ball-cart-trolley,text/html; charset=utf-8,(seed),200,PASS,
page,https://prosporter.vercel.app/product/prosporter-ball-cart-trolley-replacement-bag-inner-fabric,200,200,0,https://prosporter.vercel.app/product/prosporter-ball-cart-trolley-replacement-bag-inner-fabric,text/html; charset=utf-8,(seed),200,PASS,
page,https://prosporter.vercel.app/product/provolley-brione-full-zip-track-jacket,200,200,0,https://prosporter.vercel.app/product/provolley-brione-full-zip-track-jacket,text/html; charset=utf-8,(seed),200,PASS,
page,https://prosporter.vercel.app/product/provolley-brione-full-zip-tracksuit-navy,200,200,0,https://prosporter.vercel.app/product/provolley-brione-full-zip-tracksuit-navy,text/html; charset=utf-8,(seed),200,PASS,
page,https://prosporter.vercel.app/product/provolley-brione-track-pants,200,200,0,https://prosporter.vercel.app/product/provolley-brione-track-pants,text/html; charset=utf-8,(seed),200,PASS,
page,https://prosporter.vercel.app/product/provolley-kids-t-shirt-with-number,200,200,0,https://prosporter.vercel.app/product/provolley-kids-t-shirt-with-number,text/html; charset=utf-8,(seed),200,PASS,
page,https://prosporter.vercel.app/product/provolley-kids-training-shorts,200,200,0,https://prosporter.vercel.app/product/provolley-kids-training-shorts,text/html; charset=utf-8,(seed),200,PASS,
page,https://prosporter.vercel.app/product/provolley-kids-training-t-shirt,200,200,0,https://prosporter.vercel.app/product/provolley-kids-training-t-shirt,text/html; charset=utf-8,(seed),200,PASS,
page,https://prosporter.vercel.app/product/provolley-men-old-style-shorts,200,200,0,https://prosporter.vercel.app/product/provolley-men-old-style-shorts,text/html; charset=utf-8,(seed),200,PASS,
page,https://prosporter.vercel.app/product/provolley-men-training-t-shirt-navy,200,200,0,https://prosporter.vercel.app/product/provolley-men-training-t-shirt-navy,text/html; charset=utf-8,(seed),200,PASS,
page,https://prosporter.vercel.app/product/provolley-mens-shorts-navy-white-yellow-copy,200,200,0,https://prosporter.vercel.app/product/provolley-mens-shorts-navy-white-yellow-copy,text/html; charset=utf-8,(seed),200,PASS,
page,https://prosporter.vercel.app/product/provolley-mens-volleyball-jersey-sydney,200,200,0,https://prosporter.vercel.app/product/provolley-mens-volleyball-jersey-sydney,text/html; charset=utf-8,(seed),200,PASS,
page,https://prosporter.vercel.app/product/provolley-menss-polo-2026-27-nine-teamwear,200,200,0,https://prosporter.vercel.app/product/provolley-menss-polo-2026-27-nine-teamwear,text/html; charset=utf-8,(seed),200,PASS,
page,https://prosporter.vercel.app/product/provolley-premium-t-shirt-cinque-men,200,200,0,https://prosporter.vercel.app/product/provolley-premium-t-shirt-cinque-men,text/html; charset=utf-8,(seed),200,PASS,
page,https://prosporter.vercel.app/product/provolley-premium-tshirt-cinque-women,200,200,0,https://prosporter.vercel.app/product/provolley-premium-tshirt-cinque-women,text/html; charset=utf-8,(seed),200,PASS,
page,https://prosporter.vercel.app/product/provolley-socks-1-pair,200,200,0,https://prosporter.vercel.app/product/provolley-socks-1-pair,text/html; charset=utf-8,(seed),200,PASS,
page,https://prosporter.vercel.app/product/provolley-team-sweater-nine-unisex,200,200,0,https://prosporter.vercel.app/product/provolley-team-sweater-nine-unisex,text/html; charset=utf-8,(seed),200,PASS,
page,https://prosporter.vercel.app/product/provolley-training-t-shirt,200,200,0,https://prosporter.vercel.app/product/provolley-training-t-shirt,text/html; charset=utf-8,(seed),200,PASS,
page,https://prosporter.vercel.app/product/provolley-unisex-hats,200,200,0,https://prosporter.vercel.app/product/provolley-unisex-hats,text/html; charset=utf-8,(seed),200,PASS,
page,https://prosporter.vercel.app/product/provolley-winter-hoodie-2024,200,200,0,https://prosporter.vercel.app/product/provolley-winter-hoodie-2024,text/html; charset=utf-8,(seed),200,PASS,
page,https://prosporter.vercel.app/product/provolley-women-shorts-navy-white-yellow,200,200,0,https://prosporter.vercel.app/product/provolley-women-shorts-navy-white-yellow,text/html; charset=utf-8,(seed),200,PASS,
page,https://prosporter.vercel.app/product/provolley-womens-old-style-short,200,200,0,https://prosporter.vercel.app/product/provolley-womens-old-style-short,text/html; charset=utf-8,(seed),200,PASS,
page,https://prosporter.vercel.app/product/provolley-winter-pants-teamwear-2024,200,200,0,https://prosporter.vercel.app/product/provolley-winter-pants-teamwear-2024,text/html; charset=utf-8,(seed),200,PASS,
page,https://prosporter.vercel.app/product/provolley-womens-training-t-shirt-nine,200,200,0,https://prosporter.vercel.app/product/provolley-womens-training-t-shirt-nine,text/html; charset=utf-8,(seed),200,PASS,
page,https://prosporter.vercel.app/product/provolley-womens-polo-2026-27,200,200,0,https://prosporter.vercel.app/product/provolley-womens-polo-2026-27,text/html; charset=utf-8,(seed),200,PASS,
page,https://prosporter.vercel.app/product/quick-2-unisex,200,200,0,https://prosporter.vercel.app/product/quick-2-unisex,text/html; charset=utf-8,(seed),200,PASS,
page,https://prosporter.vercel.app/product/provolley-womens-volleyball-jersey-sydney-australia,200,200,0,https://prosporter.vercel.app/product/provolley-womens-volleyball-jersey-sydney-australia,text/html; charset=utf-8,(seed),200,PASS,
page,https://prosporter.vercel.app/product/royal-unisex-jacket,200,200,0,https://prosporter.vercel.app/product/royal-unisex-jacket,text/html; charset=utf-8,(seed),200,PASS,
page,https://prosporter.vercel.app/product/royal-male-t-shirt,200,200,0,https://prosporter.vercel.app/product/royal-male-t-shirt,text/html; charset=utf-8,(seed),200,PASS,
page,https://prosporter.vercel.app/product/royal-unisex-pants-black,200,200,0,https://prosporter.vercel.app/product/royal-unisex-pants-black,text/html; charset=utf-8,(seed),200,PASS,
page,https://prosporter.vercel.app/product/sette-shirt,200,200,0,https://prosporter.vercel.app/product/sette-shirt,text/html; charset=utf-8,(seed),200,PASS,
page,https://prosporter.vercel.app/product/spikers-turf-t-shirt,200,200,0,https://prosporter.vercel.app/product/spikers-turf-t-shirt,text/html; charset=utf-8,(seed),200,PASS,
page,https://prosporter.vercel.app/product/slide-zip,200,200,0,https://prosporter.vercel.app/product/slide-zip,text/html; charset=utf-8,(seed),200,PASS,
page,https://prosporter.vercel.app/product/stivo-jacket,200,200,0,https://prosporter.vercel.app/product/stivo-jacket,text/html; charset=utf-8,(seed),200,PASS,
page,https://prosporter.vercel.app/product/stivo-pants,200,200,0,https://prosporter.vercel.app/product/stivo-pants,text/html; charset=utf-8,(seed),200,PASS,
page,https://prosporter.vercel.app/product/tennessee-shirt,200,200,0,https://prosporter.vercel.app/product/tennessee-shirt,text/html; charset=utf-8,(seed),200,PASS,
page,https://prosporter.vercel.app/product/val-male-t-shirt,200,200,0,https://prosporter.vercel.app/product/val-male-t-shirt,text/html; charset=utf-8,(seed),200,PASS,
page,https://prosporter.vercel.app/product/val-jacket,200,200,0,https://prosporter.vercel.app/product/val-jacket,text/html; charset=utf-8,(seed),200,PASS,
page,https://prosporter.vercel.app/product/val-polo-mens,200,200,0,https://prosporter.vercel.app/product/val-polo-mens,text/html; charset=utf-8,(seed),200,PASS,
page,https://prosporter.vercel.app/product/velo-pants,200,200,0,https://prosporter.vercel.app/product/velo-pants,text/html; charset=utf-8,(seed),200,PASS,
page,https://prosporter.vercel.app/product/womens-volleyball-jersey-sydney-australia,200,200,0,https://prosporter.vercel.app/product/womens-volleyball-jersey-sydney-australia,text/html; charset=utf-8,(seed),200,PASS,
page,https://prosporter.vercel.app/product/zero-2-unisex,200,200,0,https://prosporter.vercel.app/product/zero-2-unisex,text/html; charset=utf-8,(seed),200,PASS,
page,https://prosporter.vercel.app/shop,200,200,0,https://prosporter.vercel.app/shop,text/html; charset=utf-8,(seed),200,PASS,
page,https://prosporter.vercel.app/shop/tops,200,200,0,https://prosporter.vercel.app/shop/tops,text/html; charset=utf-8,https://prosporter.vercel.app/,200,PASS,
page,https://prosporter.vercel.app/shop/shorts-pants,200,200,0,https://prosporter.vercel.app/shop/shorts-pants,text/html; charset=utf-8,https://prosporter.vercel.app/,200,PASS,
page,https://prosporter.vercel.app/shop/hoodies-jackets,200,200,0,https://prosporter.vercel.app/shop/hoodies-jackets,text/html; charset=utf-8,https://prosporter.vercel.app/,200,PASS,
page,https://prosporter.vercel.app/shop/jerseys,200,200,0,https://prosporter.vercel.app/shop/jerseys,text/html; charset=utf-8,https://prosporter.vercel.app/,200,PASS,
page,https://prosporter.vercel.app/shop/accessories,200,200,0,https://prosporter.vercel.app/shop/accessories,text/html; charset=utf-8,https://prosporter.vercel.app/,200,PASS,
page,https://prosporter.vercel.app/shop/beach,200,200,0,https://prosporter.vercel.app/shop/beach,text/html; charset=utf-8,https://prosporter.vercel.app/,200,PASS,
page,https://prosporter.vercel.app/shop/new-arrivals,200,200,0,https://prosporter.vercel.app/shop/new-arrivals,text/html; charset=utf-8,https://prosporter.vercel.app/,200,PASS,
page,https://prosporter.vercel.app/shop/indoor,200,200,0,https://prosporter.vercel.app/shop/indoor,text/html; charset=utf-8,https://prosporter.vercel.app/,200,PASS,
page,https://prosporter.vercel.app/shop/clubs/provolley-academy,200,200,0,https://prosporter.vercel.app/shop/clubs/provolley-academy,text/html; charset=utf-8,https://prosporter.vercel.app/,200,PASS,
page,https://prosporter.vercel.app/shop/clubs/teamwear,200,200,0,https://prosporter.vercel.app/shop/clubs/teamwear,text/html; charset=utf-8,https://prosporter.vercel.app/,200,PASS,
page,https://prosporter.vercel.app/shop/clubs/inner-west-volley,200,200,0,https://prosporter.vercel.app/shop/clubs/inner-west-volley,text/html; charset=utf-8,https://prosporter.vercel.app/,200,PASS,
page,https://prosporter.vercel.app/shop/sale,200,200,0,https://prosporter.vercel.app/shop/sale,text/html; charset=utf-8,https://prosporter.vercel.app/,200,PASS,
page,https://prosporter.vercel.app/blog/how-to-choose-the-right-sport-merchant-for-your-business,200,200,0,https://prosporter.vercel.app/blog/how-to-choose-the-right-sport-merchant-for-your-business,text/html; charset=utf-8,https://prosporter.vercel.app/blog,200,PASS,
page,https://prosporter.vercel.app/blog/the-benefits-of-shopping-at-a-sport-merchant,200,200,0,https://prosporter.vercel.app/blog/the-benefits-of-shopping-at-a-sport-merchant,text/html; charset=utf-8,https://prosporter.vercel.app/blog,200,PASS,
page,https://prosporter.vercel.app/blog/choosing-the-right-sport-merchant-for-your-needs,200,200,0,https://prosporter.vercel.app/blog/choosing-the-right-sport-merchant-for-your-needs,text/html; charset=utf-8,https://prosporter.vercel.app/blog,200,PASS,
page,https://prosporter.vercel.app/blog/how-to-choose-the-right-sport-merchant-for-your-needs,200,200,0,https://prosporter.vercel.app/blog/how-to-choose-the-right-sport-merchant-for-your-needs,text/html; charset=utf-8,https://prosporter.vercel.app/blog,200,PASS,
page,https://prosporter.vercel.app/blog/a-guide-to-choosing-the-right-sport-merchant,200,200,0,https://prosporter.vercel.app/blog/a-guide-to-choosing-the-right-sport-merchant,text/html; charset=utf-8,https://prosporter.vercel.app/blog,200,PASS,
page,https://prosporter.vercel.app/blog/the-ultimate-guide-to-choosing-the-right-sport-merchant,200,200,0,https://prosporter.vercel.app/blog/the-ultimate-guide-to-choosing-the-right-sport-merchant,text/html; charset=utf-8,https://prosporter.vercel.app/blog,200,PASS,
page,https://prosporter.vercel.app/blog/superfood-beauty,200,200,0,https://prosporter.vercel.app/blog/superfood-beauty,text/html; charset=utf-8,https://prosporter.vercel.app/blog,200,PASS,
page,https://prosporter.vercel.app/blog/authentic-brands,200,200,0,https://prosporter.vercel.app/blog/authentic-brands,text/html; charset=utf-8,https://prosporter.vercel.app/blog,200,PASS,
page,https://prosporter.vercel.app/blog/led-light-therapy,200,200,0,https://prosporter.vercel.app/blog/led-light-therapy,text/html; charset=utf-8,https://prosporter.vercel.app/blog,200,PASS,
page,https://prosporter.vercel.app/blog/hair-care-organic,200,200,0,https://prosporter.vercel.app/blog/hair-care-organic,text/html; charset=utf-8,https://prosporter.vercel.app/blog,200,PASS,
page,https://prosporter.vercel.app/blog/ethical-skin-care,200,200,0,https://prosporter.vercel.app/blog/ethical-skin-care,text/html; charset=utf-8,https://prosporter.vercel.app/blog,200,PASS,
page,https://prosporter.vercel.app/blog/everything-about-skin,200,200,0,https://prosporter.vercel.app/blog/everything-about-skin,text/html; charset=utf-8,https://prosporter.vercel.app/blog,200,PASS,
page,https://prosporter.vercel.app/blog/growing-categories,200,200,0,https://prosporter.vercel.app/blog/growing-categories,text/html; charset=utf-8,https://prosporter.vercel.app/blog,200,PASS,
page,https://prosporter.vercel.app/blog/latest-make-up-trends,200,200,0,https://prosporter.vercel.app/blog/latest-make-up-trends,text/html; charset=utf-8,https://prosporter.vercel.app/blog,200,PASS,
page,https://prosporter.vercel.app/blog/109,200,200,0,https://prosporter.vercel.app/blog/109,text/html; charset=utf-8,https://prosporter.vercel.app/blog,200,PASS,
page,https://prosporter.vercel.app/search?q=jersey&amp;sort=price-asc,200,200,0,https://prosporter.vercel.app/search?q=jersey&amp;sort=price-asc,text/html; charset=utf-8,https://prosporter.vercel.app/search?q=jersey,200,PASS,
page,https://prosporter.vercel.app/shop/frontpage,200,200,0,https://prosporter.vercel.app/shop/frontpage,text/html; charset=utf-8,https://prosporter.vercel.app/product/ace-unisex,200,PASS,
page,https://prosporter.vercel.app/search?q=jersey&amp;sort=price-desc,200,200,0,https://prosporter.vercel.app/search?q=jersey&amp;sort=price-desc,text/html; charset=utf-8,https://prosporter.vercel.app/search?q=jersey,200,PASS,
page,https://prosporter.vercel.app/product/calle-2,200,200,0,https://prosporter.vercel.app/product/calle-2,text/html; charset=utf-8,https://prosporter.vercel.app/shop,200,PASS,
page,https://prosporter.vercel.app/product/royal-male-t-shirt-2,200,200,0,https://prosporter.vercel.app/product/royal-male-t-shirt-2,text/html; charset=utf-8,https://prosporter.vercel.app/shop,200,PASS,
image,https://cdn.shopify.com/s/files/1/1025/4742/3597/files/thumb1024_ninesquared-ace-white-fr-U.png?v=1788590525,200,200,0,https://cdn.shopify.com/s/files/1/1025/4742/3597/files/thumb1024_ninesquared-ace-white-fr-U.png?v=1788590525,image/png,https://prosporter.vercel.app/,200,PASS,
image,https://cdn.shopify.com/s/files/1/1025/4742/3597/files/thumb1024_ninesquared-manicotto-black.jpg?v=1788592561,200,200,0,https://cdn.shopify.com/s/files/1/1025/4742/3597/files/thumb1024_ninesquared-manicotto-black.jpg?v=1788592561,image/jpeg,https://prosporter.vercel.app/,200,PASS,
image,https://cdn.shopify.com/s/files/1/1025/4742/3597/files/20.png?v=1788592564,200,200,0,https://cdn.shopify.com/s/files/1/1025/4742/3597/files/20.png?v=1788592564,image/png,https://prosporter.vercel.app/,200,PASS,
image,https://cdn.shopify.com/s/files/1/1025/4742/3597/files/7.png?v=1788592568,200,200,0,https://cdn.shopify.com/s/files/1/1025/4742/3597/files/7.png?v=1788592568,image/png,https://prosporter.vercel.app/,200,PASS,
image,https://prosporter.vercel.app/brand/prosporter-logo.png,200,200,0,https://prosporter.vercel.app/brand/prosporter-logo.png,image/png,https://prosporter.vercel.app/,200,PASS,
image,https://prosporter.vercel.app/hero/silhouettes.jpg,200,200,0,https://prosporter.vercel.app/hero/silhouettes.jpg,image/jpeg,https://prosporter.vercel.app/,200,PASS,
image,https://cdn.shopify.com/s/files/1/1025/4742/3597/files/19-1.png?v=1788592582,200,200,0,https://cdn.shopify.com/s/files/1/1025/4742/3597/files/19-1.png?v=1788592582,image/png,https://prosporter.vercel.app/,200,PASS,
image,https://cdn.shopify.com/s/files/1/1025/4742/3597/files/thumb1024_ninesquared-center-black-fr-M.jpg?v=1788592585,200,200,0,https://cdn.shopify.com/s/files/1/1025/4742/3597/files/thumb1024_ninesquared-center-black-fr-M.jpg?v=1788592585,image/jpeg,https://prosporter.vercel.app/,200,PASS,
image,https://cdn.shopify.com/s/files/1/1025/4742/3597/files/thumb1024_ninesquared-elbow-pads-black-1.jpg?v=1788592601,200,200,0,https://cdn.shopify.com/s/files/1/1025/4742/3597/files/thumb1024_ninesquared-elbow-pads-black-1.jpg?v=1788592601,image/jpeg,https://prosporter.vercel.app/,200,PASS,
image,https://cdn.shopify.com/s/files/1/1025/4742/3597/files/thumb1024_ninesquared-zero2-blue-navy-fr-U.jpg?v=1788592716,200,200,0,https://cdn.shopify.com/s/files/1/1025/4742/3597/files/thumb1024_ninesquared-zero2-blue-navy-fr-U.jpg?v=1788592716,image/jpeg,https://prosporter.vercel.app/,200,PASS,
image,https://cdn.shopify.com/s/files/1/1025/4742/3597/files/IMG_2514-scaled.jpg?v=1788592789,200,200,0,https://cdn.shopify.com/s/files/1/1025/4742/3597/files/IMG_2514-scaled.jpg?v=1788592789,image/jpeg,https://prosporter.vercel.app/,200,PASS,
image,https://cdn.shopify.com/s/files/1/1025/4742/3597/files/15.png?v=1788592603,200,200,0,https://cdn.shopify.com/s/files/1/1025/4742/3597/files/15.png?v=1788592603,image/png,https://prosporter.vercel.app/,200,PASS,
image,https://cdn.shopify.com/s/files/1/1025/4742/3597/files/ninesquared-quattro-shorts-ibiza-M-purple-Copia.jpg?v=1788592733,200,200,0,https://cdn.shopify.com/s/files/1/1025/4742/3597/files/ninesquared-quattro-shorts-ibiza-M-purple-Copia.jpg?v=1788592733,image/jpeg,https://prosporter.vercel.app/,200,PASS,
image,https://prosporter.vercel.app/products/placeholder.svg?dpl=dpl_5g76PZ6vfxEj9vk5PuP5DduYos58,200,200,0,https://prosporter.vercel.app/products/placeholder.svg?dpl=dpl_5g76PZ6vfxEj9vk5PuP5DduYos58,image/svg+xml,https://prosporter.vercel.app/,200,PASS,
image,https://cdn.shopify.com/s/files/1/1025/4742/3597/files/image-1705618978-1024x684.jpg?v=1788667938,200,200,0,https://cdn.shopify.com/s/files/1/1025/4742/3597/files/image-1705618978-1024x684.jpg?v=1788667938,image/jpeg,https://prosporter.vercel.app/about,200,PASS,
image,https://cdn.shopify.com/s/files/1/1025/4742/3597/files/CLIENT-1.png?v=1788667937,200,200,0,https://cdn.shopify.com/s/files/1/1025/4742/3597/files/CLIENT-1.png?v=1788667937,image/png,https://prosporter.vercel.app/about,200,PASS,
image,https://cdn.shopify.com/s/files/1/1025/4742/3597/files/Prosporter-Logo_Colour.png?v=1788667944,200,200,0,https://cdn.shopify.com/s/files/1/1025/4742/3597/files/Prosporter-Logo_Colour.png?v=1788667944,image/png,https://prosporter.vercel.app/about,200,PASS,
image,https://cdn.shopify.com/s/files/1/1025/4742/3597/files/Unisex-Size-Guide-1.png?v=1788667964,200,200,0,https://cdn.shopify.com/s/files/1/1025/4742/3597/files/Unisex-Size-Guide-1.png?v=1788667964,image/png,https://prosporter.vercel.app/size-guide,200,PASS,
image,https://cdn.shopify.com/s/files/1/1025/4742/3597/files/Kneepads-Size-Guide-1.png?v=1788667966,200,200,0,https://cdn.shopify.com/s/files/1/1025/4742/3597/files/Kneepads-Size-Guide-1.png?v=1788667966,image/png,https://prosporter.vercel.app/size-guide,200,PASS,
image,https://cdn.shopify.com/s/files/1/1025/4742/3597/files/Women-Size-Guide-1.png?v=1788667965,200,200,0,https://cdn.shopify.com/s/files/1/1025/4742/3597/files/Women-Size-Guide-1.png?v=1788667965,image/png,https://prosporter.vercel.app/size-guide,200,PASS,
image,https://cdn.shopify.com/s/files/1/1025/4742/3597/files/Armsleeves-Ace-Size-Guide.png?v=1788667967,200,200,0,https://cdn.shopify.com/s/files/1/1025/4742/3597/files/Armsleeves-Ace-Size-Guide.png?v=1788667967,image/png,https://prosporter.vercel.app/size-guide,200,PASS,
image,https://cdn.shopify.com/s/files/1/1025/4742/3597/files/Ace-orange.png?v=1788590526,200,200,0,https://cdn.shopify.com/s/files/1/1025/4742/3597/files/Ace-orange.png?v=1788590526,image/png,https://prosporter.vercel.app/product/ace-unisex,200,PASS,
image,https://cdn.shopify.com/s/files/1/1025/4742/3597/files/Armsleeves-Net-Suize-Guid.png?v=1788667967,200,200,0,https://cdn.shopify.com/s/files/1/1025/4742/3597/files/Armsleeves-Net-Suize-Guid.png?v=1788667967,image/png,https://prosporter.vercel.app/size-guide,200,PASS,
image,https://cdn.shopify.com/s/files/1/1025/4742/3597/files/Ace-Yellow.png?v=1788590527,200,200,0,https://cdn.shopify.com/s/files/1/1025/4742/3597/files/Ace-Yellow.png?v=1788590527,image/png,https://prosporter.vercel.app/product/ace-unisex,200,PASS,
image,https://cdn.shopify.com/s/files/1/1025/4742/3597/files/Ace-Navy.png?v=1788590527,200,200,0,https://cdn.shopify.com/s/files/1/1025/4742/3597/files/Ace-Navy.png?v=1788590527,image/png,https://prosporter.vercel.app/product/ace-unisex,200,PASS,
image,https://cdn.shopify.com/s/files/1/1025/4742/3597/files/Ace-green.png?v=1788590528,200,200,0,https://cdn.shopify.com/s/files/1/1025/4742/3597/files/Ace-green.png?v=1788590528,image/png,https://prosporter.vercel.app/product/ace-unisex,200,PASS,
image,https://cdn.shopify.com/s/files/1/1025/4742/3597/files/Ace-Sky-Blue.png?v=1788590529,200,200,0,https://cdn.shopify.com/s/files/1/1025/4742/3597/files/Ace-Sky-Blue.png?v=1788590529,image/png,https://prosporter.vercel.app/product/ace-unisex,200,PASS,
image,https://cdn.shopify.com/s/files/1/1025/4742/3597/files/Elbow-Pads-Size-Guide.png?v=1788667969,200,200,0,https://cdn.shopify.com/s/files/1/1025/4742/3597/files/Elbow-Pads-Size-Guide.png?v=1788667969,image/png,https://prosporter.vercel.app/size-guide,200,PASS,
image,https://cdn.shopify.com/s/files/1/1025/4742/3597/files/Sleeves-White-600x600-1.png?v=1788590528,200,200,0,https://cdn.shopify.com/s/files/1/1025/4742/3597/files/Sleeves-White-600x600-1.png?v=1788590528,image/png,https://prosporter.vercel.app/product/ace-unisex,200,PASS,
image,https://cdn.shopify.com/s/files/1/1025/4742/3597/files/How-to-Measure-Size-Guide-2.png?v=1788667970,200,200,0,https://cdn.shopify.com/s/files/1/1025/4742/3597/files/How-to-Measure-Size-Guide-2.png?v=1788667970,image/png,https://prosporter.vercel.app/size-guide,200,PASS,
image,https://cdn.shopify.com/s/files/1/1025/4742/3597/files/1-12.png?v=1788592616,200,200,0,https://cdn.shopify.com/s/files/1/1025/4742/3597/files/1-12.png?v=1788592616,image/png,https://prosporter.vercel.app/product/arm-sleeves-net,200,PASS,
image,https://cdn.shopify.com/s/files/1/1025/4742/3597/files/2-11.png?v=1788592617,200,200,0,https://cdn.shopify.com/s/files/1/1025/4742/3597/files/2-11.png?v=1788592617,image/png,https://prosporter.vercel.app/product/arm-sleeves-net,200,PASS,
image,https://cdn.shopify.com/s/files/1/1025/4742/3597/files/18.png?v=1788592615,200,200,0,https://cdn.shopify.com/s/files/1/1025/4742/3597/files/18.png?v=1788592615,image/png,https://prosporter.vercel.app/product/arm-sleeves-net,200,PASS,
image,https://cdn.shopify.com/s/files/1/1025/4742/3597/files/3-11.png?v=1788592618,200,200,0,https://cdn.shopify.com/s/files/1/1025/4742/3597/files/3-11.png?v=1788592618,image/png,https://prosporter.vercel.app/product/arm-sleeves-net,200,PASS,
image,https://cdn.shopify.com/s/files/1/1025/4742/3597/files/4-10.png?v=1788592618,200,200,0,https://cdn.shopify.com/s/files/1/1025/4742/3597/files/4-10.png?v=1788592618,image/png,https://prosporter.vercel.app/product/arm-sleeves-net,200,PASS,
image,https://cdn.shopify.com/s/files/1/1025/4742/3597/files/5-9.png?v=1788592619,200,200,0,https://cdn.shopify.com/s/files/1/1025/4742/3597/files/5-9.png?v=1788592619,image/png,https://prosporter.vercel.app/product/arm-sleeves-net,200,PASS,
image,https://cdn.shopify.com/s/files/1/1025/4742/3597/files/6-9.png?v=1788592619,200,200,0,https://cdn.shopify.com/s/files/1/1025/4742/3597/files/6-9.png?v=1788592619,image/png,https://prosporter.vercel.app/product/arm-sleeves-net,200,PASS,
image,https://cdn.shopify.com/s/files/1/1025/4742/3597/files/thumb1024_ninesquared-net-white-img1-U.jpg?v=1788592619,200,200,0,https://cdn.shopify.com/s/files/1/1025/4742/3597/files/thumb1024_ninesquared-net-white-img1-U.jpg?v=1788592619,image/jpeg,https://prosporter.vercel.app/product/arm-sleeves-net,200,PASS,
image,https://cdn.shopify.com/s/files/1/1025/4742/3597/files/thumb1024_ninesquared-net-blue-navy-img1-U.jpg?v=1788592620,200,200,0,https://cdn.shopify.com/s/files/1/1025/4742/3597/files/thumb1024_ninesquared-net-blue-navy-img1-U.jpg?v=1788592620,image/jpeg,https://prosporter.vercel.app/product/arm-sleeves-net,200,PASS,
image,https://cdn.shopify.com/s/files/1/1025/4742/3597/files/ProVolley-Jersey-202627-Men-Navy-Front.jpg?v=1788592844,200,200,0,https://cdn.shopify.com/s/files/1/1025/4742/3597/files/ProVolley-Jersey-202627-Men-Navy-Front.jpg?v=1788592844,image/jpeg,https://prosporter.vercel.app/search?q=jersey,200,PASS,
image,https://cdn.shopify.com/s/files/1/1025/4742/3597/files/ProVolley-Womens-Jersey-Navy-Front-Side.png?v=1788592804,200,200,0,https://cdn.shopify.com/s/files/1/1025/4742/3597/files/ProVolley-Womens-Jersey-Navy-Front-Side.png?v=1788592804,image/png,https://prosporter.vercel.app/search?q=jersey,200,PASS,
image,https://cdn.shopify.com/s/files/1/1025/4742/3597/files/inner-west-volley-mens-jersey-2026-2027-svl-sydney-black-side.png?v=1788592834,200,200,0,https://cdn.shopify.com/s/files/1/1025/4742/3597/files/inner-west-volley-mens-jersey-2026-2027-svl-sydney-black-side.png?v=1788592834,image/png,https://prosporter.vercel.app/search?q=jersey,200,PASS,
image,https://cdn.shopify.com/s/files/1/1025/4742/3597/files/ProVolley-Mens-Jersey-White-Front.png?v=1788592793,200,200,0,https://cdn.shopify.com/s/files/1/1025/4742/3597/files/ProVolley-Mens-Jersey-White-Front.png?v=1788592793,image/png,https://prosporter.vercel.app/search?q=jersey,200,PASS,
image,https://cdn.shopify.com/s/files/1/1025/4742/3597/files/inner-west-volley-womens-jersey-2026-2027-svl-sydney-black-front.png?v=1788592823,200,200,0,https://cdn.shopify.com/s/files/1/1025/4742/3597/files/inner-west-volley-womens-jersey-2026-2027-svl-sydney-black-front.png?v=1788592823,image/png,https://prosporter.vercel.app/search?q=jersey,200,PASS,
image,https://cdn.shopify.com/s/files/1/1025/4742/3597/files/IWV-Black-Women-Training-T-shirt-Front.png?v=1788592828,200,200,0,https://cdn.shopify.com/s/files/1/1025/4742/3597/files/IWV-Black-Women-Training-T-shirt-Front.png?v=1788592828,image/png,https://prosporter.vercel.app/search?q=jersey,200,PASS,
image,https://cdn.shopify.com/s/files/1/1025/4742/3597/files/ProVolley-Training-T-shirt-Front-NINE.png?v=1788592841,200,200,0,https://cdn.shopify.com/s/files/1/1025/4742/3597/files/ProVolley-Training-T-shirt-Front-NINE.png?v=1788592841,image/png,https://prosporter.vercel.app/search?q=jersey,200,PASS,
image,https://cdn.shopify.com/s/files/1/1025/4742/3597/files/IWV-Black-Men-Training-T-shirt-Front.png?v=1788592838,200,200,0,https://cdn.shopify.com/s/files/1/1025/4742/3597/files/IWV-Black-Men-Training-T-shirt-Front.png?v=1788592838,image/png,https://prosporter.vercel.app/search?q=jersey,200,PASS,
image,https://cdn.shopify.com/s/files/1/1025/4742/3597/files/Screenshot-2024-09-30-at-3.17.13_E2_80_AFPM.png?v=1788594218,200,200,0,https://cdn.shopify.com/s/files/1/1025/4742/3597/files/Screenshot-2024-09-30-at-3.17.13_E2_80_AFPM.png?v=1788594218,image/png,https://prosporter.vercel.app/search?q=jersey,200,PASS,
image,https://cdn.shopify.com/s/files/1/1025/4742/3597/files/ProVolley-Womens-Training-T-shirt_Front_NINE.png?v=1788592843,200,200,0,https://cdn.shopify.com/s/files/1/1025/4742/3597/files/ProVolley-Womens-Training-T-shirt_Front_NINE.png?v=1788592843,image/png,https://prosporter.vercel.app/search?q=jersey,200,PASS,
image,https://cdn.shopify.com/s/files/1/1025/4742/3597/files/1-14.png?v=1788592565,200,200,0,https://cdn.shopify.com/s/files/1/1025/4742/3597/files/1-14.png?v=1788592565,image/png,https://prosporter.vercel.app/product/baldo-collar-zip,200,PASS,
image,https://cdn.shopify.com/s/files/1/1025/4742/3597/files/2-13.png?v=1788592565,200,200,0,https://cdn.shopify.com/s/files/1/1025/4742/3597/files/2-13.png?v=1788592565,image/png,https://prosporter.vercel.app/product/baldo-collar-zip,200,PASS,
image,https://cdn.shopify.com/s/files/1/1025/4742/3597/files/3-13.png?v=1788592566,200,200,0,https://cdn.shopify.com/s/files/1/1025/4742/3597/files/3-13.png?v=1788592566,image/png,https://prosporter.vercel.app/product/baldo-collar-zip,200,PASS,
image,https://cdn.shopify.com/s/files/1/1025/4742/3597/files/4-12.png?v=1788592568,200,200,0,https://cdn.shopify.com/s/files/1/1025/4742/3597/files/4-12.png?v=1788592568,image/png,https://prosporter.vercel.app/product/baldo-collar-zip,200,PASS,
image,https://cdn.shopify.com/s/files/1/1025/4742/3597/files/5-11.png?v=1788592567,200,200,0,https://cdn.shopify.com/s/files/1/1025/4742/3597/files/5-11.png?v=1788592567,image/png,https://prosporter.vercel.app/product/baldo-collar-zip,200,PASS,
image,https://cdn.shopify.com/s/files/1/1025/4742/3597/files/6-11.png?v=1788592567,200,200,0,https://cdn.shopify.com/s/files/1/1025/4742/3597/files/6-11.png?v=1788592567,image/png,https://prosporter.vercel.app/product/baldo-collar-zip,200,PASS,
image,https://cdn.shopify.com/s/files/1/1025/4742/3597/files/ProVolley-Brione-Full-Zip-Tracksuit-ProSporter-Model-Front.png?v=1788592857,200,200,0,https://cdn.shopify.com/s/files/1/1025/4742/3597/files/ProVolley-Brione-Full-Zip-Tracksuit-ProSporter-Model-Front.png?v=1788592857,image/png,https://prosporter.vercel.app/product/baldo-collar-zip,200,PASS,
image,https://cdn.shopify.com/s/files/1/1025/4742/3597/files/Nine_Rain_Jacket.webp?v=1788592769,200,200,0,https://cdn.shopify.com/s/files/1/1025/4742/3597/files/Nine_Rain_Jacket.webp?v=1788592769,image/jpeg,https://prosporter.vercel.app/product/baldo-collar-zip,200,PASS,
image,https://cdn.shopify.com/s/files/1/1025/4742/3597/files/Nine_Rain_Jacket_Ibiza_White.webp?v=1788592768,200,200,0,https://cdn.shopify.com/s/files/1/1025/4742/3597/files/Nine_Rain_Jacket_Ibiza_White.webp?v=1788592768,image/jpeg,https://prosporter.vercel.app/product/baldo-collar-zip,200,PASS,
image,https://cdn.shopify.com/s/files/1/1025/4742/3597/files/thumb1024_ninesquared-manicotto-navy.jpg?v=1788592562,200,200,0,https://cdn.shopify.com/s/files/1/1025/4742/3597/files/thumb1024_ninesquared-manicotto-navy.jpg?v=1788592562,image/jpeg,https://prosporter.vercel.app/product/arm-sleeves,200,PASS,
image,https://cdn.shopify.com/s/files/1/1025/4742/3597/files/thumb1024_ninesquared-manicotto-white.jpg?v=1788592563,200,200,0,https://cdn.shopify.com/s/files/1/1025/4742/3597/files/thumb1024_ninesquared-manicotto-white.jpg?v=1788592563,image/jpeg,https://prosporter.vercel.app/product/arm-sleeves,200,PASS,
image,https://cdn.shopify.com/s/files/1/1025/4742/3597/files/Sleeves-Black-600x600-1.png?v=1788592563,200,200,0,https://cdn.shopify.com/s/files/1/1025/4742/3597/files/Sleeves-Black-600x600-1.png?v=1788592563,image/png,https://prosporter.vercel.app/product/arm-sleeves,200,PASS,
image,https://cdn.shopify.com/s/files/1/1025/4742/3597/files/1-13.png?v=1788592569,200,200,0,https://cdn.shopify.com/s/files/1/1025/4742/3597/files/1-13.png?v=1788592569,image/png,https://prosporter.vercel.app/product/baldo-hoodie,200,PASS,
image,https://cdn.shopify.com/s/files/1/1025/4742/3597/files/3-12.png?v=1788592570,200,200,0,https://cdn.shopify.com/s/files/1/1025/4742/3597/files/3-12.png?v=1788592570,image/png,https://prosporter.vercel.app/product/baldo-hoodie,200,PASS,
image,https://cdn.shopify.com/s/files/1/1025/4742/3597/files/4-11.png?v=1788592570,200,200,0,https://cdn.shopify.com/s/files/1/1025/4742/3597/files/4-11.png?v=1788592570,image/png,https://prosporter.vercel.app/product/baldo-hoodie,200,PASS,
image,https://cdn.shopify.com/s/files/1/1025/4742/3597/files/5-10.png?v=1788592571,200,200,0,https://cdn.shopify.com/s/files/1/1025/4742/3597/files/5-10.png?v=1788592571,image/png,https://prosporter.vercel.app/product/baldo-hoodie,200,PASS,
image,https://cdn.shopify.com/s/files/1/1025/4742/3597/files/6-10.png?v=1788592572,200,200,0,https://cdn.shopify.com/s/files/1/1025/4742/3597/files/6-10.png?v=1788592572,image/png,https://prosporter.vercel.app/product/baldo-hoodie,200,PASS,
image,https://cdn.shopify.com/s/files/1/1025/4742/3597/files/thumb1024_ninesquared-slide-zip-blue-navy-fr-U.jpg?v=1788592574,200,200,0,https://cdn.shopify.com/s/files/1/1025/4742/3597/files/thumb1024_ninesquared-slide-zip-blue-navy-fr-U.jpg?v=1788592574,image/jpeg,https://prosporter.vercel.app/product/baldo-jacket,200,PASS,
image,https://cdn.shopify.com/s/files/1/1025/4742/3597/files/thumb1024_ninesquared-slide-zip-black-bk-U.jpg?v=1788592573,200,200,0,https://cdn.shopify.com/s/files/1/1025/4742/3597/files/thumb1024_ninesquared-slide-zip-black-bk-U.jpg?v=1788592573,image/jpeg,https://prosporter.vercel.app/product/baldo-jacket,200,PASS,
image,https://cdn.shopify.com/s/files/1/1025/4742/3597/files/thumb1024_ninesquared-slide-zip-black-fr-U.jpg?v=1788592574,200,200,0,https://cdn.shopify.com/s/files/1/1025/4742/3597/files/thumb1024_ninesquared-slide-zip-black-fr-U.jpg?v=1788592574,image/jpeg,https://prosporter.vercel.app/product/baldo-jacket,200,PASS,
image,https://cdn.shopify.com/s/files/1/1025/4742/3597/files/thumb1024_ninesquared-slide-zip-blue-navy-bk-U.jpg?v=1788592574,200,200,0,https://cdn.shopify.com/s/files/1/1025/4742/3597/files/thumb1024_ninesquared-slide-zip-blue-navy-bk-U.jpg?v=1788592574,image/jpeg,https://prosporter.vercel.app/product/baldo-jacket,200,PASS,
image,https://cdn.shopify.com/s/files/1/1025/4742/3597/files/1-15.png?v=1788592582,200,200,0,https://cdn.shopify.com/s/files/1/1025/4742/3597/files/1-15.png?v=1788592582,image/png,https://prosporter.vercel.app/product/baldo-pants,200,PASS,
image,https://cdn.shopify.com/s/files/1/1025/4742/3597/files/2-14.png?v=1788592582,200,200,0,https://cdn.shopify.com/s/files/1/1025/4742/3597/files/2-14.png?v=1788592582,image/png,https://prosporter.vercel.app/product/baldo-pants,200,PASS,
image,https://cdn.shopify.com/s/files/1/1025/4742/3597/files/4-13.png?v=1788592584,200,200,0,https://cdn.shopify.com/s/files/1/1025/4742/3597/files/4-13.png?v=1788592584,image/png,https://prosporter.vercel.app/product/baldo-pants,200,PASS,
image,https://cdn.shopify.com/s/files/1/1025/4742/3597/files/3-14.png?v=1788592583,200,200,0,https://cdn.shopify.com/s/files/1/1025/4742/3597/files/3-14.png?v=1788592583,image/png,https://prosporter.vercel.app/product/baldo-pants,200,PASS,
image,https://cdn.shopify.com/s/files/1/1025/4742/3597/files/provolley-shorts-2026-27-men-navy-front.jpg?v=1788592849,200,200,0,https://cdn.shopify.com/s/files/1/1025/4742/3597/files/provolley-shorts-2026-27-men-navy-front.jpg?v=1788592849,image/jpeg,https://prosporter.vercel.app/product/baldo-pants,200,PASS,
image,https://cdn.shopify.com/s/files/1/1025/4742/3597/files/images-28.jpg?v=1788592783,200,200,0,https://cdn.shopify.com/s/files/1/1025/4742/3597/files/images-28.jpg?v=1788592783,image/jpeg,https://prosporter.vercel.app/product/beac-volley-bikini-bottoms-women-osaka-river,200,PASS,
image,https://cdn.shopify.com/s/files/1/1025/4742/3597/files/ninesquared-quattro-slip-tijuana-fr-W-black-yellow-Copia_83402142-7a60-405c-8448-9034ff1daa7f.jpg?v=1788592785,200,200,0,https://cdn.shopify.com/s/files/1/1025/4742/3597/files/ninesquared-quattro-slip-tijuana-fr-W-black-yellow-Copia_83402142-7a60-405c-8448-9034ff1daa7f.jpg?v=1788592785,image/jpeg,https://prosporter.vercel.app/product/beac-volley-bikini-bottoms-women-osaka-river,200,PASS,
image,https://cdn.shopify.com/s/files/1/1025/4742/3597/files/ninesquared-quattro-slip-tijuana-fr-W-green-beige-Copia.jpg?v=1788592783,200,200,0,https://cdn.shopify.com/s/files/1/1025/4742/3597/files/ninesquared-quattro-slip-tijuana-fr-W-green-beige-Copia.jpg?v=1788592783,image/jpeg,https://prosporter.vercel.app/product/beach-bikini-bottoms-tijuana-green,200,PASS,
image,https://cdn.shopify.com/s/files/1/1025/4742/3597/files/images-33.jpg?v=1788592778,200,200,0,https://cdn.shopify.com/s/files/1/1025/4742/3597/files/images-33.jpg?v=1788592778,image/jpeg,https://prosporter.vercel.app/product/beach-volley-bikini-bottoms-black,200,PASS,
image,https://cdn.shopify.com/s/files/1/1025/4742/3597/files/ninesquared-quattro-slip-ibiza-fr-W-purple-Copia.jpg?v=1788592780,200,200,0,https://cdn.shopify.com/s/files/1/1025/4742/3597/files/ninesquared-quattro-slip-ibiza-fr-W-purple-Copia.jpg?v=1788592780,image/jpeg,https://prosporter.vercel.app/product/beach-volley-bikini-bottoms-purple,200,PASS,
image,https://cdn.shopify.com/s/files/1/1025/4742/3597/files/Beach-Volley-Bikini-Bottoms-Modena-Volley.jpg?v=1788592781,200,200,0,https://cdn.shopify.com/s/files/1/1025/4742/3597/files/Beach-Volley-Bikini-Bottoms-Modena-Volley.jpg?v=1788592781,image/jpeg,https://prosporter.vercel.app/product/beach-volley-bikini-bottoms-modenavolley,200,PASS,
image,https://cdn.shopify.com/s/files/1/1025/4742/3597/files/images-46.jpg?v=1788592781,200,200,0,https://cdn.shopify.com/s/files/1/1025/4742/3597/files/images-46.jpg?v=1788592781,image/jpeg,https://prosporter.vercel.app/product/beach-volley-bikini-bottoms-modenavolley,200,PASS,
image,https://cdn.shopify.com/s/files/1/1025/4742/3597/files/ninesquared-quattro-slip-tijuana-fr-W-black-yellow-Copia.jpg?v=1788592784,200,200,0,https://cdn.shopify.com/s/files/1/1025/4742/3597/files/ninesquared-quattro-slip-tijuana-fr-W-black-yellow-Copia.jpg?v=1788592784,image/jpeg,https://prosporter.vercel.app/product/beach-volley-bikini-bottoms-tijuana-black,200,PASS,
image,https://cdn.shopify.com/s/files/1/1025/4742/3597/files/images-49.jpg?v=1788592745,200,200,0,https://cdn.shopify.com/s/files/1/1025/4742/3597/files/images-49.jpg?v=1788592745,image/jpeg,https://prosporter.vercel.app/product/beach-volley-mens-shorts-modena-volley,200,PASS,
image,https://cdn.shopify.com/s/files/1/1025/4742/3597/files/images-48.jpg?v=1788592744,200,200,0,https://cdn.shopify.com/s/files/1/1025/4742/3597/files/images-48.jpg?v=1788592744,image/jpeg,https://prosporter.vercel.app/product/beach-volley-mens-shorts-modena-volley,200,PASS,
image,https://cdn.shopify.com/s/files/1/1025/4742/3597/files/images-32.jpg?v=1788592779,200,200,0,https://cdn.shopify.com/s/files/1/1025/4742/3597/files/images-32.jpg?v=1788592779,image/jpeg,https://prosporter.vercel.app/product/beach-volley-bikini-bottoms-white,200,PASS,
image,https://cdn.shopify.com/s/files/1/1025/4742/3597/files/ninesquared-quattro-shorts-osaka-M-black-ocra-Copia.jpg?v=1788592746,200,200,0,https://cdn.shopify.com/s/files/1/1025/4742/3597/files/ninesquared-quattro-shorts-osaka-M-black-ocra-Copia.jpg?v=1788592746,image/jpeg,https://prosporter.vercel.app/product/beach-volley-mens-shorts-osaka-black-orca,200,PASS,
image,https://cdn.shopify.com/s/files/1/1025/4742/3597/files/images-26-1_e4e841d2-724a-48fe-b910-f4dedae96829.jpg?v=1788592747,200,200,0,https://cdn.shopify.com/s/files/1/1025/4742/3597/files/images-26-1_e4e841d2-724a-48fe-b910-f4dedae96829.jpg?v=1788592747,image/jpeg,https://prosporter.vercel.app/product/beach-volley-mens-shorts-osaka-black-orca,200,PASS,
image,https://cdn.shopify.com/s/files/1/1025/4742/3597/files/ninesquared-quattro-shorts-ibiza-M-white-Copia.jpg?v=1788592734,200,200,0,https://cdn.shopify.com/s/files/1/1025/4742/3597/files/ninesquared-quattro-shorts-ibiza-M-white-Copia.jpg?v=1788592734,image/jpeg,https://prosporter.vercel.app/product/beach-volley-shorts-ibiza-white,200,PASS,
image,https://cdn.shopify.com/s/files/1/1025/4742/3597/files/ninesquared-quattro-shorts-ibiza-M-black-Copia.jpg?v=1788592732,200,200,0,https://cdn.shopify.com/s/files/1/1025/4742/3597/files/ninesquared-quattro-shorts-ibiza-M-black-Copia.jpg?v=1788592732,image/jpeg,https://prosporter.vercel.app/product/beach-volley-shorts-ibiza-black,200,PASS,
image,https://cdn.shopify.com/s/files/1/1025/4742/3597/files/ninesquared-quattro-shorts-osaka-M-white-blue-Copia.jpg?v=1788592735,200,200,0,https://cdn.shopify.com/s/files/1/1025/4742/3597/files/ninesquared-quattro-shorts-osaka-M-white-blue-Copia.jpg?v=1788592735,image/jpeg,https://prosporter.vercel.app/product/beach-volley-shorts-osaka-man,200,PASS,
image,https://cdn.shopify.com/s/files/1/1025/4742/3597/files/images-26-1.jpg?v=1788592744,200,200,0,https://cdn.shopify.com/s/files/1/1025/4742/3597/files/images-26-1.jpg?v=1788592744,image/jpeg,https://prosporter.vercel.app/product/beach-volley-shorts-tijuana-green,200,PASS,
image,https://cdn.shopify.com/s/files/1/1025/4742/3597/files/images-26.jpg?v=1788592743,200,200,0,https://cdn.shopify.com/s/files/1/1025/4742/3597/files/images-26.jpg?v=1788592743,image/jpeg,https://prosporter.vercel.app/product/beach-volley-shorts-tijuana-green,200,PASS,
image,https://cdn.shopify.com/s/files/1/1025/4742/3597/files/ninesquared-quattro-shorts-tijuana-M-black-yellow-Copia.jpg?v=1788592736,200,200,0,https://cdn.shopify.com/s/files/1/1025/4742/3597/files/ninesquared-quattro-shorts-tijuana-M-black-yellow-Copia.jpg?v=1788592736,image/jpeg,https://prosporter.vercel.app/product/beach-volley-shorts-tijuana-man-black,200,PASS,
image,https://cdn.shopify.com/s/files/1/1025/4742/3597/files/images-8.jpg?v=1788592752,200,200,0,https://cdn.shopify.com/s/files/1/1025/4742/3597/files/images-8.jpg?v=1788592752,image/jpeg,https://prosporter.vercel.app/product/beach-volley-singlet-ibiza-white,200,PASS,
image,https://cdn.shopify.com/s/files/1/1025/4742/3597/files/provolley-womens-polo-2026-front_4b295052-326b-49e5-8d30-18f6890d17d5.jpg?v=1788592865,200,200,0,https://cdn.shopify.com/s/files/1/1025/4742/3597/files/provolley-womens-polo-2026-front_4b295052-326b-49e5-8d30-18f6890d17d5.jpg?v=1788592865,image/jpeg,https://prosporter.vercel.app/product/beach-volley-singlet-ibiza-white,200,PASS,
image,https://cdn.shopify.com/s/files/1/1025/4742/3597/files/Beach-Volley_Singlet_Ibiza-Purple-1.webp?v=1788592749,200,200,0,https://cdn.shopify.com/s/files/1/1025/4742/3597/files/Beach-Volley_Singlet_Ibiza-Purple-1.webp?v=1788592749,image/jpeg,https://prosporter.vercel.app/product/beach-volley-singlet-ibiza-purple,200,PASS,
image,https://cdn.shopify.com/s/files/1/1025/4742/3597/files/Beach-Volley_Singlet_Ibiza-White.jpg?v=1788592751,200,200,0,https://cdn.shopify.com/s/files/1/1025/4742/3597/files/Beach-Volley_Singlet_Ibiza-White.jpg?v=1788592751,image/jpeg,https://prosporter.vercel.app/product/beach-volley-singlet-ibiza-white,200,PASS,
image,https://cdn.shopify.com/s/files/1/1025/4742/3597/files/images-9.jpg?v=1788592750,200,200,0,https://cdn.shopify.com/s/files/1/1025/4742/3597/files/images-9.jpg?v=1788592750,image/jpeg,https://prosporter.vercel.app/product/beach-volley-singlet-ibiza-purple,200,PASS,
image,https://cdn.shopify.com/s/files/1/1025/4742/3597/files/Beach-Volley_Singlet_Osaka-Ocean.webp?v=1788592752,200,200,0,https://cdn.shopify.com/s/files/1/1025/4742/3597/files/Beach-Volley_Singlet_Osaka-Ocean.webp?v=1788592752,image/jpeg,https://prosporter.vercel.app/product/beach-volley-singlet-osaka-ocean,200,PASS,
image,https://cdn.shopify.com/s/files/1/1025/4742/3597/files/images-11.jpg?v=1788592753,200,200,0,https://cdn.shopify.com/s/files/1/1025/4742/3597/files/images-11.jpg?v=1788592753,image/jpeg,https://prosporter.vercel.app/product/beach-volley-singlet-osaka-ocean,200,PASS,
image,https://cdn.shopify.com/s/files/1/1025/4742/3597/files/images-6.jpg?v=1788592754,200,200,0,https://cdn.shopify.com/s/files/1/1025/4742/3597/files/images-6.jpg?v=1788592754,image/jpeg,https://prosporter.vercel.app/product/beach-volley-singlet-tijuana-yellow,200,PASS,
image,https://cdn.shopify.com/s/files/1/1025/4742/3597/files/Beach-Volley_Singlet_Tijuana-Yellow.webp?v=1788592754,200,200,0,https://cdn.shopify.com/s/files/1/1025/4742/3597/files/Beach-Volley_Singlet_Tijuana-Yellow.webp?v=1788592754,image/jpeg,https://prosporter.vercel.app/product/beach-volley-singlet-tijuana-yellow,200,PASS,
image,https://cdn.shopify.com/s/files/1/1025/4742/3597/files/images-22.jpg?v=1788592740,200,200,0,https://cdn.shopify.com/s/files/1/1025/4742/3597/files/images-22.jpg?v=1788592740,image/jpeg,https://prosporter.vercel.app/product/beach-volley-womens-shorts-ibiza,200,PASS,
image,https://cdn.shopify.com/s/files/1/1025/4742/3597/files/images-21.jpg?v=1788592742,200,200,0,https://cdn.shopify.com/s/files/1/1025/4742/3597/files/images-21.jpg?v=1788592742,image/jpeg,https://prosporter.vercel.app/product/beach-volley-womens-shorts-ibiza-purple,200,PASS,
image,https://cdn.shopify.com/s/files/1/1025/4742/3597/files/ninesquared-quattro-shorts-tijuana-W-black-yellow-Copia.jpg?v=1788592748,200,200,0,https://cdn.shopify.com/s/files/1/1025/4742/3597/files/ninesquared-quattro-shorts-tijuana-W-black-yellow-Copia.jpg?v=1788592748,image/jpeg,https://prosporter.vercel.app/product/beach-volley-womens-shorts-tijuana-black,200,PASS,
image,https://cdn.shopify.com/s/files/1/1025/4742/3597/files/images-43.jpg?v=1788592749,200,200,0,https://cdn.shopify.com/s/files/1/1025/4742/3597/files/images-43.jpg?v=1788592749,image/jpeg,https://prosporter.vercel.app/product/beach-volley-womens-shorts-modena-volley,200,PASS,
image,https://cdn.shopify.com/s/files/1/1025/4742/3597/files/images-16.jpg?v=1788592760,200,200,0,https://cdn.shopify.com/s/files/1/1025/4742/3597/files/images-16.jpg?v=1788592760,image/jpeg,https://prosporter.vercel.app/product/beach-volleyball-crop-top-ibiza-black,200,PASS,
image,https://cdn.shopify.com/s/files/1/1025/4742/3597/files/images-47.jpg?v=1788592748,200,200,0,https://cdn.shopify.com/s/files/1/1025/4742/3597/files/images-47.jpg?v=1788592748,image/jpeg,https://prosporter.vercel.app/product/beach-volley-womens-shorts-modena-volley,200,PASS,
image,https://cdn.shopify.com/s/files/1/1025/4742/3597/files/images-15.jpg?v=1788592759,200,200,0,https://cdn.shopify.com/s/files/1/1025/4742/3597/files/images-15.jpg?v=1788592759,image/jpeg,https://prosporter.vercel.app/product/beach-volleyball-crop-top-ibiza-purple,200,PASS,
image,https://cdn.shopify.com/s/files/1/1025/4742/3597/files/images-17.jpg?v=1788592758,200,200,0,https://cdn.shopify.com/s/files/1/1025/4742/3597/files/images-17.jpg?v=1788592758,image/jpeg,https://prosporter.vercel.app/product/beach-volleyball-crop-top-ibiza-white,200,PASS,
image,https://cdn.shopify.com/s/files/1/1025/4742/3597/files/images-42.jpg?v=1788592756,200,200,0,https://cdn.shopify.com/s/files/1/1025/4742/3597/files/images-42.jpg?v=1788592756,image/jpeg,https://prosporter.vercel.app/product/beach-volleyball-crop-top-modena-volley,200,PASS,
image,https://cdn.shopify.com/s/files/1/1025/4742/3597/files/Beach-Volleyball_Crop-Top_Modena-Volley.jpg?v=1788592755,200,200,0,https://cdn.shopify.com/s/files/1/1025/4742/3597/files/Beach-Volleyball_Crop-Top_Modena-Volley.jpg?v=1788592755,image/jpeg,https://prosporter.vercel.app/product/beach-volleyball-crop-top-modena-volley,200,PASS,
image,https://cdn.shopify.com/s/files/1/1025/4742/3597/files/images-44.jpg?v=1788592757,200,200,0,https://cdn.shopify.com/s/files/1/1025/4742/3597/files/images-44.jpg?v=1788592757,image/jpeg,https://prosporter.vercel.app/product/beach-volleyball-crop-top-modena-volley,200,PASS,
image,https://cdn.shopify.com/s/files/1/1025/4742/3597/files/images-45.jpg?v=1788592758,200,200,0,https://cdn.shopify.com/s/files/1/1025/4742/3597/files/images-45.jpg?v=1788592758,image/jpeg,https://prosporter.vercel.app/product/beach-volleyball-crop-top-modena-volley,200,PASS,
image,https://cdn.shopify.com/s/files/1/1025/4742/3597/files/images-12.jpg?v=1788592761,200,200,0,https://cdn.shopify.com/s/files/1/1025/4742/3597/files/images-12.jpg?v=1788592761,image/jpeg,https://prosporter.vercel.app/product/beach-volleyball-crop-top-osaka-river,200,PASS,
image,https://cdn.shopify.com/s/files/1/1025/4742/3597/files/images-13.jpg?v=1788592762,200,200,0,https://cdn.shopify.com/s/files/1/1025/4742/3597/files/images-13.jpg?v=1788592762,image/jpeg,https://prosporter.vercel.app/product/beach-volleyball-crop-top-osaka-ocean,200,PASS,
image,https://cdn.shopify.com/s/files/1/1025/4742/3597/files/download-2.jpg?v=1788592765,200,200,0,https://cdn.shopify.com/s/files/1/1025/4742/3597/files/download-2.jpg?v=1788592765,image/jpeg,https://prosporter.vercel.app/product/beach-volleyball-crop-top-tijuana-green,200,PASS,
image,https://cdn.shopify.com/s/files/1/1025/4742/3597/files/images.jpg?v=1788592764,200,200,0,https://cdn.shopify.com/s/files/1/1025/4742/3597/files/images.jpg?v=1788592764,image/jpeg,https://prosporter.vercel.app/product/beach-volleyball-crop-top-tijuana-yeallow,200,PASS,
image,https://cdn.shopify.com/s/files/1/1025/4742/3597/files/thumb1024_ninesquared-center-black-bk-M.jpg?v=1788592585,200,200,0,https://cdn.shopify.com/s/files/1/1025/4742/3597/files/thumb1024_ninesquared-center-black-bk-M.jpg?v=1788592585,image/jpeg,https://prosporter.vercel.app/product/center-unisex,200,PASS,
image,https://cdn.shopify.com/s/files/1/1025/4742/3597/files/download-1.jpg?v=1788592763,200,200,0,https://cdn.shopify.com/s/files/1/1025/4742/3597/files/download-1.jpg?v=1788592763,image/jpeg,https://prosporter.vercel.app/product/beach-volleyball-crop-top-tijuana-yeallow,200,PASS,
image,https://cdn.shopify.com/s/files/1/1025/4742/3597/files/thumb1024_ninesquared-center-grey-bk-M.jpg?v=1788592586,200,200,0,https://cdn.shopify.com/s/files/1/1025/4742/3597/files/thumb1024_ninesquared-center-grey-bk-M.jpg?v=1788592586,image/jpeg,https://prosporter.vercel.app/product/center-unisex,200,PASS,
image,https://cdn.shopify.com/s/files/1/1025/4742/3597/files/thumb1024_ninesquared-center-grey-fr-M.jpg?v=1788592586,200,200,0,https://cdn.shopify.com/s/files/1/1025/4742/3597/files/thumb1024_ninesquared-center-grey-fr-M.jpg?v=1788592586,image/jpeg,https://prosporter.vercel.app/product/center-unisex,200,PASS,
image,https://cdn.shopify.com/s/files/1/1025/4742/3597/files/Center-Unisex-Navy-Blue-Front-600x600-1.png?v=1788592587,200,200,0,https://cdn.shopify.com/s/files/1/1025/4742/3597/files/Center-Unisex-Navy-Blue-Front-600x600-1.png?v=1788592587,image/png,https://prosporter.vercel.app/product/center-unisex,200,PASS,
image,https://cdn.shopify.com/s/files/1/1025/4742/3597/files/coach-board-black-buttons-1.webp?v=1788592790,200,200,0,https://cdn.shopify.com/s/files/1/1025/4742/3597/files/coach-board-black-buttons-1.webp?v=1788592790,image/jpeg,https://prosporter.vercel.app/product/coaching-board,200,PASS,
image,https://cdn.shopify.com/s/files/1/1025/4742/3597/files/Center-Unisex-Gray-Front-600x600-1.png?v=1788592587,200,200,0,https://cdn.shopify.com/s/files/1/1025/4742/3597/files/Center-Unisex-Gray-Front-600x600-1.png?v=1788592587,image/png,https://prosporter.vercel.app/product/center-unisex,200,PASS,
image,https://cdn.shopify.com/s/files/1/1025/4742/3597/files/thumb1024_ninesquared-elbow-pads-white-1.jpg?v=1788592601,200,200,0,https://cdn.shopify.com/s/files/1/1025/4742/3597/files/thumb1024_ninesquared-elbow-pads-white-1.jpg?v=1788592601,image/jpeg,https://prosporter.vercel.app/product/elbow-pads,200,PASS,
image,https://cdn.shopify.com/s/files/1/1025/4742/3597/files/coach-board-black-2.webp?v=1788592790,200,200,0,https://cdn.shopify.com/s/files/1/1025/4742/3597/files/coach-board-black-2.webp?v=1788592790,image/jpeg,https://prosporter.vercel.app/product/coaching-board,200,PASS,
image,https://cdn.shopify.com/s/files/1/1025/4742/3597/files/thumb1024_ninesquared-elbow-pads-red-1.jpg?v=1788592602,200,200,0,https://cdn.shopify.com/s/files/1/1025/4742/3597/files/thumb1024_ninesquared-elbow-pads-red-1.jpg?v=1788592602,image/jpeg,https://prosporter.vercel.app/product/elbow-pads,200,PASS,
image,https://cdn.shopify.com/s/files/1/1025/4742/3597/files/thumb1024_ninesquared-elbow-pads-blu-1.jpg?v=1788592603,200,200,0,https://cdn.shopify.com/s/files/1/1025/4742/3597/files/thumb1024_ninesquared-elbow-pads-blu-1.jpg?v=1788592603,image/jpeg,https://prosporter.vercel.app/product/elbow-pads,200,PASS,
image,https://cdn.shopify.com/s/files/1/1025/4742/3597/files/Fast-3-Woman-Black-Back-600x600-1.png?v=1788592604,200,200,0,https://cdn.shopify.com/s/files/1/1025/4742/3597/files/Fast-3-Woman-Black-Back-600x600-1.png?v=1788592604,image/png,https://prosporter.vercel.app/product/fast-3-woman,200,PASS,
image,https://cdn.shopify.com/s/files/1/1025/4742/3597/files/Fast-3-Woman-Navy-Blue-Front-600x600-1.png?v=1788592605,200,200,0,https://cdn.shopify.com/s/files/1/1025/4742/3597/files/Fast-3-Woman-Navy-Blue-Front-600x600-1.png?v=1788592605,image/png,https://prosporter.vercel.app/product/fast-3-woman,200,PASS,
image,https://cdn.shopify.com/s/files/1/1025/4742/3597/files/Fast-3-Woman-Navy-Blue-Back-600x600-1.png?v=1788592605,200,200,0,https://cdn.shopify.com/s/files/1/1025/4742/3597/files/Fast-3-Woman-Navy-Blue-Back-600x600-1.png?v=1788592605,image/png,https://prosporter.vercel.app/product/fast-3-woman,200,PASS,
image,https://cdn.shopify.com/s/files/1/1025/4742/3597/files/Fast-3-Woman-Black-Front-600x600-1.png?v=1788592606,200,200,0,https://cdn.shopify.com/s/files/1/1025/4742/3597/files/Fast-3-Woman-Black-Front-600x600-1.png?v=1788592606,image/png,https://prosporter.vercel.app/product/fast-3-woman,200,PASS,
image,https://cdn.shopify.com/s/files/1/1025/4742/3597/files/IWV-Black-Jersey-Men-Front.png?v=1788592835,200,200,0,https://cdn.shopify.com/s/files/1/1025/4742/3597/files/IWV-Black-Jersey-Men-Front.png?v=1788592835,image/png,https://prosporter.vercel.app/product/inner-west-volley-mens-jersey-black-white,200,PASS,
image,https://cdn.shopify.com/s/files/1/1025/4742/3597/files/IWV-White-Men-Jersey-Front.png?v=1788592835,200,200,0,https://cdn.shopify.com/s/files/1/1025/4742/3597/files/IWV-White-Men-Jersey-Front.png?v=1788592835,image/png,https://prosporter.vercel.app/product/inner-west-volley-mens-jersey-black-white,200,PASS,
image,https://cdn.shopify.com/s/files/1/1025/4742/3597/files/IWV-Black-Men-Jersey-Back.png?v=1788592836,200,200,0,https://cdn.shopify.com/s/files/1/1025/4742/3597/files/IWV-Black-Men-Jersey-Back.png?v=1788592836,image/png,https://prosporter.vercel.app/product/inner-west-volley-mens-jersey-black-white,200,PASS,
image,https://cdn.shopify.com/s/files/1/1025/4742/3597/files/IWV-White-Men-Jersey-Back.png?v=1788592837,200,200,0,https://cdn.shopify.com/s/files/1/1025/4742/3597/files/IWV-White-Men-Jersey-Back.png?v=1788592837,image/png,https://prosporter.vercel.app/product/inner-west-volley-mens-jersey-black-white,200,PASS,
image,https://cdn.shopify.com/s/files/1/1025/4742/3597/files/inner-west-volley-mens-jersey-2026-2027-svl-sydney-white-side.png?v=1788592837,200,200,0,https://cdn.shopify.com/s/files/1/1025/4742/3597/files/inner-west-volley-mens-jersey-2026-2027-svl-sydney-white-side.png?v=1788592837,image/png,https://prosporter.vercel.app/product/inner-west-volley-mens-jersey-black-white,200,PASS,
image,https://cdn.shopify.com/s/files/1/1025/4742/3597/files/IWV-Black-Man-Training-T-shirt-Back.png?v=1788592839,200,200,0,https://cdn.shopify.com/s/files/1/1025/4742/3597/files/IWV-Black-Man-Training-T-shirt-Back.png?v=1788592839,image/png,https://prosporter.vercel.app/product/inner-west-volley-mens-training-t-shirt,200,PASS,
image,https://cdn.shopify.com/s/files/1/1025/4742/3597/files/Inner-West-Volley-Socks.png?v=1788592829,200,200,0,https://cdn.shopify.com/s/files/1/1025/4742/3597/files/Inner-West-Volley-Socks.png?v=1788592829,image/png,https://prosporter.vercel.app/product/inner-west-volley-socks-1-pair,200,PASS,
image,https://cdn.shopify.com/s/files/1/1025/4742/3597/files/IWV-Black-Men-Shorts-Front.png?v=1788592831,200,200,0,https://cdn.shopify.com/s/files/1/1025/4742/3597/files/IWV-Black-Men-Shorts-Front.png?v=1788592831,image/png,https://prosporter.vercel.app/product/inner-west-volley-men-shorts-black-white,200,PASS,
image,https://cdn.shopify.com/s/files/1/1025/4742/3597/files/IWV-White-Shorts-Men-Front.png?v=1788592831,200,200,0,https://cdn.shopify.com/s/files/1/1025/4742/3597/files/IWV-White-Shorts-Men-Front.png?v=1788592831,image/png,https://prosporter.vercel.app/product/inner-west-volley-men-shorts-black-white,200,PASS,
image,https://cdn.shopify.com/s/files/1/1025/4742/3597/files/IWV-Black-Men-Shorts-Front-Side.png?v=1788592832,200,200,0,https://cdn.shopify.com/s/files/1/1025/4742/3597/files/IWV-Black-Men-Shorts-Front-Side.png?v=1788592832,image/png,https://prosporter.vercel.app/product/inner-west-volley-men-shorts-black-white,200,PASS,
image,https://cdn.shopify.com/s/files/1/1025/4742/3597/files/IWV-White-Men-Shorts-Front-Side.png?v=1788592832,200,200,0,https://cdn.shopify.com/s/files/1/1025/4742/3597/files/IWV-White-Men-Shorts-Front-Side.png?v=1788592832,image/png,https://prosporter.vercel.app/product/inner-west-volley-men-shorts-black-white,200,PASS,
image,https://cdn.shopify.com/s/files/1/1025/4742/3597/files/IWV-Short-Back.png?v=1788592833,200,200,0,https://cdn.shopify.com/s/files/1/1025/4742/3597/files/IWV-Short-Back.png?v=1788592833,image/png,https://prosporter.vercel.app/product/inner-west-volley-men-shorts-black-white,200,PASS,
image,https://cdn.shopify.com/s/files/1/1025/4742/3597/files/IWV-White-Men-Shorts-Back.png?v=1788592833,200,200,0,https://cdn.shopify.com/s/files/1/1025/4742/3597/files/IWV-White-Men-Shorts-Back.png?v=1788592833,image/png,https://prosporter.vercel.app/product/inner-west-volley-men-shorts-black-white,200,PASS,
image,https://cdn.shopify.com/s/files/1/1025/4742/3597/files/IWV-Black-Women-Training-T-shirt-Back.png?v=1788592828,200,200,0,https://cdn.shopify.com/s/files/1/1025/4742/3597/files/IWV-Black-Women-Training-T-shirt-Back.png?v=1788592828,image/png,https://prosporter.vercel.app/product/inner-west-volley-womens-training-t-shirt,200,PASS,
image,https://cdn.shopify.com/s/files/1/1025/4742/3597/files/Nine_Rain-Jacket_Osaka-Ocean.jpg?v=1788592766,200,200,0,https://cdn.shopify.com/s/files/1/1025/4742/3597/files/Nine_Rain-Jacket_Osaka-Ocean.jpg?v=1788592766,image/jpeg,https://prosporter.vercel.app/product/innerwest-volley-brione-jacket,200,PASS,
image,https://cdn.shopify.com/s/files/1/1025/4742/3597/files/IWV-Black-Shorts-Women-Front-Side.png?v=1788592816,200,200,0,https://cdn.shopify.com/s/files/1/1025/4742/3597/files/IWV-Black-Shorts-Women-Front-Side.png?v=1788592816,image/png,https://prosporter.vercel.app/product/innerwestvolley-womens-shorts-black-white,200,PASS,
image,https://cdn.shopify.com/s/files/1/1025/4742/3597/files/IWV-White-Women-Shorts-Front-Side.png?v=1788592818,200,200,0,https://cdn.shopify.com/s/files/1/1025/4742/3597/files/IWV-White-Women-Shorts-Front-Side.png?v=1788592818,image/png,https://prosporter.vercel.app/product/innerwestvolley-womens-shorts-black-white,200,PASS,
image,https://cdn.shopify.com/s/files/1/1025/4742/3597/files/IWV-Black-Women-Shorts-Front.png?v=1788592819,200,200,0,https://cdn.shopify.com/s/files/1/1025/4742/3597/files/IWV-Black-Women-Shorts-Front.png?v=1788592819,image/png,https://prosporter.vercel.app/product/innerwestvolley-womens-shorts-black-white,200,PASS,
image,https://cdn.shopify.com/s/files/1/1025/4742/3597/files/IWV-White-Women-Shorts-Front.png?v=1788592819,200,200,0,https://cdn.shopify.com/s/files/1/1025/4742/3597/files/IWV-White-Women-Shorts-Front.png?v=1788592819,image/png,https://prosporter.vercel.app/product/innerwestvolley-womens-shorts-black-white,200,PASS,
image,https://cdn.shopify.com/s/files/1/1025/4742/3597/files/IWV-Black-Women-Shorts-Back.png?v=1788592820,200,200,0,https://cdn.shopify.com/s/files/1/1025/4742/3597/files/IWV-Black-Women-Shorts-Back.png?v=1788592820,image/png,https://prosporter.vercel.app/product/innerwestvolley-womens-shorts-black-white,200,PASS,
image,https://cdn.shopify.com/s/files/1/1025/4742/3597/files/IWV-White-Women-Shorts-Back.png?v=1788592820,200,200,0,https://cdn.shopify.com/s/files/1/1025/4742/3597/files/IWV-White-Women-Shorts-Back.png?v=1788592820,image/png,https://prosporter.vercel.app/product/innerwestvolley-womens-shorts-black-white,200,PASS,
image,https://cdn.shopify.com/s/files/1/1025/4742/3597/files/ProVolley-Womens-Shorts-White-Front-Side_61b0a71c-79be-4ec1-8fe0-fa6465115067.png?v=1788592822,200,200,0,https://cdn.shopify.com/s/files/1/1025/4742/3597/files/ProVolley-Womens-Shorts-White-Front-Side_61b0a71c-79be-4ec1-8fe0-fa6465115067.png?v=1788592822,image/png,https://prosporter.vercel.app/product/innerwestvolley-womens-shorts-black-white,200,PASS,
image,https://cdn.shopify.com/s/files/1/1025/4742/3597/files/ProVolley-Womens-Shorts-Navy-Front-Side_1f58a9a8-6dc7-4d51-91b2-11d1111ed4cb.png?v=1788592822,200,200,0,https://cdn.shopify.com/s/files/1/1025/4742/3597/files/ProVolley-Womens-Shorts-Navy-Front-Side_1f58a9a8-6dc7-4d51-91b2-11d1111ed4cb.png?v=1788592822,image/png,https://prosporter.vercel.app/product/innerwestvolley-womens-shorts-black-white,200,PASS,
image,https://cdn.shopify.com/s/files/1/1025/4742/3597/files/ProVolley-Womens-Shorts-Yellow-Front-Side_79c7e0c3-e0b1-4b96-afe5-eee9cae9c790.png?v=1788592823,200,200,0,https://cdn.shopify.com/s/files/1/1025/4742/3597/files/ProVolley-Womens-Shorts-Yellow-Front-Side_79c7e0c3-e0b1-4b96-afe5-eee9cae9c790.png?v=1788592823,image/png,https://prosporter.vercel.app/product/innerwestvolley-womens-shorts-black-white,200,PASS,
image,https://cdn.shopify.com/s/files/1/1025/4742/3597/files/2-1.png?v=1788592790,200,200,0,https://cdn.shopify.com/s/files/1/1025/4742/3597/files/2-1.png?v=1788592790,image/png,https://prosporter.vercel.app/product/italian-volleyball-jersey,200,PASS,
image,https://cdn.shopify.com/s/files/1/1025/4742/3597/files/thumb1024_ninesquared-jordy-black-fr-M.png?v=1788592608,200,200,0,https://cdn.shopify.com/s/files/1/1025/4742/3597/files/thumb1024_ninesquared-jordy-black-fr-M.png?v=1788592608,image/png,https://prosporter.vercel.app/product/jordy-man,200,PASS,
image,https://cdn.shopify.com/s/files/1/1025/4742/3597/files/thumb1024_ninesquared-jordy-blue-navy-bk-M.png?v=1788592608,200,200,0,https://cdn.shopify.com/s/files/1/1025/4742/3597/files/thumb1024_ninesquared-jordy-blue-navy-bk-M.png?v=1788592608,image/png,https://prosporter.vercel.app/product/jordy-man,200,PASS,
image,https://cdn.shopify.com/s/files/1/1025/4742/3597/files/thumb1024_ninesquared-jordy-black-bk-M.png?v=1788592609,200,200,0,https://cdn.shopify.com/s/files/1/1025/4742/3597/files/thumb1024_ninesquared-jordy-black-bk-M.png?v=1788592609,image/png,https://prosporter.vercel.app/product/jordy-man,200,PASS,
image,https://cdn.shopify.com/s/files/1/1025/4742/3597/files/Jump-Spin-2-Pair-Pack-4-600x600-1.png?v=1788592612,200,200,0,https://cdn.shopify.com/s/files/1/1025/4742/3597/files/Jump-Spin-2-Pair-Pack-4-600x600-1.png?v=1788592612,image/png,https://prosporter.vercel.app/product/jump-spin-socks-1-pairs-pack,200,PASS,
image,https://cdn.shopify.com/s/files/1/1025/4742/3597/files/Jump-Spin-2-Pair-Pack-600x600-1.png?v=1788592612,200,200,0,https://cdn.shopify.com/s/files/1/1025/4742/3597/files/Jump-Spin-2-Pair-Pack-600x600-1.png?v=1788592612,image/png,https://prosporter.vercel.app/product/jump-spin-socks-1-pairs-pack,200,PASS,
image,https://cdn.shopify.com/s/files/1/1025/4742/3597/files/Jump-Spin-2-Pair-Pack-2-600x600-1.png?v=1788592614,200,200,0,https://cdn.shopify.com/s/files/1/1025/4742/3597/files/Jump-Spin-2-Pair-Pack-2-600x600-1.png?v=1788592614,image/png,https://prosporter.vercel.app/product/jump-spin-socks-1-pairs-pack,200,PASS,
image,https://cdn.shopify.com/s/files/1/1025/4742/3597/files/Jump-Spin-2-Pair-Pack-3-600x600-1.png?v=1788592613,200,200,0,https://cdn.shopify.com/s/files/1/1025/4742/3597/files/Jump-Spin-2-Pair-Pack-3-600x600-1.png?v=1788592613,image/png,https://prosporter.vercel.app/product/jump-spin-socks-1-pairs-pack,200,PASS,
image,https://cdn.shopify.com/s/files/1/1025/4742/3597/files/provolley-womens-polo-2026-front.jpg?v=1788592855,200,200,0,https://cdn.shopify.com/s/files/1/1025/4742/3597/files/provolley-womens-polo-2026-front.jpg?v=1788592855,image/jpeg,https://prosporter.vercel.app/product/kdu-shirt,200,PASS,
image,https://cdn.shopify.com/s/files/1/1025/4742/3597/files/12.png?v=1788592665,200,200,0,https://cdn.shopify.com/s/files/1/1025/4742/3597/files/12.png?v=1788592665,image/png,https://prosporter.vercel.app/product/knee-pads-sleek,200,PASS,
image,https://cdn.shopify.com/s/files/1/1025/4742/3597/files/1-4.png?v=1788592666,200,200,0,https://cdn.shopify.com/s/files/1/1025/4742/3597/files/1-4.png?v=1788592666,image/png,https://prosporter.vercel.app/product/knee-pads-sleek,200,PASS,
image,https://cdn.shopify.com/s/files/1/1025/4742/3597/files/2-3.png?v=1788592667,200,200,0,https://cdn.shopify.com/s/files/1/1025/4742/3597/files/2-3.png?v=1788592667,image/png,https://prosporter.vercel.app/product/knee-pads-sleek,200,PASS,
image,https://cdn.shopify.com/s/files/1/1025/4742/3597/files/3-3.png?v=1788592667,200,200,0,https://cdn.shopify.com/s/files/1/1025/4742/3597/files/3-3.png?v=1788592667,image/png,https://prosporter.vercel.app/product/knee-pads-sleek,200,PASS,
image,https://cdn.shopify.com/s/files/1/1025/4742/3597/files/4-3.png?v=1788592668,200,200,0,https://cdn.shopify.com/s/files/1/1025/4742/3597/files/4-3.png?v=1788592668,image/png,https://prosporter.vercel.app/product/knee-pads-sleek,200,PASS,
image,https://cdn.shopify.com/s/files/1/1025/4742/3597/files/5-3.png?v=1788592669,200,200,0,https://cdn.shopify.com/s/files/1/1025/4742/3597/files/5-3.png?v=1788592669,image/png,https://prosporter.vercel.app/product/knee-pads-sleek,200,PASS,
image,https://cdn.shopify.com/s/files/1/1025/4742/3597/files/6-3.png?v=1788592669,200,200,0,https://cdn.shopify.com/s/files/1/1025/4742/3597/files/6-3.png?v=1788592669,image/png,https://prosporter.vercel.app/product/knee-pads-sleek,200,PASS,
image,https://cdn.shopify.com/s/files/1/1025/4742/3597/files/thumb1024_ninesquared-sleek-black-fr-U.jpg?v=1788592670,200,200,0,https://cdn.shopify.com/s/files/1/1025/4742/3597/files/thumb1024_ninesquared-sleek-black-fr-U.jpg?v=1788592670,image/jpeg,https://prosporter.vercel.app/product/knee-pads-sleek,200,PASS,
image,https://cdn.shopify.com/s/files/1/1025/4742/3597/files/thumb1024_ninesquared-sleek-white-fr-U.jpg?v=1788592671,200,200,0,https://cdn.shopify.com/s/files/1/1025/4742/3597/files/thumb1024_ninesquared-sleek-white-fr-U.jpg?v=1788592671,image/jpeg,https://prosporter.vercel.app/product/knee-pads-sleek,200,PASS,
image,https://cdn.shopify.com/s/files/1/1025/4742/3597/files/thumb1024_ninesquared-sleek-white-fr2-U.jpg?v=1788592671,200,200,0,https://cdn.shopify.com/s/files/1/1025/4742/3597/files/thumb1024_ninesquared-sleek-white-fr2-U.jpg?v=1788592671,image/jpeg,https://prosporter.vercel.app/product/knee-pads-sleek,200,PASS,
image,https://cdn.shopify.com/s/files/1/1025/4742/3597/files/thumb1024_ninesquared-sleek-black-fr2-U.jpg?v=1788592670,200,200,0,https://cdn.shopify.com/s/files/1/1025/4742/3597/files/thumb1024_ninesquared-sleek-black-fr2-U.jpg?v=1788592670,image/jpeg,https://prosporter.vercel.app/product/knee-pads-sleek,200,PASS,
image,https://cdn.shopify.com/s/files/1/1025/4742/3597/files/15-1.png?v=1788592678,0,0,0,https://cdn.shopify.com/s/files/1/1025/4742/3597/files/15-1.png?v=1788592678,,https://prosporter.vercel.app/product/knee-pads-spike,200,FAIL,fetch failed
image,https://cdn.shopify.com/s/files/1/1025/4742/3597/files/thumb1024_ninesquared-sleek-blue-navy-fr2-U.jpg?v=1788592672,200,200,0,https://cdn.shopify.com/s/files/1/1025/4742/3597/files/thumb1024_ninesquared-sleek-blue-navy-fr2-U.jpg?v=1788592672,image/jpeg,https://prosporter.vercel.app/product/knee-pads-sleek,200,PASS,
image,https://cdn.shopify.com/s/files/1/1025/4742/3597/files/thumb1024_ninesquared-sleek-blue-navy-img1-U.jpg?v=1788592672,200,200,0,https://cdn.shopify.com/s/files/1/1025/4742/3597/files/thumb1024_ninesquared-sleek-blue-navy-img1-U.jpg?v=1788592672,image/jpeg,https://prosporter.vercel.app/product/knee-pads-sleek,200,PASS,
image,https://cdn.shopify.com/s/files/1/1025/4742/3597/files/1-3.png?v=1788592679,200,200,0,https://cdn.shopify.com/s/files/1/1025/4742/3597/files/1-3.png?v=1788592679,image/png,https://prosporter.vercel.app/product/knee-pads-spike,200,PASS,
image,https://cdn.shopify.com/s/files/1/1025/4742/3597/files/2-2.png?v=1788592681,200,200,0,https://cdn.shopify.com/s/files/1/1025/4742/3597/files/2-2.png?v=1788592681,image/png,https://prosporter.vercel.app/product/knee-pads-spike,200,PASS,
image,https://cdn.shopify.com/s/files/1/1025/4742/3597/files/3-2.png?v=1788592681,200,200,0,https://cdn.shopify.com/s/files/1/1025/4742/3597/files/3-2.png?v=1788592681,image/png,https://prosporter.vercel.app/product/knee-pads-spike,200,PASS,
image,https://cdn.shopify.com/s/files/1/1025/4742/3597/files/4-2.png?v=1788592681,200,200,0,https://cdn.shopify.com/s/files/1/1025/4742/3597/files/4-2.png?v=1788592681,image/png,https://prosporter.vercel.app/product/knee-pads-spike,200,PASS,
image,https://cdn.shopify.com/s/files/1/1025/4742/3597/files/5-2.png?v=1788592682,200,200,0,https://cdn.shopify.com/s/files/1/1025/4742/3597/files/5-2.png?v=1788592682,image/png,https://prosporter.vercel.app/product/knee-pads-spike,200,PASS,
image,https://cdn.shopify.com/s/files/1/1025/4742/3597/files/6-2.png?v=1788592683,200,200,0,https://cdn.shopify.com/s/files/1/1025/4742/3597/files/6-2.png?v=1788592683,image/png,https://prosporter.vercel.app/product/knee-pads-spike,200,PASS,
image,https://cdn.shopify.com/s/files/1/1025/4742/3597/files/7-2.png?v=1788592683,200,200,0,https://cdn.shopify.com/s/files/1/1025/4742/3597/files/7-2.png?v=1788592683,image/png,https://prosporter.vercel.app/product/knee-pads-spike,200,PASS,
image,https://cdn.shopify.com/s/files/1/1025/4742/3597/files/8-2.png?v=1788592683,200,200,0,https://cdn.shopify.com/s/files/1/1025/4742/3597/files/8-2.png?v=1788592683,image/png,https://prosporter.vercel.app/product/knee-pads-spike,200,PASS,
image,https://cdn.shopify.com/s/files/1/1025/4742/3597/files/thumb1024_ninesquared-spike-black-fr2-U.jpg?v=1788592683,200,200,0,https://cdn.shopify.com/s/files/1/1025/4742/3597/files/thumb1024_ninesquared-spike-black-fr2-U.jpg?v=1788592683,image/jpeg,https://prosporter.vercel.app/product/knee-pads-spike,200,PASS,
image,https://cdn.shopify.com/s/files/1/1025/4742/3597/files/thumb1024_ninesquared-spike-blue-navy-fr2-U.jpg?v=1788592684,200,200,0,https://cdn.shopify.com/s/files/1/1025/4742/3597/files/thumb1024_ninesquared-spike-blue-navy-fr2-U.jpg?v=1788592684,image/jpeg,https://prosporter.vercel.app/product/knee-pads-spike,200,PASS,
image,https://cdn.shopify.com/s/files/1/1025/4742/3597/files/thumb1024_ninesquared-spike-white-fr2-U.jpg?v=1788592685,200,200,0,https://cdn.shopify.com/s/files/1/1025/4742/3597/files/thumb1024_ninesquared-spike-white-fr2-U.jpg?v=1788592685,image/jpeg,https://prosporter.vercel.app/product/knee-pads-spike,200,PASS,
image,https://cdn.shopify.com/s/files/1/1025/4742/3597/files/18-1.png?v=1788590529,200,200,0,https://cdn.shopify.com/s/files/1/1025/4742/3597/files/18-1.png?v=1788590529,image/png,https://prosporter.vercel.app/product/nago,200,PASS,
image,https://cdn.shopify.com/s/files/1/1025/4742/3597/files/1-17.png?v=1788590530,200,200,0,https://cdn.shopify.com/s/files/1/1025/4742/3597/files/1-17.png?v=1788590530,image/png,https://prosporter.vercel.app/product/nago,200,PASS,
image,https://cdn.shopify.com/s/files/1/1025/4742/3597/files/2-16.png?v=1788590531,200,200,0,https://cdn.shopify.com/s/files/1/1025/4742/3597/files/2-16.png?v=1788590531,image/png,https://prosporter.vercel.app/product/nago,200,PASS,
image,https://cdn.shopify.com/s/files/1/1025/4742/3597/files/3-16.png?v=1788590531,200,200,0,https://cdn.shopify.com/s/files/1/1025/4742/3597/files/3-16.png?v=1788590531,image/png,https://prosporter.vercel.app/product/nago,200,PASS,
image,https://cdn.shopify.com/s/files/1/1025/4742/3597/files/4-15.png?v=1788590532,200,200,0,https://cdn.shopify.com/s/files/1/1025/4742/3597/files/4-15.png?v=1788590532,image/png,https://prosporter.vercel.app/product/nago,200,PASS,
image,https://cdn.shopify.com/s/files/1/1025/4742/3597/files/19.png?v=1788592609,200,200,0,https://cdn.shopify.com/s/files/1/1025/4742/3597/files/19.png?v=1788592609,image/png,https://prosporter.vercel.app/product/nine-jump-socks-1-pair-pack,200,PASS,
image,https://cdn.shopify.com/s/files/1/1025/4742/3597/files/Jump-3-600x600-1.png?v=1788592609,200,200,0,https://cdn.shopify.com/s/files/1/1025/4742/3597/files/Jump-3-600x600-1.png?v=1788592609,image/png,https://prosporter.vercel.app/product/nine-jump-socks-1-pair-pack,200,PASS,
image,https://cdn.shopify.com/s/files/1/1025/4742/3597/files/Jump-4-600x600-1.png?v=1788592610,200,200,0,https://cdn.shopify.com/s/files/1/1025/4742/3597/files/Jump-4-600x600-1.png?v=1788592610,image/png,https://prosporter.vercel.app/product/nine-jump-socks-1-pair-pack,200,PASS,
image,https://cdn.shopify.com/s/files/1/1025/4742/3597/files/Jump-2-600x600-1.png?v=1788592611,200,200,0,https://cdn.shopify.com/s/files/1/1025/4742/3597/files/Jump-2-600x600-1.png?v=1788592611,image/png,https://prosporter.vercel.app/product/nine-jump-socks-1-pair-pack,200,PASS,
image,https://cdn.shopify.com/s/files/1/1025/4742/3597/files/thumb1024_ninesquared-new-shield-black-fr-U.jpg?v=1788592621,200,200,0,https://cdn.shopify.com/s/files/1/1025/4742/3597/files/thumb1024_ninesquared-new-shield-black-fr-U.jpg?v=1788592621,image/jpeg,https://prosporter.vercel.app/product/nine-knee-pads-new-shield,200,PASS,
image,https://cdn.shopify.com/s/files/1/1025/4742/3597/files/Jump-1-600x600-1.png?v=1788592611,200,200,0,https://cdn.shopify.com/s/files/1/1025/4742/3597/files/Jump-1-600x600-1.png?v=1788592611,image/png,https://prosporter.vercel.app/product/nine-jump-socks-1-pair-pack,200,PASS,
image,https://cdn.shopify.com/s/files/1/1025/4742/3597/files/thumb1024_ninesquared-new-shield-white-fr-U.jpg?v=1788592622,200,200,0,https://cdn.shopify.com/s/files/1/1025/4742/3597/files/thumb1024_ninesquared-new-shield-white-fr-U.jpg?v=1788592622,image/jpeg,https://prosporter.vercel.app/product/nine-knee-pads-new-shield,200,PASS,
image,https://cdn.shopify.com/s/files/1/1025/4742/3597/files/thumb1024_ninesquared-new-shield-blue-navy-fr-U.jpg?v=1788592622,200,200,0,https://cdn.shopify.com/s/files/1/1025/4742/3597/files/thumb1024_ninesquared-new-shield-blue-navy-fr-U.jpg?v=1788592622,image/jpeg,https://prosporter.vercel.app/product/nine-knee-pads-new-shield,200,PASS,
image,https://cdn.shopify.com/s/files/1/1025/4742/3597/files/thumb1024_ninesquared-new-shield-blue-navy-sd-U.jpg?v=1788592623,200,200,0,https://cdn.shopify.com/s/files/1/1025/4742/3597/files/thumb1024_ninesquared-new-shield-blue-navy-sd-U.jpg?v=1788592623,image/jpeg,https://prosporter.vercel.app/product/nine-knee-pads-new-shield,200,PASS,
image,https://cdn.shopify.com/s/files/1/1025/4742/3597/files/thumb1024_ninesquared-new-shield-white-sd-U.jpg?v=1788592622,200,200,0,https://cdn.shopify.com/s/files/1/1025/4742/3597/files/thumb1024_ninesquared-new-shield-white-sd-U.jpg?v=1788592622,image/jpeg,https://prosporter.vercel.app/product/nine-knee-pads-new-shield,200,PASS,
image,https://cdn.shopify.com/s/files/1/1025/4742/3597/files/thumb1024_ninesquared-new-shield-black-sd-U.jpg?v=1788592624,200,200,0,https://cdn.shopify.com/s/files/1/1025/4742/3597/files/thumb1024_ninesquared-new-shield-black-sd-U.jpg?v=1788592624,image/jpeg,https://prosporter.vercel.app/product/nine-knee-pads-new-shield,200,PASS,
image,https://cdn.shopify.com/s/files/1/1025/4742/3597/files/images-61.jpg?v=1788592770,200,200,0,https://cdn.shopify.com/s/files/1/1025/4742/3597/files/images-61.jpg?v=1788592770,image/jpeg,https://prosporter.vercel.app/product/nine-rain-jacket-nine,200,PASS,
image,https://cdn.shopify.com/s/files/1/1025/4742/3597/files/images-62.jpg?v=1788592771,200,200,0,https://cdn.shopify.com/s/files/1/1025/4742/3597/files/images-62.jpg?v=1788592771,image/jpeg,https://prosporter.vercel.app/product/nine-rain-jacket-nine,200,PASS,
image,https://cdn.shopify.com/s/files/1/1025/4742/3597/files/images-57.jpg?v=1788592768,200,200,0,https://cdn.shopify.com/s/files/1/1025/4742/3597/files/images-57.jpg?v=1788592768,image/jpeg,https://prosporter.vercel.app/product/nine-rain-jacket-ibiza-white,200,PASS,
image,https://cdn.shopify.com/s/files/1/1025/4742/3597/files/images-58.jpg?v=1788592769,200,200,0,https://cdn.shopify.com/s/files/1/1025/4742/3597/files/images-58.jpg?v=1788592769,image/jpeg,https://prosporter.vercel.app/product/nine-rain-jacket-ibiza-white,200,PASS,
image,https://cdn.shopify.com/s/files/1/1025/4742/3597/files/images-59.jpg?v=1788592766,200,200,0,https://cdn.shopify.com/s/files/1/1025/4742/3597/files/images-59.jpg?v=1788592766,image/jpeg,https://prosporter.vercel.app/product/nine-rain-jacket-osaka-ocean,200,PASS,
image,https://cdn.shopify.com/s/files/1/1025/4742/3597/files/images-60.jpg?v=1788592766,200,200,0,https://cdn.shopify.com/s/files/1/1025/4742/3597/files/images-60.jpg?v=1788592766,image/jpeg,https://prosporter.vercel.app/product/nine-rain-jacket-osaka-ocean,200,PASS,
image,https://cdn.shopify.com/s/files/1/1025/4742/3597/files/Beach-Volley_Singlet_Modena-Volley.jpg?v=1788592738,200,200,0,https://cdn.shopify.com/s/files/1/1025/4742/3597/files/Beach-Volley_Singlet_Modena-Volley.jpg?v=1788592738,image/jpeg,https://prosporter.vercel.app/product/nine-singlet-modena-volley,200,PASS,
image,https://cdn.shopify.com/s/files/1/1025/4742/3597/files/images-39.jpg?v=1788592739,200,200,0,https://cdn.shopify.com/s/files/1/1025/4742/3597/files/images-39.jpg?v=1788592739,image/jpeg,https://prosporter.vercel.app/product/nine-singlet-modena-volley,200,PASS,
image,https://cdn.shopify.com/s/files/1/1025/4742/3597/files/images-35.jpg?v=1788592786,200,200,0,https://cdn.shopify.com/s/files/1/1025/4742/3597/files/images-35.jpg?v=1788592786,image/jpeg,https://prosporter.vercel.app/product/nine-volleyball-x-tape,200,PASS,
image,https://cdn.shopify.com/s/files/1/1025/4742/3597/files/images-36.jpg?v=1788592786,200,200,0,https://cdn.shopify.com/s/files/1/1025/4742/3597/files/images-36.jpg?v=1788592786,image/jpeg,https://prosporter.vercel.app/product/nine-volleyball-x-tape,200,PASS,
image,https://cdn.shopify.com/s/files/1/1025/4742/3597/files/images-37.jpg?v=1788592787,200,200,0,https://cdn.shopify.com/s/files/1/1025/4742/3597/files/images-37.jpg?v=1788592787,image/jpeg,https://prosporter.vercel.app/product/nine-volleyball-x-tape,200,PASS,
image,https://cdn.shopify.com/s/files/1/1025/4742/3597/files/images-38.webp?v=1788592787,200,200,0,https://cdn.shopify.com/s/files/1/1025/4742/3597/files/images-38.webp?v=1788592787,image/jpeg,https://prosporter.vercel.app/product/nine-volleyball-x-tape,200,PASS,
image,https://cdn.shopify.com/s/files/1/1025/4742/3597/files/14.png?v=1788592625,200,200,0,https://cdn.shopify.com/s/files/1/1025/4742/3597/files/14.png?v=1788592625,image/png,https://prosporter.vercel.app/product/ora,200,PASS,
image,https://cdn.shopify.com/s/files/1/1025/4742/3597/files/1-9.png?v=1788592626,200,200,0,https://cdn.shopify.com/s/files/1/1025/4742/3597/files/1-9.png?v=1788592626,image/png,https://prosporter.vercel.app/product/ora,200,PASS,
image,https://cdn.shopify.com/s/files/1/1025/4742/3597/files/2-8.png?v=1788592626,200,200,0,https://cdn.shopify.com/s/files/1/1025/4742/3597/files/2-8.png?v=1788592626,image/png,https://prosporter.vercel.app/product/ora,200,PASS,
image,https://cdn.shopify.com/s/files/1/1025/4742/3597/files/3-8.png?v=1788592627,200,200,0,https://cdn.shopify.com/s/files/1/1025/4742/3597/files/3-8.png?v=1788592627,image/png,https://prosporter.vercel.app/product/ora,200,PASS,
image,https://cdn.shopify.com/s/files/1/1025/4742/3597/files/images-20.jpg?v=1788592739,200,200,0,https://cdn.shopify.com/s/files/1/1025/4742/3597/files/images-20.jpg?v=1788592739,image/jpeg,https://prosporter.vercel.app/product/nine-womens-shorts-ibiza,200,PASS,
image,https://cdn.shopify.com/s/files/1/1025/4742/3597/files/1-8.png?v=1788592641,200,200,0,https://cdn.shopify.com/s/files/1/1025/4742/3597/files/1-8.png?v=1788592641,image/png,https://prosporter.vercel.app/product/ponale-jacket,200,PASS,
image,https://cdn.shopify.com/s/files/1/1025/4742/3597/files/3-7.png?v=1788592642,200,200,0,https://cdn.shopify.com/s/files/1/1025/4742/3597/files/3-7.png?v=1788592642,image/png,https://prosporter.vercel.app/product/ponale-jacket,200,PASS,
image,https://cdn.shopify.com/s/files/1/1025/4742/3597/files/13.png?v=1788592641,200,200,0,https://cdn.shopify.com/s/files/1/1025/4742/3597/files/13.png?v=1788592641,image/png,https://prosporter.vercel.app/product/ponale-jacket,200,PASS,
image,https://cdn.shopify.com/s/files/1/1025/4742/3597/files/2-7.png?v=1788592642,200,200,0,https://cdn.shopify.com/s/files/1/1025/4742/3597/files/2-7.png?v=1788592642,image/png,https://prosporter.vercel.app/product/ponale-jacket,200,PASS,
image,https://cdn.shopify.com/s/files/1/1025/4742/3597/files/4-7.png?v=1788592643,200,200,0,https://cdn.shopify.com/s/files/1/1025/4742/3597/files/4-7.png?v=1788592643,image/png,https://prosporter.vercel.app/product/ponale-jacket,200,PASS,
image,https://cdn.shopify.com/s/files/1/1025/4742/3597/files/5-6.png?v=1788592644,200,200,0,https://cdn.shopify.com/s/files/1/1025/4742/3597/files/5-6.png?v=1788592644,image/png,https://prosporter.vercel.app/product/ponale-jacket,200,PASS,
image,https://cdn.shopify.com/s/files/1/1025/4742/3597/files/6-6.png?v=1788592644,200,200,0,https://cdn.shopify.com/s/files/1/1025/4742/3597/files/6-6.png?v=1788592644,image/png,https://prosporter.vercel.app/product/ponale-jacket,200,PASS,
image,https://cdn.shopify.com/s/files/1/1025/4742/3597/files/16.png?v=1788592648,200,200,0,https://cdn.shopify.com/s/files/1/1025/4742/3597/files/16.png?v=1788592648,image/png,https://prosporter.vercel.app/product/ponale-sweater,200,PASS,
image,https://cdn.shopify.com/s/files/1/1025/4742/3597/files/1-6.png?v=1788592648,200,200,0,https://cdn.shopify.com/s/files/1/1025/4742/3597/files/1-6.png?v=1788592648,image/png,https://prosporter.vercel.app/product/ponale-sweater,200,PASS,
image,https://cdn.shopify.com/s/files/1/1025/4742/3597/files/2-5.png?v=1788592649,200,200,0,https://cdn.shopify.com/s/files/1/1025/4742/3597/files/2-5.png?v=1788592649,image/png,https://prosporter.vercel.app/product/ponale-sweater,200,PASS,
image,https://cdn.shopify.com/s/files/1/1025/4742/3597/files/3-5.png?v=1788592650,200,200,0,https://cdn.shopify.com/s/files/1/1025/4742/3597/files/3-5.png?v=1788592650,image/png,https://prosporter.vercel.app/product/ponale-sweater,200,PASS,
image,https://cdn.shopify.com/s/files/1/1025/4742/3597/files/4-5.png?v=1788592650,200,200,0,https://cdn.shopify.com/s/files/1/1025/4742/3597/files/4-5.png?v=1788592650,image/png,https://prosporter.vercel.app/product/ponale-sweater,200,PASS,
image,https://cdn.shopify.com/s/files/1/1025/4742/3597/files/5-5.png?v=1788592651,200,200,0,https://cdn.shopify.com/s/files/1/1025/4742/3597/files/5-5.png?v=1788592651,image/png,https://prosporter.vercel.app/product/ponale-sweater,200,PASS,
image,https://cdn.shopify.com/s/files/1/1025/4742/3597/files/6-5.png?v=1788592651,200,200,0,https://cdn.shopify.com/s/files/1/1025/4742/3597/files/6-5.png?v=1788592651,image/png,https://prosporter.vercel.app/product/ponale-sweater,200,PASS,
image,https://cdn.shopify.com/s/files/1/1025/4742/3597/files/2-6.png?v=1788592645,200,200,0,https://cdn.shopify.com/s/files/1/1025/4742/3597/files/2-6.png?v=1788592645,image/png,https://prosporter.vercel.app/product/ponale-pants,200,PASS,
image,https://cdn.shopify.com/s/files/1/1025/4742/3597/files/1-7.png?v=1788592645,200,200,0,https://cdn.shopify.com/s/files/1/1025/4742/3597/files/1-7.png?v=1788592645,image/png,https://prosporter.vercel.app/product/ponale-pants,200,PASS,
image,https://cdn.shopify.com/s/files/1/1025/4742/3597/files/4-6.png?v=1788592646,200,200,0,https://cdn.shopify.com/s/files/1/1025/4742/3597/files/4-6.png?v=1788592646,image/png,https://prosporter.vercel.app/product/ponale-pants,200,PASS,
image,https://cdn.shopify.com/s/files/1/1025/4742/3597/files/3-6.png?v=1788592646,200,200,0,https://cdn.shopify.com/s/files/1/1025/4742/3597/files/3-6.png?v=1788592646,image/png,https://prosporter.vercel.app/product/ponale-pants,200,PASS,
image,https://cdn.shopify.com/s/files/1/1025/4742/3597/files/ProVolley-Jersey-202627-Men-Navy-Back.jpg?v=1788592844,200,200,0,https://cdn.shopify.com/s/files/1/1025/4742/3597/files/ProVolley-Jersey-202627-Men-Navy-Back.jpg?v=1788592844,image/jpeg,https://prosporter.vercel.app/product/premier-provolley-jersey-2026-27,200,PASS,
image,https://cdn.shopify.com/s/files/1/1025/4742/3597/files/ProVolley-Jersey-202627-Men-White-Front.jpg?v=1788592845,200,200,0,https://cdn.shopify.com/s/files/1/1025/4742/3597/files/ProVolley-Jersey-202627-Men-White-Front.jpg?v=1788592845,image/jpeg,https://prosporter.vercel.app/product/premier-provolley-jersey-2026-27,200,PASS,
image,https://cdn.shopify.com/s/files/1/1025/4742/3597/files/ProVolley-Jersey-202627-Women-Navy-Front.jpg?v=1788592846,200,200,0,https://cdn.shopify.com/s/files/1/1025/4742/3597/files/ProVolley-Jersey-202627-Women-Navy-Front.jpg?v=1788592846,image/jpeg,https://prosporter.vercel.app/product/premier-provolley-jersey-2026-27,200,PASS,
image,https://cdn.shopify.com/s/files/1/1025/4742/3597/files/ProVolley-Jersey-202627-Men-White-Back.jpg?v=1788592845,200,200,0,https://cdn.shopify.com/s/files/1/1025/4742/3597/files/ProVolley-Jersey-202627-Men-White-Back.jpg?v=1788592845,image/jpeg,https://prosporter.vercel.app/product/premier-provolley-jersey-2026-27,200,PASS,
image,https://cdn.shopify.com/s/files/1/1025/4742/3597/files/ProVolley-Jersey-202627-Women-Navy-Back.jpg?v=1788592847,200,200,0,https://cdn.shopify.com/s/files/1/1025/4742/3597/files/ProVolley-Jersey-202627-Women-Navy-Back.jpg?v=1788592847,image/jpeg,https://prosporter.vercel.app/product/premier-provolley-jersey-2026-27,200,PASS,
image,https://cdn.shopify.com/s/files/1/1025/4742/3597/files/ProVolley-Jersey-202627-Women-White-Front.jpg?v=1788592847,200,200,0,https://cdn.shopify.com/s/files/1/1025/4742/3597/files/ProVolley-Jersey-202627-Women-White-Front.jpg?v=1788592847,image/jpeg,https://prosporter.vercel.app/product/premier-provolley-jersey-2026-27,200,PASS,
image,https://cdn.shopify.com/s/files/1/1025/4742/3597/files/ProVolley-Jersey-202627-Women-White-Back.jpg?v=1788592848,200,200,0,https://cdn.shopify.com/s/files/1/1025/4742/3597/files/ProVolley-Jersey-202627-Women-White-Back.jpg?v=1788592848,image/jpeg,https://prosporter.vercel.app/product/premier-provolley-jersey-2026-27,200,PASS,
image,https://cdn.shopify.com/s/files/1/1025/4742/3597/files/provolley-shorts-2026-27-men-white-front.jpg?v=1788592850,200,200,0,https://cdn.shopify.com/s/files/1/1025/4742/3597/files/provolley-shorts-2026-27-men-white-front.jpg?v=1788592850,image/jpeg,https://prosporter.vercel.app/product/premier-provolley-shorts-2026-27,200,PASS,
image,https://cdn.shopify.com/s/files/1/1025/4742/3597/files/provolley-shorts-2026-27-men-white-back.jpg?v=1788592851,200,200,0,https://cdn.shopify.com/s/files/1/1025/4742/3597/files/provolley-shorts-2026-27-men-white-back.jpg?v=1788592851,image/jpeg,https://prosporter.vercel.app/product/premier-provolley-shorts-2026-27,200,PASS,
image,https://cdn.shopify.com/s/files/1/1025/4742/3597/files/provolley-shorts-2026-27-men-navy-back.jpg?v=1788592850,200,200,0,https://cdn.shopify.com/s/files/1/1025/4742/3597/files/provolley-shorts-2026-27-men-navy-back.jpg?v=1788592850,image/jpeg,https://prosporter.vercel.app/product/premier-provolley-shorts-2026-27,200,PASS,
image,https://cdn.shopify.com/s/files/1/1025/4742/3597/files/provolley-shorts-2026-27-women-navy-front.jpg?v=1788592851,200,200,0,https://cdn.shopify.com/s/files/1/1025/4742/3597/files/provolley-shorts-2026-27-women-navy-front.jpg?v=1788592851,image/jpeg,https://prosporter.vercel.app/product/premier-provolley-shorts-2026-27,200,PASS,
image,https://cdn.shopify.com/s/files/1/1025/4742/3597/files/provolley-shorts-2026-27-women-navy-back.jpg?v=1788592852,200,200,0,https://cdn.shopify.com/s/files/1/1025/4742/3597/files/provolley-shorts-2026-27-women-navy-back.jpg?v=1788592852,image/jpeg,https://prosporter.vercel.app/product/premier-provolley-shorts-2026-27,200,PASS,
image,https://cdn.shopify.com/s/files/1/1025/4742/3597/files/provolley-shorts-2026-27-women-white-front-1.jpg?v=1788592853,200,200,0,https://cdn.shopify.com/s/files/1/1025/4742/3597/files/provolley-shorts-2026-27-women-white-front-1.jpg?v=1788592853,image/jpeg,https://prosporter.vercel.app/product/premier-provolley-shorts-2026-27,200,PASS,
image,https://cdn.shopify.com/s/files/1/1025/4742/3597/files/provolley-shorts-2026-27-women-white-back.jpg?v=1788592853,200,200,0,https://cdn.shopify.com/s/files/1/1025/4742/3597/files/provolley-shorts-2026-27-women-white-back.jpg?v=1788592853,image/jpeg,https://prosporter.vercel.app/product/premier-provolley-shorts-2026-27,200,PASS,
image,https://cdn.shopify.com/s/files/1/1025/4742/3597/files/ninesquared-polo-presser-2-man-navy-t03prmn.jpg?v=1788592839,200,200,0,https://cdn.shopify.com/s/files/1/1025/4742/3597/files/ninesquared-polo-presser-2-man-navy-t03prmn.jpg?v=1788592839,image/jpeg,https://prosporter.vercel.app/product/presser-polo-t-shirt,200,PASS,
image,https://cdn.shopify.com/s/files/1/1025/4742/3597/files/provolley-brione-full-zip-tracksuit-ninesquared-prosporter-navy-front_f5c46fe0-c0d1-4f6b-9696-cef09074cc77.jpg?v=1788592862,200,200,0,https://cdn.shopify.com/s/files/1/1025/4742/3597/files/provolley-brione-full-zip-tracksuit-ninesquared-prosporter-navy-front_f5c46fe0-c0d1-4f6b-9696-cef09074cc77.jpg?v=1788592862,image/jpeg,https://prosporter.vercel.app/product/provolley-brione-full-zip-track-jacket,200,PASS,
image,https://cdn.shopify.com/s/files/1/1025/4742/3597/files/ninesquared-polo-presser-2-man-navy-t03prmn-1.jpg?v=1788592840,200,200,0,https://cdn.shopify.com/s/files/1/1025/4742/3597/files/ninesquared-polo-presser-2-man-navy-t03prmn-1.jpg?v=1788592840,image/jpeg,https://prosporter.vercel.app/product/presser-polo-t-shirt,200,PASS,
image,https://cdn.shopify.com/s/files/1/1025/4742/3597/files/provolley-brione-full-zip-tracksuit-ninesquared-prosporter-navy-back_f538dbf5-1069-4ee3-a384-c401476dada8.jpg?v=1788592861,200,200,0,https://cdn.shopify.com/s/files/1/1025/4742/3597/files/provolley-brione-full-zip-tracksuit-ninesquared-prosporter-navy-back_f538dbf5-1069-4ee3-a384-c401476dada8.jpg?v=1788592861,image/jpeg,https://prosporter.vercel.app/product/provolley-brione-full-zip-track-jacket,200,PASS,
image,https://cdn.shopify.com/s/files/1/1025/4742/3597/files/provolley-brione-full-zip-tracksuit-prosporter-model-back.jpg?v=1788592857,200,200,0,https://cdn.shopify.com/s/files/1/1025/4742/3597/files/provolley-brione-full-zip-tracksuit-prosporter-model-back.jpg?v=1788592857,image/jpeg,https://prosporter.vercel.app/product/provolley-brione-full-zip-tracksuit-navy,200,PASS,
image,https://cdn.shopify.com/s/files/1/1025/4742/3597/files/provolley-brione-full-zip-tracksuit-ninesquared-prosporter-navy-front.jpg?v=1788592858,200,200,0,https://cdn.shopify.com/s/files/1/1025/4742/3597/files/provolley-brione-full-zip-tracksuit-ninesquared-prosporter-navy-front.jpg?v=1788592858,image/jpeg,https://prosporter.vercel.app/product/provolley-brione-full-zip-tracksuit-navy,200,PASS,
image,https://cdn.shopify.com/s/files/1/1025/4742/3597/files/provolley-brione-full-zip-tracksuit-ninesquared-prosporter-navy-back.jpg?v=1788592858,200,200,0,https://cdn.shopify.com/s/files/1/1025/4742/3597/files/provolley-brione-full-zip-tracksuit-ninesquared-prosporter-navy-back.jpg?v=1788592858,image/jpeg,https://prosporter.vercel.app/product/provolley-brione-full-zip-tracksuit-navy,200,PASS,
image,https://cdn.shopify.com/s/files/1/1025/4742/3597/files/provolley-brione-track-pants-ninesquared-navy-front.jpg?v=1788592859,200,200,0,https://cdn.shopify.com/s/files/1/1025/4742/3597/files/provolley-brione-track-pants-ninesquared-navy-front.jpg?v=1788592859,image/jpeg,https://prosporter.vercel.app/product/provolley-brione-full-zip-tracksuit-navy,200,PASS,
image,https://cdn.shopify.com/s/files/1/1025/4742/3597/files/provolley-brione-track-pants-ninesquared-navy-back.jpg?v=1788592860,200,200,0,https://cdn.shopify.com/s/files/1/1025/4742/3597/files/provolley-brione-track-pants-ninesquared-navy-back.jpg?v=1788592860,image/jpeg,https://prosporter.vercel.app/product/provolley-brione-full-zip-tracksuit-navy,200,PASS,
image,https://cdn.shopify.com/s/files/1/1025/4742/3597/files/provolley-brione-track-pants-ninesquared-navy-front_98c9b0c9-c454-483f-ba8d-ce527a5b98bc.jpg?v=1788592862,200,200,0,https://cdn.shopify.com/s/files/1/1025/4742/3597/files/provolley-brione-track-pants-ninesquared-navy-front_98c9b0c9-c454-483f-ba8d-ce527a5b98bc.jpg?v=1788592862,image/jpeg,https://prosporter.vercel.app/product/provolley-brione-track-pants,200,PASS,
image,https://cdn.shopify.com/s/files/1/1025/4742/3597/files/provolley-brione-full-zip-tracksuit-prosporter-model-back_14554cf8-6565-450e-b3b7-17035613d222.jpg?v=1788592865,200,200,0,https://cdn.shopify.com/s/files/1/1025/4742/3597/files/provolley-brione-full-zip-tracksuit-prosporter-model-back_14554cf8-6565-450e-b3b7-17035613d222.jpg?v=1788592865,image/jpeg,https://prosporter.vercel.app/product/provolley-brione-track-pants,200,PASS,
image,https://cdn.shopify.com/s/files/1/1025/4742/3597/files/provolley-brione-track-pants-ninesquared-navy-back_da863478-70b8-41ac-bf58-b084359ca7d5.jpg?v=1788592863,200,200,0,https://cdn.shopify.com/s/files/1/1025/4742/3597/files/provolley-brione-track-pants-ninesquared-navy-back_da863478-70b8-41ac-bf58-b084359ca7d5.jpg?v=1788592863,image/jpeg,https://prosporter.vercel.app/product/provolley-brione-track-pants,200,PASS,
image,https://cdn.shopify.com/s/files/1/1025/4742/3597/files/ProVolley-Training-T-shirt-Back-NINE.png?v=1788592842,200,200,0,https://cdn.shopify.com/s/files/1/1025/4742/3597/files/ProVolley-Training-T-shirt-Back-NINE.png?v=1788592842,image/png,https://prosporter.vercel.app/product/provolley-men-training-t-shirt-navy,200,PASS,
image,https://cdn.shopify.com/s/files/1/1025/4742/3597/files/ProVolley-Mens-Shorts-Navy-Front-1.png?v=1788592799,200,200,0,https://cdn.shopify.com/s/files/1/1025/4742/3597/files/ProVolley-Mens-Shorts-Navy-Front-1.png?v=1788592799,image/png,https://prosporter.vercel.app/product/provolley-mens-shorts-navy-white-yellow-copy,200,PASS,
image,https://cdn.shopify.com/s/files/1/1025/4742/3597/files/ProVolley-Mens-Shorts-White-Front.png?v=1788592798,200,200,0,https://cdn.shopify.com/s/files/1/1025/4742/3597/files/ProVolley-Mens-Shorts-White-Front.png?v=1788592798,image/png,https://prosporter.vercel.app/product/provolley-mens-shorts-navy-white-yellow-copy,200,PASS,
image,https://cdn.shopify.com/s/files/1/1025/4742/3597/files/ProVolley-Mens-Shorts-Yellow-Front.png?v=1788592799,200,200,0,https://cdn.shopify.com/s/files/1/1025/4742/3597/files/ProVolley-Mens-Shorts-Yellow-Front.png?v=1788592799,image/png,https://prosporter.vercel.app/product/provolley-mens-shorts-navy-white-yellow-copy,200,PASS,
image,https://cdn.shopify.com/s/files/1/1025/4742/3597/files/ProVolley-Mens-Shorts-Navy-Front-Side.png?v=1788592799,200,200,0,https://cdn.shopify.com/s/files/1/1025/4742/3597/files/ProVolley-Mens-Shorts-Navy-Front-Side.png?v=1788592799,image/png,https://prosporter.vercel.app/product/provolley-mens-shorts-navy-white-yellow-copy,200,PASS,
image,https://cdn.shopify.com/s/files/1/1025/4742/3597/files/ProVolley-Mens-Shorts-Navy-Back.png?v=1788592800,200,200,0,https://cdn.shopify.com/s/files/1/1025/4742/3597/files/ProVolley-Mens-Shorts-Navy-Back.png?v=1788592800,image/png,https://prosporter.vercel.app/product/provolley-mens-shorts-navy-white-yellow-copy,200,PASS,
image,https://cdn.shopify.com/s/files/1/1025/4742/3597/files/ProVolley-Mens-Shorts-White-Front-Side.png?v=1788592800,200,200,0,https://cdn.shopify.com/s/files/1/1025/4742/3597/files/ProVolley-Mens-Shorts-White-Front-Side.png?v=1788592800,image/png,https://prosporter.vercel.app/product/provolley-mens-shorts-navy-white-yellow-copy,200,PASS,
image,https://cdn.shopify.com/s/files/1/1025/4742/3597/files/ProVolley-Mens-Shorts-White-Back.png?v=1788592801,200,200,0,https://cdn.shopify.com/s/files/1/1025/4742/3597/files/ProVolley-Mens-Shorts-White-Back.png?v=1788592801,image/png,https://prosporter.vercel.app/product/provolley-mens-shorts-navy-white-yellow-copy,200,PASS,
image,https://cdn.shopify.com/s/files/1/1025/4742/3597/files/ProVolley-Mens-Shorts-Yellow-Front-Side.png?v=1788592802,200,200,0,https://cdn.shopify.com/s/files/1/1025/4742/3597/files/ProVolley-Mens-Shorts-Yellow-Front-Side.png?v=1788592802,image/png,https://prosporter.vercel.app/product/provolley-mens-shorts-navy-white-yellow-copy,200,PASS,
image,https://cdn.shopify.com/s/files/1/1025/4742/3597/files/ProVolley-Mens-Shorts-Yellow-Back.png?v=1788592802,200,200,0,https://cdn.shopify.com/s/files/1/1025/4742/3597/files/ProVolley-Mens-Shorts-Yellow-Back.png?v=1788592802,image/png,https://prosporter.vercel.app/product/provolley-mens-shorts-navy-white-yellow-copy,200,PASS,
image,https://cdn.shopify.com/s/files/1/1025/4742/3597/files/ProVolley-Mens-Jersey-Yellow-Front.png?v=1788592793,200,200,0,https://cdn.shopify.com/s/files/1/1025/4742/3597/files/ProVolley-Mens-Jersey-Yellow-Front.png?v=1788592793,image/png,https://prosporter.vercel.app/product/provolley-mens-volleyball-jersey-sydney,200,PASS,
image,https://cdn.shopify.com/s/files/1/1025/4742/3597/files/ProVolley-Mens-Jersey-White-Front-Side.png?v=1788592795,200,200,0,https://cdn.shopify.com/s/files/1/1025/4742/3597/files/ProVolley-Mens-Jersey-White-Front-Side.png?v=1788592795,image/png,https://prosporter.vercel.app/product/provolley-mens-volleyball-jersey-sydney,200,PASS,
image,https://cdn.shopify.com/s/files/1/1025/4742/3597/files/ProVolley-Mens-Jersey-White-Back.png?v=1788592796,200,200,0,https://cdn.shopify.com/s/files/1/1025/4742/3597/files/ProVolley-Mens-Jersey-White-Back.png?v=1788592796,image/png,https://prosporter.vercel.app/product/provolley-mens-volleyball-jersey-sydney,200,PASS,
image,https://cdn.shopify.com/s/files/1/1025/4742/3597/files/ProVolley-Mens-Jersey-Yellow-Front-Side.png?v=1788592796,200,200,0,https://cdn.shopify.com/s/files/1/1025/4742/3597/files/ProVolley-Mens-Jersey-Yellow-Front-Side.png?v=1788592796,image/png,https://prosporter.vercel.app/product/provolley-mens-volleyball-jersey-sydney,200,PASS,
image,https://cdn.shopify.com/s/files/1/1025/4742/3597/files/ProVolley-Mens-Jersey-Yellow-Back.png?v=1788592796,200,200,0,https://cdn.shopify.com/s/files/1/1025/4742/3597/files/ProVolley-Mens-Jersey-Yellow-Back.png?v=1788592796,image/png,https://prosporter.vercel.app/product/provolley-mens-volleyball-jersey-sydney,200,PASS,
image,https://cdn.shopify.com/s/files/1/1025/4742/3597/files/Screenshot-2025-03-11-at-12.07.39_E2_80_AFPM.png?v=1788594232,200,200,0,https://cdn.shopify.com/s/files/1/1025/4742/3597/files/Screenshot-2025-03-11-at-12.07.39_E2_80_AFPM.png?v=1788594232,image/png,https://prosporter.vercel.app/product/provolley-mens-volleyball-jersey-sydney,200,PASS,
image,https://cdn.shopify.com/s/files/1/1025/4742/3597/files/Screenshot-2025-03-11-at-12.56.08_E2_80_AFPM.png?v=1788594234,200,200,0,https://cdn.shopify.com/s/files/1/1025/4742/3597/files/Screenshot-2025-03-11-at-12.56.08_E2_80_AFPM.png?v=1788594234,image/png,https://prosporter.vercel.app/product/provolley-mens-volleyball-jersey-sydney,200,PASS,
image,https://cdn.shopify.com/s/files/1/1025/4742/3597/files/Screenshot-2025-03-11-at-12.07.52_E2_80_AFPM.png?v=1788594234,200,200,0,https://cdn.shopify.com/s/files/1/1025/4742/3597/files/Screenshot-2025-03-11-at-12.07.52_E2_80_AFPM.png?v=1788594234,image/png,https://prosporter.vercel.app/product/provolley-mens-volleyball-jersey-sydney,200,PASS,
image,https://cdn.shopify.com/s/files/1/1025/4742/3597/files/provolley-womens-polo-2026-back_8a271154-8b12-473b-b87c-684d5524eea8.jpg?v=1788592866,200,200,0,https://cdn.shopify.com/s/files/1/1025/4742/3597/files/provolley-womens-polo-2026-back_8a271154-8b12-473b-b87c-684d5524eea8.jpg?v=1788592866,image/jpeg,https://prosporter.vercel.app/product/provolley-menss-polo-2026-27-nine-teamwear,200,PASS,
image,https://cdn.shopify.com/s/files/1/1025/4742/3597/files/ProVolley-Premium-T-Shirt-Cinque-Women.jpg?v=1788592774,200,200,0,https://cdn.shopify.com/s/files/1/1025/4742/3597/files/ProVolley-Premium-T-Shirt-Cinque-Women.jpg?v=1788592774,image/jpeg,https://prosporter.vercel.app/product/provolley-premium-t-shirt-cinque-men,200,PASS,
image,https://cdn.shopify.com/s/files/1/1025/4742/3597/files/ProVolley-Premium-T-Shirt-Cinque-Women_42217dd5-52a5-4576-ab9f-49b1cf978613.jpg?v=1788592776,200,200,0,https://cdn.shopify.com/s/files/1/1025/4742/3597/files/ProVolley-Premium-T-Shirt-Cinque-Women_42217dd5-52a5-4576-ab9f-49b1cf978613.jpg?v=1788592776,image/jpeg,https://prosporter.vercel.app/product/provolley-premium-tshirt-cinque-women,200,PASS,
image,https://cdn.shopify.com/s/files/1/1025/4742/3597/files/Screenshot-2024-09-30-at-3.16.58_E2_80_AFPM.png?v=1788594221,200,200,0,https://cdn.shopify.com/s/files/1/1025/4742/3597/files/Screenshot-2024-09-30-at-3.16.58_E2_80_AFPM.png?v=1788594221,image/png,https://prosporter.vercel.app/product/provolley-premium-t-shirt-cinque-men,200,PASS,
image,https://cdn.shopify.com/s/files/1/1025/4742/3597/files/Screenshot-2024-09-30-at-3.16.51_E2_80_AFPM.png?v=1788594221,200,200,0,https://cdn.shopify.com/s/files/1/1025/4742/3597/files/Screenshot-2024-09-30-at-3.16.51_E2_80_AFPM.png?v=1788594221,image/png,https://prosporter.vercel.app/product/provolley-premium-t-shirt-cinque-men,200,PASS,
image,https://cdn.shopify.com/s/files/1/1025/4742/3597/files/Screenshot-2024-09-30-at-3.16.58_E2_80_AFPM_31dc66e8-8427-4210-9a85-fb02eb6419bf.png?v=1788594222,200,200,0,https://cdn.shopify.com/s/files/1/1025/4742/3597/files/Screenshot-2024-09-30-at-3.16.58_E2_80_AFPM_31dc66e8-8427-4210-9a85-fb02eb6419bf.png?v=1788594222,image/png,https://prosporter.vercel.app/product/provolley-premium-tshirt-cinque-women,200,PASS,
image,https://cdn.shopify.com/s/files/1/1025/4742/3597/files/provolley-team-sweater-nine-unisex-navy-front.png?v=1788592674,200,200,0,https://cdn.shopify.com/s/files/1/1025/4742/3597/files/provolley-team-sweater-nine-unisex-navy-front.png?v=1788592674,image/png,https://prosporter.vercel.app/product/provolley-team-sweater-nine-unisex,200,PASS,
image,https://cdn.shopify.com/s/files/1/1025/4742/3597/files/Screenshot-2024-09-30-at-3.16.51_E2_80_AFPM_fbca346d-b16e-4498-8608-5f3b292795d4.png?v=1788594224,200,200,0,https://cdn.shopify.com/s/files/1/1025/4742/3597/files/Screenshot-2024-09-30-at-3.16.51_E2_80_AFPM_fbca346d-b16e-4498-8608-5f3b292795d4.png?v=1788594224,image/png,https://prosporter.vercel.app/product/provolley-premium-tshirt-cinque-women,200,PASS,
image,https://cdn.shopify.com/s/files/1/1025/4742/3597/files/Carape.png?v=1788592815,200,200,0,https://cdn.shopify.com/s/files/1/1025/4742/3597/files/Carape.png?v=1788592815,image/png,https://prosporter.vercel.app/product/provolley-socks-1-pair,200,PASS,
image,https://cdn.shopify.com/s/files/1/1025/4742/3597/files/provolley-team-sweater-nine-unisex-navy-back.png?v=1788592675,200,200,0,https://cdn.shopify.com/s/files/1/1025/4742/3597/files/provolley-team-sweater-nine-unisex-navy-back.png?v=1788592675,image/png,https://prosporter.vercel.app/product/provolley-team-sweater-nine-unisex,200,PASS,
image,https://cdn.shopify.com/s/files/1/1025/4742/3597/files/provolley-team-sweater-nine-unisex-grey-back.png?v=1788592676,200,200,0,https://cdn.shopify.com/s/files/1/1025/4742/3597/files/provolley-team-sweater-nine-unisex-grey-back.png?v=1788592676,image/png,https://prosporter.vercel.app/product/provolley-team-sweater-nine-unisex,200,PASS,
image,https://cdn.shopify.com/s/files/1/1025/4742/3597/files/provolley-team-sweater-nine-unisex-grey-front.png?v=1788592675,200,200,0,https://cdn.shopify.com/s/files/1/1025/4742/3597/files/provolley-team-sweater-nine-unisex-grey-front.png?v=1788592675,image/png,https://prosporter.vercel.app/product/provolley-team-sweater-nine-unisex,200,PASS,
image,https://cdn.shopify.com/s/files/1/1025/4742/3597/files/Screenshot-2024-09-30-at-3.17.37_E2_80_AFPM_b9c6c99c-9952-458f-9de1-fec3f6e84acd.png?v=1788594219,200,200,0,https://cdn.shopify.com/s/files/1/1025/4742/3597/files/Screenshot-2024-09-30-at-3.17.37_E2_80_AFPM_b9c6c99c-9952-458f-9de1-fec3f6e84acd.png?v=1788594219,image/png,https://prosporter.vercel.app/product/provolley-training-t-shirt,200,PASS,
image,https://cdn.shopify.com/s/files/1/1025/4742/3597/files/Screenshot-2024-09-30-at-3.17.22_E2_80_AFPM.png?v=1788594220,200,200,0,https://cdn.shopify.com/s/files/1/1025/4742/3597/files/Screenshot-2024-09-30-at-3.17.22_E2_80_AFPM.png?v=1788594220,image/png,https://prosporter.vercel.app/product/provolley-training-t-shirt,200,PASS,
image,https://cdn.shopify.com/s/files/1/1025/4742/3597/files/Hoodie-front.jpg?v=1788592727,200,200,0,https://cdn.shopify.com/s/files/1/1025/4742/3597/files/Hoodie-front.jpg?v=1788592727,image/jpeg,https://prosporter.vercel.app/product/provolley-winter-hoodie-2024,200,PASS,
image,https://cdn.shopify.com/s/files/1/1025/4742/3597/files/ProVolley-Hoodie-Pants.png?v=1788592727,200,200,0,https://cdn.shopify.com/s/files/1/1025/4742/3597/files/ProVolley-Hoodie-Pants.png?v=1788592727,image/png,https://prosporter.vercel.app/product/provolley-winter-hoodie-2024,200,PASS,
image,https://cdn.shopify.com/s/files/1/1025/4742/3597/files/Hoodie-back.jpg?v=1788592727,200,200,0,https://cdn.shopify.com/s/files/1/1025/4742/3597/files/Hoodie-back.jpg?v=1788592727,image/jpeg,https://prosporter.vercel.app/product/provolley-winter-hoodie-2024,200,PASS,
image,https://cdn.shopify.com/s/files/1/1025/4742/3597/files/Hoodie-front-768x768-1.jpg?v=1788592728,200,200,0,https://cdn.shopify.com/s/files/1/1025/4742/3597/files/Hoodie-front-768x768-1.jpg?v=1788592728,image/jpeg,https://prosporter.vercel.app/product/provolley-winter-hoodie-2024,200,PASS,
image,https://cdn.shopify.com/s/files/1/1025/4742/3597/files/ProVolley-Womens-Shorts-Navy-Front-1.png?v=1788592810,200,200,0,https://cdn.shopify.com/s/files/1/1025/4742/3597/files/ProVolley-Womens-Shorts-Navy-Front-1.png?v=1788592810,image/png,https://prosporter.vercel.app/product/provolley-women-shorts-navy-white-yellow,200,PASS,
image,https://cdn.shopify.com/s/files/1/1025/4742/3597/files/ProVolley-Womens-Shorts-White-Front-Side.png?v=1788592811,200,200,0,https://cdn.shopify.com/s/files/1/1025/4742/3597/files/ProVolley-Womens-Shorts-White-Front-Side.png?v=1788592811,image/png,https://prosporter.vercel.app/product/provolley-women-shorts-navy-white-yellow,200,PASS,
image,https://cdn.shopify.com/s/files/1/1025/4742/3597/files/ProVolley-Womens-Shorts-Navy-Front-Side.png?v=1788592811,200,200,0,https://cdn.shopify.com/s/files/1/1025/4742/3597/files/ProVolley-Womens-Shorts-Navy-Front-Side.png?v=1788592811,image/png,https://prosporter.vercel.app/product/provolley-women-shorts-navy-white-yellow,200,PASS,
image,https://cdn.shopify.com/s/files/1/1025/4742/3597/files/ProVolley-Womens-Shorts-Yellow-Front-Side.png?v=1788592812,200,200,0,https://cdn.shopify.com/s/files/1/1025/4742/3597/files/ProVolley-Womens-Shorts-Yellow-Front-Side.png?v=1788592812,image/png,https://prosporter.vercel.app/product/provolley-women-shorts-navy-white-yellow,200,PASS,
image,https://cdn.shopify.com/s/files/1/1025/4742/3597/files/ProVolley-Womens-Shorts-Navy-Back.png?v=1788592813,200,200,0,https://cdn.shopify.com/s/files/1/1025/4742/3597/files/ProVolley-Womens-Shorts-Navy-Back.png?v=1788592813,image/png,https://prosporter.vercel.app/product/provolley-women-shorts-navy-white-yellow,200,PASS,
image,https://cdn.shopify.com/s/files/1/1025/4742/3597/files/ProVolley-Womens-Shorts-White-Front.png?v=1788592814,200,200,0,https://cdn.shopify.com/s/files/1/1025/4742/3597/files/ProVolley-Womens-Shorts-White-Front.png?v=1788592814,image/png,https://prosporter.vercel.app/product/provolley-women-shorts-navy-white-yellow,200,PASS,
image,https://cdn.shopify.com/s/files/1/1025/4742/3597/files/ProVolley-Womens-Shorts-Yellow-Front.png?v=1788592815,200,200,0,https://cdn.shopify.com/s/files/1/1025/4742/3597/files/ProVolley-Womens-Shorts-Yellow-Front.png?v=1788592815,image/png,https://prosporter.vercel.app/product/provolley-women-shorts-navy-white-yellow,200,PASS,
image,https://cdn.shopify.com/s/files/1/1025/4742/3597/files/ProVolley-Womens-Shorts-White-Back.png?v=1788592814,200,200,0,https://cdn.shopify.com/s/files/1/1025/4742/3597/files/ProVolley-Womens-Shorts-White-Back.png?v=1788592814,image/png,https://prosporter.vercel.app/product/provolley-women-shorts-navy-white-yellow,200,PASS,
image,https://cdn.shopify.com/s/files/1/1025/4742/3597/files/Joggers-front-1.jpg?v=1788592729,200,200,0,https://cdn.shopify.com/s/files/1/1025/4742/3597/files/Joggers-front-1.jpg?v=1788592729,image/jpeg,https://prosporter.vercel.app/product/provolley-winter-pants-teamwear-2024,200,PASS,
image,https://cdn.shopify.com/s/files/1/1025/4742/3597/files/ProVolley-Womens-Shorts-Yellow-Back.png?v=1788592815,200,200,0,https://cdn.shopify.com/s/files/1/1025/4742/3597/files/ProVolley-Womens-Shorts-Yellow-Back.png?v=1788592815,image/png,https://prosporter.vercel.app/product/provolley-women-shorts-navy-white-yellow,200,PASS,
image,https://cdn.shopify.com/s/files/1/1025/4742/3597/files/Joggers-front.jpg?v=1788592730,200,200,0,https://cdn.shopify.com/s/files/1/1025/4742/3597/files/Joggers-front.jpg?v=1788592730,image/jpeg,https://prosporter.vercel.app/product/provolley-winter-pants-teamwear-2024,200,PASS,
image,https://cdn.shopify.com/s/files/1/1025/4742/3597/files/ProVolley-Hoodie-Pants_f76d7eb7-2265-47ca-8a6c-abd09d2f2a43.png?v=1788592730,200,200,0,https://cdn.shopify.com/s/files/1/1025/4742/3597/files/ProVolley-Hoodie-Pants_f76d7eb7-2265-47ca-8a6c-abd09d2f2a43.png?v=1788592730,image/png,https://prosporter.vercel.app/product/provolley-winter-pants-teamwear-2024,200,PASS,
image,https://cdn.shopify.com/s/files/1/1025/4742/3597/files/Joggers-front-1-768x768-1.jpg?v=1788592730,200,200,0,https://cdn.shopify.com/s/files/1/1025/4742/3597/files/Joggers-front-1-768x768-1.jpg?v=1788592730,image/jpeg,https://prosporter.vercel.app/product/provolley-winter-pants-teamwear-2024,200,PASS,
image,https://cdn.shopify.com/s/files/1/1025/4742/3597/files/ProVolley-Womens-Training-T-shirt_Back_NINE.png?v=1788592844,200,200,0,https://cdn.shopify.com/s/files/1/1025/4742/3597/files/ProVolley-Womens-Training-T-shirt_Back_NINE.png?v=1788592844,image/png,https://prosporter.vercel.app/product/provolley-womens-training-t-shirt-nine,200,PASS,
image,https://cdn.shopify.com/s/files/1/1025/4742/3597/files/provolley-womens-polo-2026-back.jpg?v=1788592855,200,200,0,https://cdn.shopify.com/s/files/1/1025/4742/3597/files/provolley-womens-polo-2026-back.jpg?v=1788592855,image/jpeg,https://prosporter.vercel.app/product/provolley-womens-polo-2026-27,200,PASS,
image,https://cdn.shopify.com/s/files/1/1025/4742/3597/files/17.png?v=1788592652,200,200,0,https://cdn.shopify.com/s/files/1/1025/4742/3597/files/17.png?v=1788592652,image/png,https://prosporter.vercel.app/product/quick-2-unisex,200,PASS,
image,https://cdn.shopify.com/s/files/1/1025/4742/3597/files/2-4.png?v=1788592653,200,200,0,https://cdn.shopify.com/s/files/1/1025/4742/3597/files/2-4.png?v=1788592653,image/png,https://prosporter.vercel.app/product/quick-2-unisex,200,PASS,
image,https://cdn.shopify.com/s/files/1/1025/4742/3597/files/3-4.png?v=1788592654,200,200,0,https://cdn.shopify.com/s/files/1/1025/4742/3597/files/3-4.png?v=1788592654,image/png,https://prosporter.vercel.app/product/quick-2-unisex,200,PASS,
image,https://cdn.shopify.com/s/files/1/1025/4742/3597/files/1-5.png?v=1788592653,200,200,0,https://cdn.shopify.com/s/files/1/1025/4742/3597/files/1-5.png?v=1788592653,image/png,https://prosporter.vercel.app/product/quick-2-unisex,200,PASS,
image,https://cdn.shopify.com/s/files/1/1025/4742/3597/files/4-4.png?v=1788592654,200,200,0,https://cdn.shopify.com/s/files/1/1025/4742/3597/files/4-4.png?v=1788592654,image/png,https://prosporter.vercel.app/product/quick-2-unisex,200,PASS,
image,https://cdn.shopify.com/s/files/1/1025/4742/3597/files/5-4.png?v=1788592655,200,200,0,https://cdn.shopify.com/s/files/1/1025/4742/3597/files/5-4.png?v=1788592655,image/png,https://prosporter.vercel.app/product/quick-2-unisex,200,PASS,
image,https://cdn.shopify.com/s/files/1/1025/4742/3597/files/6-4.png?v=1788592657,200,200,0,https://cdn.shopify.com/s/files/1/1025/4742/3597/files/6-4.png?v=1788592657,image/png,https://prosporter.vercel.app/product/quick-2-unisex,200,PASS,
image,https://cdn.shopify.com/s/files/1/1025/4742/3597/files/7-3.png?v=1788592656,200,200,0,https://cdn.shopify.com/s/files/1/1025/4742/3597/files/7-3.png?v=1788592656,image/png,https://prosporter.vercel.app/product/quick-2-unisex,200,PASS,
image,https://cdn.shopify.com/s/files/1/1025/4742/3597/files/8-3.png?v=1788592656,200,200,0,https://cdn.shopify.com/s/files/1/1025/4742/3597/files/8-3.png?v=1788592656,image/png,https://prosporter.vercel.app/product/quick-2-unisex,200,PASS,
image,https://cdn.shopify.com/s/files/1/1025/4742/3597/files/ProVolley-Womens-Jersey-Navy-Front.png?v=1788592805,200,200,0,https://cdn.shopify.com/s/files/1/1025/4742/3597/files/ProVolley-Womens-Jersey-Navy-Front.png?v=1788592805,image/png,https://prosporter.vercel.app/product/provolley-womens-volleyball-jersey-sydney-australia,200,PASS,
image,https://cdn.shopify.com/s/files/1/1025/4742/3597/files/ProVolley-Womens-Jersey-White-Front.png?v=1788592807,200,200,0,https://cdn.shopify.com/s/files/1/1025/4742/3597/files/ProVolley-Womens-Jersey-White-Front.png?v=1788592807,image/png,https://prosporter.vercel.app/product/provolley-womens-volleyball-jersey-sydney-australia,200,PASS,
image,https://cdn.shopify.com/s/files/1/1025/4742/3597/files/ProVolley-Womens-Jersey-White-Front-Side.png?v=1788592804,200,200,0,https://cdn.shopify.com/s/files/1/1025/4742/3597/files/ProVolley-Womens-Jersey-White-Front-Side.png?v=1788592804,image/png,https://prosporter.vercel.app/product/provolley-womens-volleyball-jersey-sydney-australia,200,PASS,
image,https://cdn.shopify.com/s/files/1/1025/4742/3597/files/ProVolley-Womens-Jersey-Navy-Back.png?v=1788592806,200,200,0,https://cdn.shopify.com/s/files/1/1025/4742/3597/files/ProVolley-Womens-Jersey-Navy-Back.png?v=1788592806,image/png,https://prosporter.vercel.app/product/provolley-womens-volleyball-jersey-sydney-australia,200,PASS,
image,https://cdn.shopify.com/s/files/1/1025/4742/3597/files/ProVolley-Womens-Jersey-Yellow-Front.png?v=1788592808,200,200,0,https://cdn.shopify.com/s/files/1/1025/4742/3597/files/ProVolley-Womens-Jersey-Yellow-Front.png?v=1788592808,image/png,https://prosporter.vercel.app/product/provolley-womens-volleyball-jersey-sydney-australia,200,PASS,
image,https://cdn.shopify.com/s/files/1/1025/4742/3597/files/ProVolley-Womens-Jersey-White-Back.png?v=1788592807,200,200,0,https://cdn.shopify.com/s/files/1/1025/4742/3597/files/ProVolley-Womens-Jersey-White-Back.png?v=1788592807,image/png,https://prosporter.vercel.app/product/provolley-womens-volleyball-jersey-sydney-australia,200,PASS,
image,https://cdn.shopify.com/s/files/1/1025/4742/3597/files/ProVolley-Womens-Jersey-Yellow-Front-Side.png?v=1788592808,200,200,0,https://cdn.shopify.com/s/files/1/1025/4742/3597/files/ProVolley-Womens-Jersey-Yellow-Front-Side.png?v=1788592808,image/png,https://prosporter.vercel.app/product/provolley-womens-volleyball-jersey-sydney-australia,200,PASS,
image,https://cdn.shopify.com/s/files/1/1025/4742/3597/files/thumb1024_ninesquared-slide-zip-blue-navy-fr-U_03df9930-71b3-4600-b512-b0b56b1b1335.jpg?v=1788592677,200,200,0,https://cdn.shopify.com/s/files/1/1025/4742/3597/files/thumb1024_ninesquared-slide-zip-blue-navy-fr-U_03df9930-71b3-4600-b512-b0b56b1b1335.jpg?v=1788592677,image/jpeg,https://prosporter.vercel.app/product/slide-zip,200,PASS,
image,https://cdn.shopify.com/s/files/1/1025/4742/3597/files/thumb1024_ninesquared-slide-zip-blue-navy-bk-U_7e7907dc-28ca-4c98-99e0-d4bec76f54e6.jpg?v=1788592676,200,200,0,https://cdn.shopify.com/s/files/1/1025/4742/3597/files/thumb1024_ninesquared-slide-zip-blue-navy-bk-U_7e7907dc-28ca-4c98-99e0-d4bec76f54e6.jpg?v=1788592676,image/jpeg,https://prosporter.vercel.app/product/slide-zip,200,PASS,
image,https://cdn.shopify.com/s/files/1/1025/4742/3597/files/thumb1024_ninesquared-slide-zip-black-fr-U_f3078652-ed5a-4174-9071-10aa1bf5b281.jpg?v=1788592677,200,200,0,https://cdn.shopify.com/s/files/1/1025/4742/3597/files/thumb1024_ninesquared-slide-zip-black-fr-U_f3078652-ed5a-4174-9071-10aa1bf5b281.jpg?v=1788592677,image/jpeg,https://prosporter.vercel.app/product/slide-zip,200,PASS,
image,https://cdn.shopify.com/s/files/1/1025/4742/3597/files/thumb1024_ninesquared-slide-zip-black-bk-U_5433b9be-c30e-4cbd-8acd-05184ff3eef4.jpg?v=1788592678,200,200,0,https://cdn.shopify.com/s/files/1/1025/4742/3597/files/thumb1024_ninesquared-slide-zip-black-bk-U_5433b9be-c30e-4cbd-8acd-05184ff3eef4.jpg?v=1788592678,image/jpeg,https://prosporter.vercel.app/product/slide-zip,200,PASS,
image,https://cdn.shopify.com/s/files/1/1025/4742/3597/files/Stivo-Jacket-Gray-Front-600x600-1.png?v=1788592686,200,200,0,https://cdn.shopify.com/s/files/1/1025/4742/3597/files/Stivo-Jacket-Gray-Front-600x600-1.png?v=1788592686,image/png,https://prosporter.vercel.app/product/stivo-jacket,200,PASS,
image,https://cdn.shopify.com/s/files/1/1025/4742/3597/files/4.png?v=1788592687,200,200,0,https://cdn.shopify.com/s/files/1/1025/4742/3597/files/4.png?v=1788592687,image/png,https://prosporter.vercel.app/product/stivo-pants,200,PASS,
image,https://cdn.shopify.com/s/files/1/1025/4742/3597/files/5.png?v=1788592686,200,200,0,https://cdn.shopify.com/s/files/1/1025/4742/3597/files/5.png?v=1788592686,image/png,https://prosporter.vercel.app/product/stivo-jacket,200,PASS,
image,https://cdn.shopify.com/s/files/1/1025/4742/3597/files/1-2.png?v=1788592688,200,200,0,https://cdn.shopify.com/s/files/1/1025/4742/3597/files/1-2.png?v=1788592688,image/png,https://prosporter.vercel.app/product/stivo-jacket,200,PASS,
image,https://cdn.shopify.com/s/files/1/1025/4742/3597/files/1-1.png?v=1788592688,200,200,0,https://cdn.shopify.com/s/files/1/1025/4742/3597/files/1-1.png?v=1788592688,image/png,https://prosporter.vercel.app/product/stivo-pants,200,PASS,
image,https://cdn.shopify.com/s/files/1/1025/4742/3597/files/Velo-Pants-Navy-Blue-Front-600x600-1.png?v=1788592709,200,200,0,https://cdn.shopify.com/s/files/1/1025/4742/3597/files/Velo-Pants-Navy-Blue-Front-600x600-1.png?v=1788592709,image/png,https://prosporter.vercel.app/product/velo-pants,200,PASS,
image,https://cdn.shopify.com/s/files/1/1025/4742/3597/files/Velo-Pants-Black-Front-600x600-Product.png?v=1788592709,200,200,0,https://cdn.shopify.com/s/files/1/1025/4742/3597/files/Velo-Pants-Black-Front-600x600-Product.png?v=1788592709,image/png,https://prosporter.vercel.app/product/velo-pants,200,PASS,
image,https://cdn.shopify.com/s/files/1/1025/4742/3597/files/Velo-Pants-Black-Back-600x600-1.png?v=1788592709,200,200,0,https://cdn.shopify.com/s/files/1/1025/4742/3597/files/Velo-Pants-Black-Back-600x600-1.png?v=1788592709,image/png,https://prosporter.vercel.app/product/velo-pants,200,PASS,
image,https://cdn.shopify.com/s/files/1/1025/4742/3597/files/Velo-Pants-Navy-Blue-Back-600x600-1.png?v=1788592710,200,200,0,https://cdn.shopify.com/s/files/1/1025/4742/3597/files/Velo-Pants-Navy-Blue-Back-600x600-1.png?v=1788592710,image/png,https://prosporter.vercel.app/product/velo-pants,200,PASS,
image,https://cdn.shopify.com/s/files/1/1025/4742/3597/files/Velo-Pants-Black-Front-600x600-1.png?v=1788592711,200,200,0,https://cdn.shopify.com/s/files/1/1025/4742/3597/files/Velo-Pants-Black-Front-600x600-1.png?v=1788592711,image/png,https://prosporter.vercel.app/product/velo-pants,200,PASS,
image,https://cdn.shopify.com/s/files/1/1025/4742/3597/files/inner-west-volley-womens-jersey-2026-2027-svl-sydney-black-side.png?v=1788592824,200,200,0,https://cdn.shopify.com/s/files/1/1025/4742/3597/files/inner-west-volley-womens-jersey-2026-2027-svl-sydney-black-side.png?v=1788592824,image/png,https://prosporter.vercel.app/product/womens-volleyball-jersey-sydney-australia,200,PASS,
image,https://cdn.shopify.com/s/files/1/1025/4742/3597/files/inner-west-volley-womens-jersey-2026-2027-svl-sydney-white-side.png?v=1788592824,200,200,0,https://cdn.shopify.com/s/files/1/1025/4742/3597/files/inner-west-volley-womens-jersey-2026-2027-svl-sydney-white-side.png?v=1788592824,image/png,https://prosporter.vercel.app/product/womens-volleyball-jersey-sydney-australia,200,PASS,
image,https://cdn.shopify.com/s/files/1/1025/4742/3597/files/inner-west-volley-womens-jersey-2026-2027-svl-sydney-black-back.png?v=1788592825,200,200,0,https://cdn.shopify.com/s/files/1/1025/4742/3597/files/inner-west-volley-womens-jersey-2026-2027-svl-sydney-black-back.png?v=1788592825,image/png,https://prosporter.vercel.app/product/womens-volleyball-jersey-sydney-australia,200,PASS,
image,https://cdn.shopify.com/s/files/1/1025/4742/3597/files/inner-west-volley-womens-jersey-2026-2027-svl-sydney-white-front.png?v=1788592826,200,200,0,https://cdn.shopify.com/s/files/1/1025/4742/3597/files/inner-west-volley-womens-jersey-2026-2027-svl-sydney-white-front.png?v=1788592826,image/png,https://prosporter.vercel.app/product/womens-volleyball-jersey-sydney-australia,200,PASS,
image,https://cdn.shopify.com/s/files/1/1025/4742/3597/files/IWV-Black-Jersey-Womens-Front-Side.png?v=1788592827,200,200,0,https://cdn.shopify.com/s/files/1/1025/4742/3597/files/IWV-Black-Jersey-Womens-Front-Side.png?v=1788592827,image/png,https://prosporter.vercel.app/product/womens-volleyball-jersey-sydney-australia,200,PASS,
image,https://cdn.shopify.com/s/files/1/1025/4742/3597/files/inner-west-volley-womens-jersey-2026-2027-svl-sydney-white-back.png?v=1788592826,200,200,0,https://cdn.shopify.com/s/files/1/1025/4742/3597/files/inner-west-volley-womens-jersey-2026-2027-svl-sydney-white-back.png?v=1788592826,image/png,https://prosporter.vercel.app/product/womens-volleyball-jersey-sydney-australia,200,PASS,
image,https://cdn.shopify.com/s/files/1/1025/4742/3597/files/IWV-White-Jersey-Female-Front-Side.png?v=1788592827,200,200,0,https://cdn.shopify.com/s/files/1/1025/4742/3597/files/IWV-White-Jersey-Female-Front-Side.png?v=1788592827,image/png,https://prosporter.vercel.app/product/womens-volleyball-jersey-sydney-australia,200,PASS,
image,https://cdn.shopify.com/s/files/1/1025/4742/3597/files/2.png?v=1788592717,200,200,0,https://cdn.shopify.com/s/files/1/1025/4742/3597/files/2.png?v=1788592717,image/png,https://prosporter.vercel.app/product/zero-2-unisex,200,PASS,
image,https://cdn.shopify.com/s/files/1/1025/4742/3597/files/1.png?v=1788592717,200,200,0,https://cdn.shopify.com/s/files/1/1025/4742/3597/files/1.png?v=1788592717,image/png,https://prosporter.vercel.app/product/zero-2-unisex,200,PASS,
image,https://cdn.shopify.com/s/files/1/1025/4742/3597/files/3-1.png?v=1788592718,200,200,0,https://cdn.shopify.com/s/files/1/1025/4742/3597/files/3-1.png?v=1788592718,image/png,https://prosporter.vercel.app/product/zero-2-unisex,200,PASS,
image,https://cdn.shopify.com/s/files/1/1025/4742/3597/files/4-1.png?v=1788592718,200,200,0,https://cdn.shopify.com/s/files/1/1025/4742/3597/files/4-1.png?v=1788592718,image/png,https://prosporter.vercel.app/product/zero-2-unisex,200,PASS,
image,https://cdn.shopify.com/s/files/1/1025/4742/3597/files/5-1.png?v=1788592719,200,200,0,https://cdn.shopify.com/s/files/1/1025/4742/3597/files/5-1.png?v=1788592719,image/png,https://prosporter.vercel.app/product/zero-2-unisex,200,PASS,
image,https://cdn.shopify.com/s/files/1/1025/4742/3597/files/6-1.png?v=1788592719,200,200,0,https://cdn.shopify.com/s/files/1/1025/4742/3597/files/6-1.png?v=1788592719,image/png,https://prosporter.vercel.app/product/zero-2-unisex,200,PASS,
image,https://cdn.shopify.com/s/files/1/1025/4742/3597/files/7-1.png?v=1788592720,200,200,0,https://cdn.shopify.com/s/files/1/1025/4742/3597/files/7-1.png?v=1788592720,image/png,https://prosporter.vercel.app/product/zero-2-unisex,200,PASS,
image,https://cdn.shopify.com/s/files/1/1025/4742/3597/files/8-1.png?v=1788592721,200,200,0,https://cdn.shopify.com/s/files/1/1025/4742/3597/files/8-1.png?v=1788592721,image/png,https://prosporter.vercel.app/product/zero-2-unisex,200,PASS,
image,https://cdn.shopify.com/s/files/1/1025/4742/3597/files/10-1.png?v=1788592722,200,200,0,https://cdn.shopify.com/s/files/1/1025/4742/3597/files/10-1.png?v=1788592722,image/png,https://prosporter.vercel.app/product/zero-2-unisex,200,PASS,
image,https://cdn.shopify.com/s/files/1/1025/4742/3597/files/9-1.png?v=1788592721,200,200,0,https://cdn.shopify.com/s/files/1/1025/4742/3597/files/9-1.png?v=1788592721,image/png,https://prosporter.vercel.app/product/zero-2-unisex,200,PASS,
image,https://cdn.shopify.com/s/files/1/1025/4742/3597/files/11-1.png?v=1788592722,200,200,0,https://cdn.shopify.com/s/files/1/1025/4742/3597/files/11-1.png?v=1788592722,image/png,https://prosporter.vercel.app/product/zero-2-unisex,200,PASS,
image,https://cdn.shopify.com/s/files/1/1025/4742/3597/files/12-1.png?v=1788592722,200,200,0,https://cdn.shopify.com/s/files/1/1025/4742/3597/files/12-1.png?v=1788592722,image/png,https://prosporter.vercel.app/product/zero-2-unisex,200,PASS,
image,https://cdn.shopify.com/s/files/1/1025/4742/3597/files/13-1.png?v=1788592723,200,200,0,https://cdn.shopify.com/s/files/1/1025/4742/3597/files/13-1.png?v=1788592723,image/png,https://prosporter.vercel.app/product/zero-2-unisex,200,PASS,
image,https://cdn.shopify.com/s/files/1/1025/4742/3597/files/14-1.png?v=1788592724,200,200,0,https://cdn.shopify.com/s/files/1/1025/4742/3597/files/14-1.png?v=1788592724,image/png,https://prosporter.vercel.app/product/zero-2-unisex,200,PASS,
image,https://cdn.shopify.com/s/files/1/1025/4742/3597/files/thumb1024_ninesquared-zero2-yellow-fr-U.jpg?v=1788592724,200,200,0,https://cdn.shopify.com/s/files/1/1025/4742/3597/files/thumb1024_ninesquared-zero2-yellow-fr-U.jpg?v=1788592724,image/jpeg,https://prosporter.vercel.app/product/zero-2-unisex,200,PASS,
image,https://cdn.shopify.com/s/files/1/1025/4742/3597/files/Zero-2-Unisex-Color-Navy-Blue-Front-600x600-1.png?v=1788592725,200,200,0,https://cdn.shopify.com/s/files/1/1025/4742/3597/files/Zero-2-Unisex-Color-Navy-Blue-Front-600x600-1.png?v=1788592725,image/png,https://prosporter.vercel.app/product/zero-2-unisex,200,PASS,
image,https://cdn.shopify.com/s/files/1/1025/4742/3597/files/8.png?v=1788592576,200,200,0,https://cdn.shopify.com/s/files/1/1025/4742/3597/files/8.png?v=1788592576,image/png,https://prosporter.vercel.app/shop,200,PASS,
image,https://cdn.shopify.com/s/files/1/1025/4742/3597/files/1-16.png?v=1788592576,200,200,0,https://cdn.shopify.com/s/files/1/1025/4742/3597/files/1-16.png?v=1788592576,image/png,https://prosporter.vercel.app/product/calle-2,200,PASS,
image,https://cdn.shopify.com/s/files/1/1025/4742/3597/files/2-15.png?v=1788592576,200,200,0,https://cdn.shopify.com/s/files/1/1025/4742/3597/files/2-15.png?v=1788592576,image/png,https://prosporter.vercel.app/product/calle-2,200,PASS,
image,https://cdn.shopify.com/s/files/1/1025/4742/3597/files/3-15.png?v=1788592577,200,200,0,https://cdn.shopify.com/s/files/1/1025/4742/3597/files/3-15.png?v=1788592577,image/png,https://prosporter.vercel.app/product/calle-2,200,PASS,
image,https://cdn.shopify.com/s/files/1/1025/4742/3597/files/5-12.png?v=1788592578,200,200,0,https://cdn.shopify.com/s/files/1/1025/4742/3597/files/5-12.png?v=1788592578,image/png,https://prosporter.vercel.app/product/calle-2,200,PASS,
image,https://cdn.shopify.com/s/files/1/1025/4742/3597/files/7-6.png?v=1788592579,200,200,0,https://cdn.shopify.com/s/files/1/1025/4742/3597/files/7-6.png?v=1788592579,image/png,https://prosporter.vercel.app/product/calle-2,200,PASS,
image,https://cdn.shopify.com/s/files/1/1025/4742/3597/files/6-12.png?v=1788592578,200,200,0,https://cdn.shopify.com/s/files/1/1025/4742/3597/files/6-12.png?v=1788592578,image/png,https://prosporter.vercel.app/product/calle-2,200,PASS,
image,https://cdn.shopify.com/s/files/1/1025/4742/3597/files/4-14.png?v=1788592579,200,200,0,https://cdn.shopify.com/s/files/1/1025/4742/3597/files/4-14.png?v=1788592579,image/png,https://prosporter.vercel.app/product/calle-2,200,PASS,
image,https://cdn.shopify.com/s/files/1/1025/4742/3597/files/8-6.png?v=1788592580,200,200,0,https://cdn.shopify.com/s/files/1/1025/4742/3597/files/8-6.png?v=1788592580,image/png,https://prosporter.vercel.app/product/calle-2,200,PASS,
image,https://cdn.shopify.com/s/files/1/1025/4742/3597/files/9-4.png?v=1788592580,200,200,0,https://cdn.shopify.com/s/files/1/1025/4742/3597/files/9-4.png?v=1788592580,image/png,https://prosporter.vercel.app/product/calle-2,200,PASS,
image,https://cdn.shopify.com/s/files/1/1025/4742/3597/files/10-3.png?v=1788592581,200,200,0,https://cdn.shopify.com/s/files/1/1025/4742/3597/files/10-3.png?v=1788592581,image/png,https://prosporter.vercel.app/product/calle-2,200,PASS,
redirect,/tag/kits,308,200,1,https://prosporter.vercel.app/blog,,,308 -> /blog (200),PASS,308 https://prosporter.vercel.app/tag/kits -> 200 https://prosporter.vercel.app/blog
redirect,/tag/kits/,308,200,1,https://prosporter.vercel.app/blog,,,308 -> /blog (200),PASS,308 https://prosporter.vercel.app/tag/kits/ -> 200 https://prosporter.vercel.app/blog
redirect,/category/blog,308,200,1,https://prosporter.vercel.app/blog,,,308 -> /blog (200),PASS,308 https://prosporter.vercel.app/category/blog -> 200 https://prosporter.vercel.app/blog
redirect,/category/blog/,308,200,1,https://prosporter.vercel.app/blog,,,308 -> /blog (200),PASS,308 https://prosporter.vercel.app/category/blog/ -> 200 https://prosporter.vercel.app/blog
redirect,/product-category/top-crop,308,200,1,https://prosporter.vercel.app/shop/tops,,,308 -> /shop/tops (200),PASS,308 https://prosporter.vercel.app/product-category/top-crop -> 200 https://prosporter.vercel.app/shop/tops
redirect,/product-category/top-crop/,308,200,1,https://prosporter.vercel.app/shop/tops,,,308 -> /shop/tops (200),PASS,308 https://prosporter.vercel.app/product-category/top-crop/ -> 200 https://prosporter.vercel.app/shop/tops
redirect,/product-tag/inner-west-volley,308,200,1,https://prosporter.vercel.app/shop/clubs/inner-west-volley,,,308 -> /shop/clubs/inner-west-volley (200),PASS,308 https://prosporter.vercel.app/product-tag/inner-west-volley -> 200 https://prosporter.vercel.app/shop/clubs/inner-west-volley
redirect,/product-tag/inner-west-volley/,308,200,1,https://prosporter.vercel.app/shop/clubs/inner-west-volley,,,308 -> /shop/clubs/inner-west-volley (200),PASS,308 https://prosporter.vercel.app/product-tag/inner-west-volley/ -> 200 https://prosporter.vercel.app/shop/clubs/inner-west-volley
redirect,/shop-sporter,308,200,1,https://prosporter.vercel.app/shop,,,308 -> /shop (200),PASS,308 https://prosporter.vercel.app/shop-sporter -> 200 https://prosporter.vercel.app/shop
redirect,/shop-sporter/,308,200,1,https://prosporter.vercel.app/shop,,,308 -> /shop (200),PASS,308 https://prosporter.vercel.app/shop-sporter/ -> 200 https://prosporter.vercel.app/shop
redirect,/product-tag/volleyball-perth,308,200,1,https://prosporter.vercel.app/shop,,,308 -> /shop (200),PASS,308 https://prosporter.vercel.app/product-tag/volleyball-perth -> 200 https://prosporter.vercel.app/shop
redirect,/product-tag/volleyball-perth/,308,200,1,https://prosporter.vercel.app/shop,,,308 -> /shop (200),PASS,308 https://prosporter.vercel.app/product-tag/volleyball-perth/ -> 200 https://prosporter.vercel.app/shop
redirect,/tag/polish,308,200,1,https://prosporter.vercel.app/blog,,,308 -> /blog (200),PASS,308 https://prosporter.vercel.app/tag/polish -> 200 https://prosporter.vercel.app/blog
redirect,/tag/polish/,308,200,1,https://prosporter.vercel.app/blog,,,308 -> /blog (200),PASS,308 https://prosporter.vercel.app/tag/polish/ -> 200 https://prosporter.vercel.app/blog
redirect,/superfood-beauty,308,200,1,https://prosporter.vercel.app/blog/superfood-beauty,,,308 -> /blog/superfood-beauty (200),PASS,308 https://prosporter.vercel.app/superfood-beauty -> 200 https://prosporter.vercel.app/blog/superfood-beauty
redirect,/superfood-beauty/,308,200,1,https://prosporter.vercel.app/blog/superfood-beauty,,,308 -> /blog/superfood-beauty (200),PASS,308 https://prosporter.vercel.app/superfood-beauty/ -> 200 https://prosporter.vercel.app/blog/superfood-beauty
redirect,/product-tag/victoria-volleyball,308,200,1,https://prosporter.vercel.app/shop,,,308 -> /shop (200),PASS,308 https://prosporter.vercel.app/product-tag/victoria-volleyball -> 200 https://prosporter.vercel.app/shop
redirect,/product-tag/victoria-volleyball/,308,200,1,https://prosporter.vercel.app/shop,,,308 -> /shop (200),PASS,308 https://prosporter.vercel.app/product-tag/victoria-volleyball/ -> 200 https://prosporter.vercel.app/shop
redirect,/product-tag/volleyball-jersey,308,200,1,https://prosporter.vercel.app/shop/jerseys,,,308 -> /shop/jerseys (200),PASS,308 https://prosporter.vercel.app/product-tag/volleyball-jersey -> 200 https://prosporter.vercel.app/shop/jerseys
redirect,/product-tag/volleyball-jersey/,308,200,1,https://prosporter.vercel.app/shop/jerseys,,,308 -> /shop/jerseys (200),PASS,308 https://prosporter.vercel.app/product-tag/volleyball-jersey/ -> 200 https://prosporter.vercel.app/shop/jerseys
redirect,/product-tag/volleyball-auckland,308,200,1,https://prosporter.vercel.app/shop,,,308 -> /shop (200),PASS,308 https://prosporter.vercel.app/product-tag/volleyball-auckland -> 200 https://prosporter.vercel.app/shop
redirect,/product-tag/volleyball-auckland/,308,200,1,https://prosporter.vercel.app/shop,,,308 -> /shop (200),PASS,308 https://prosporter.vercel.app/product-tag/volleyball-auckland/ -> 200 https://prosporter.vercel.app/shop
redirect,/product-category/beach-volleyball/singlets,308,200,1,https://prosporter.vercel.app/shop/tops,,,308 -> /shop/tops (200),PASS,308 https://prosporter.vercel.app/product-category/beach-volleyball/singlets -> 200 https://prosporter.vercel.app/shop/tops
redirect,/product-category/beach-volleyball/singlets/,308,200,1,https://prosporter.vercel.app/shop/tops,,,308 -> /shop/tops (200),PASS,308 https://prosporter.vercel.app/product-category/beach-volleyball/singlets/ -> 200 https://prosporter.vercel.app/shop/tops
redirect,/product-category/kneepads,308,200,1,https://prosporter.vercel.app/shop/accessories,,,308 -> /shop/accessories (200),PASS,308 https://prosporter.vercel.app/product-category/kneepads -> 200 https://prosporter.vercel.app/shop/accessories
redirect,/product-category/kneepads/,308,200,1,https://prosporter.vercel.app/shop/accessories,,,308 -> /shop/accessories (200),PASS,308 https://prosporter.vercel.app/product-category/kneepads/ -> 200 https://prosporter.vercel.app/shop/accessories
redirect,/category/gel,308,200,1,https://prosporter.vercel.app/blog,,,308 -> /blog (200),PASS,308 https://prosporter.vercel.app/category/gel -> 200 https://prosporter.vercel.app/blog
redirect,/category/gel/,308,200,1,https://prosporter.vercel.app/blog,,,308 -> /blog (200),PASS,308 https://prosporter.vercel.app/category/gel/ -> 200 https://prosporter.vercel.app/blog
redirect,/product-tag/ninesquared-sweater,308,200,1,https://prosporter.vercel.app/shop/hoodies-jackets,,,308 -> /shop/hoodies-jackets (200),PASS,308 https://prosporter.vercel.app/product-tag/ninesquared-sweater -> 200 https://prosporter.vercel.app/shop/hoodies-jackets
redirect,/product-tag/ninesquared-sweater/,308,200,1,https://prosporter.vercel.app/shop/hoodies-jackets,,,308 -> /shop/hoodies-jackets (200),PASS,308 https://prosporter.vercel.app/product-tag/ninesquared-sweater/ -> 200 https://prosporter.vercel.app/shop/hoodies-jackets
redirect,/product-category/hoodies,308,200,1,https://prosporter.vercel.app/shop/hoodies-jackets,,,308 -> /shop/hoodies-jackets (200),PASS,308 https://prosporter.vercel.app/product-category/hoodies -> 200 https://prosporter.vercel.app/shop/hoodies-jackets
redirect,/product-category/hoodies/,308,200,1,https://prosporter.vercel.app/shop/hoodies-jackets,,,308 -> /shop/hoodies-jackets (200),PASS,308 https://prosporter.vercel.app/product-category/hoodies/ -> 200 https://prosporter.vercel.app/shop/hoodies-jackets
redirect,/led-light-therapy,308,200,1,https://prosporter.vercel.app/blog/led-light-therapy,,,308 -> /blog/led-light-therapy (200),PASS,308 https://prosporter.vercel.app/led-light-therapy -> 200 https://prosporter.vercel.app/blog/led-light-therapy
redirect,/led-light-therapy/,308,200,1,https://prosporter.vercel.app/blog/led-light-therapy,,,308 -> /blog/led-light-therapy (200),PASS,308 https://prosporter.vercel.app/led-light-therapy/ -> 200 https://prosporter.vercel.app/blog/led-light-therapy
redirect,/product-tag/queensland-volleyball,308,200,1,https://prosporter.vercel.app/shop,,,308 -> /shop (200),PASS,308 https://prosporter.vercel.app/product-tag/queensland-volleyball -> 200 https://prosporter.vercel.app/shop
redirect,/product-tag/queensland-volleyball/,308,200,1,https://prosporter.vercel.app/shop,,,308 -> /shop (200),PASS,308 https://prosporter.vercel.app/product-tag/queensland-volleyball/ -> 200 https://prosporter.vercel.app/shop
redirect,/product-tag/volleyball-apparel-new-zealand,308,200,1,https://prosporter.vercel.app/shop,,,308 -> /shop (200),PASS,308 https://prosporter.vercel.app/product-tag/volleyball-apparel-new-zealand -> 200 https://prosporter.vercel.app/shop
redirect,/product-tag/volleyball-apparel-new-zealand/,308,200,1,https://prosporter.vercel.app/shop,,,308 -> /shop (200),PASS,308 https://prosporter.vercel.app/product-tag/volleyball-apparel-new-zealand/ -> 200 https://prosporter.vercel.app/shop
redirect,/product/provolley-women-jersey-navy-white-yellow,308,200,1,https://prosporter.vercel.app/product/provolley-womens-volleyball-jersey-sydney-australia,,,308 -> /product/provolley-womens-volleyball-jersey-sydney-australia (200),PASS,308 https://prosporter.vercel.app/product/provolley-women-jersey-navy-white-yellow -> 200 https://prosporter.vercel.app/product/provolley-womens-volleyball-jersey-sydney-australia
redirect,/product/provolley-women-jersey-navy-white-yellow/,308,200,1,https://prosporter.vercel.app/product/provolley-womens-volleyball-jersey-sydney-australia,,,308 -> /product/provolley-womens-volleyball-jersey-sydney-australia (200),PASS,308 https://prosporter.vercel.app/product/provolley-women-jersey-navy-white-yellow/ -> 200 https://prosporter.vercel.app/product/provolley-womens-volleyball-jersey-sydney-australia
gone,/wishlist-2,410,410,0,https://prosporter.vercel.app/wishlist-2,,,410,PASS,410 https://prosporter.vercel.app/wishlist-2
gone,/wishlist-2/,410,410,0,https://prosporter.vercel.app/wishlist-2/,,,410,PASS,410 https://prosporter.vercel.app/wishlist-2/
gone,/my-account/downloads,410,410,0,https://prosporter.vercel.app/my-account/downloads,,,410,PASS,410 https://prosporter.vercel.app/my-account/downloads
gone,/my-account/downloads/,410,410,0,https://prosporter.vercel.app/my-account/downloads/,,,410,PASS,410 https://prosporter.vercel.app/my-account/downloads/
gone,/my-account/orders,410,410,0,https://prosporter.vercel.app/my-account/orders,,,410,PASS,410 https://prosporter.vercel.app/my-account/orders
gone,/my-account/orders/,410,410,0,https://prosporter.vercel.app/my-account/orders/,,,410,PASS,410 https://prosporter.vercel.app/my-account/orders/
gone,/checkout/order-pay,410,410,0,https://prosporter.vercel.app/checkout/order-pay,,,410,PASS,410 https://prosporter.vercel.app/checkout/order-pay
gone,/checkout/order-pay/,410,410,0,https://prosporter.vercel.app/checkout/order-pay/,,,410,PASS,410 https://prosporter.vercel.app/checkout/order-pay/
gone,/shop-sporter/feed,410,410,0,https://prosporter.vercel.app/shop-sporter/feed,,,410,PASS,410 https://prosporter.vercel.app/shop-sporter/feed
gone,/shop-sporter/feed/,410,410,0,https://prosporter.vercel.app/shop-sporter/feed/,,,410,PASS,410 https://prosporter.vercel.app/shop-sporter/feed/
gone,/category/moisturizers/feed,410,410,0,https://prosporter.vercel.app/category/moisturizers/feed,,,410,PASS,410 https://prosporter.vercel.app/category/moisturizers/feed
gone,/category/moisturizers/feed/,410,410,0,https://prosporter.vercel.app/category/moisturizers/feed/,,,410,PASS,410 https://prosporter.vercel.app/category/moisturizers/feed/
gone,/category/uncategorized/feed,410,410,0,https://prosporter.vercel.app/category/uncategorized/feed,,,410,PASS,410 https://prosporter.vercel.app/category/uncategorized/feed
gone,/category/uncategorized/feed/,410,410,0,https://prosporter.vercel.app/category/uncategorized/feed/,,,410,PASS,410 https://prosporter.vercel.app/category/uncategorized/feed/
gone,/category/conditioner/feed,410,410,0,https://prosporter.vercel.app/category/conditioner/feed,,,410,PASS,410 https://prosporter.vercel.app/category/conditioner/feed
gone,/category/conditioner/feed/,410,410,0,https://prosporter.vercel.app/category/conditioner/feed/,,,410,PASS,410 https://prosporter.vercel.app/category/conditioner/feed/
gone,/product-tag/set,410,410,0,https://prosporter.vercel.app/product-tag/set,,,410,PASS,410 https://prosporter.vercel.app/product-tag/set
gone,/product-tag/set/,410,410,0,https://prosporter.vercel.app/product-tag/set/,,,410,PASS,410 https://prosporter.vercel.app/product-tag/set/
gone,/cancel-request-form,410,410,0,https://prosporter.vercel.app/cancel-request-form,,,410,PASS,410 https://prosporter.vercel.app/cancel-request-form
gone,/cancel-request-form/,410,410,0,https://prosporter.vercel.app/cancel-request-form/,,,410,PASS,410 https://prosporter.vercel.app/cancel-request-form/
