severity,code,record_type,record_id,record_ref,stage,owner,retry_status,message
critical,attribute_needs_decision,product,3154,modena-volley-jersey,transform,client,needs-decision,attribute 'Number' is not clearly variant-defining (condition vs personalisation); needs a client decision before load
critical,attribute_needs_decision,product,3173,modena-volley-shorts,transform,client,needs-decision,attribute 'Number' is not clearly variant-defining (condition vs personalisation); needs a client decision before load
critical,attribute_needs_decision,product,6718,provolley-jersey,transform,client,needs-decision,attribute 'Number' is not clearly variant-defining (condition vs personalisation); needs a client decision before load
critical,attribute_needs_decision,product,6718,provolley-jersey,transform,client,needs-decision,attribute 'Condition' is not clearly variant-defining (condition vs personalisation); needs a client decision before load
critical,attribute_needs_decision,product,6748,modena-jersey,transform,client,needs-decision,attribute 'Condition' is not clearly variant-defining (condition vs personalisation); needs a client decision before load
critical,attribute_needs_decision,product,6748,modena-jersey,transform,client,needs-decision,attribute 'Number' is not clearly variant-defining (condition vs personalisation); needs a client decision before load
critical,attribute_needs_decision,product,6758,provolley-womens-jersey,transform,client,needs-decision,attribute 'Condition' is not clearly variant-defining (condition vs personalisation); needs a client decision before load
critical,attribute_needs_decision,product,6763,inner-west-jersey,transform,client,needs-decision,attribute 'Condition' is not clearly variant-defining (condition vs personalisation); needs a client decision before load
high,bundle_product,product,3593,hoodie-pants-winter-2024,transform,client,needs-decision,Easy Product Bundles product has no Shopify equivalent; rebuild manually or with a bundles app
high,duplicate_sku,variant,PROT00CEU,PROT00CEU,transform,client,needs-decision,"SKU used by 8 variants; left unchanged, client must supply unique SKUs"
high,duplicate_sku,variant,PROT00SEM-1,PROT00SEM-1,transform,client,needs-decision,"SKU used by 19 variants; left unchanged, client must supply unique SKUs"
high,duplicate_sku,variant,PROT00SLM,PROT00SLM,transform,client,needs-decision,"SKU used by 8 variants; left unchanged, client must supply unique SKUs"
high,duplicate_sku,variant,PROT00STMS,PROT00STMS,transform,client,needs-decision,"SKU used by 2 variants; left unchanged, client must supply unique SKUs"
high,duplicate_sku,variant,PROT03SPU,PROT03SPU,transform,client,needs-decision,"SKU used by 15 variants; left unchanged, client must supply unique SKUs"
high,duplicate_sku,variant,PV-BRIONE-FZT-NAVY,PV-BRIONE-FZT-NAVY,transform,client,needs-decision,"SKU used by 7 variants; left unchanged, client must supply unique SKUs"
high,option_value_collision,product,6253,provolley-brione-track-pants,transform,client,needs-decision,normalising 'Size' would merge distinct variants; raw source values kept
high,record_held_from_load,media,3156,modena-volley-jersey:https://prosporter.com.au/wp-content/uploads/2024/04/thumb1024_ninesquared-settemantshirt-det1-m.jpg,load,purpl,needs-decision,record has an unresolved blocking exception and was not loaded
high,record_held_from_load,media,3157,modena-volley-jersey:https://prosporter.com.au/wp-content/uploads/2024/04/thumb1024_ninesquared-settemantshirt-det2-m.jpg,load,purpl,needs-decision,record has an unresolved blocking exception and was not loaded
high,record_held_from_load,media,3171,modena-volley-jersey:https://prosporter.com.au/wp-content/uploads/2024/04/18.jpg,load,purpl,needs-decision,record has an unresolved blocking exception and was not loaded
high,record_held_from_load,media,3302,modena-volley-shorts:https://prosporter.com.au/wp-content/uploads/2024/04/1.png,load,purpl,needs-decision,record has an unresolved blocking exception and was not loaded
high,record_held_from_load,media,3307,modena-volley-jersey:https://prosporter.com.au/wp-content/uploads/2024/04/2.png,load,purpl,needs-decision,record has an unresolved blocking exception and was not loaded
high,record_held_from_load,media,3403,modena-volley-shorts:https://prosporter.com.au/wp-content/uploads/2024/04/1-1.png,load,purpl,needs-decision,record has an unresolved blocking exception and was not loaded
high,record_held_from_load,media,3405,modena-volley-jersey:https://prosporter.com.au/wp-content/uploads/2024/04/2-1.png,load,purpl,needs-decision,record has an unresolved blocking exception and was not loaded
high,record_held_from_load,media,3567,hoodie-pants-winter-2024:https://prosporter.com.au/wp-content/uploads/2024/07/Joggers-front.jpg,load,purpl,needs-decision,record has an unresolved blocking exception and was not loaded
high,record_held_from_load,media,3568,hoodie-pants-winter-2024:https://prosporter.com.au/wp-content/uploads/2024/07/Hoodie-back.jpg,load,purpl,needs-decision,record has an unresolved blocking exception and was not loaded
high,record_held_from_load,media,3569,hoodie-pants-winter-2024:https://prosporter.com.au/wp-content/uploads/2024/07/Hoodie-joggers-front.jpg,load,purpl,needs-decision,record has an unresolved blocking exception and was not loaded
high,record_held_from_load,media,3570,hoodie-pants-winter-2024:https://prosporter.com.au/wp-content/uploads/2024/07/Hoodie-front.jpg,load,purpl,needs-decision,record has an unresolved blocking exception and was not loaded
high,record_held_from_load,metafield,3154,PRODUCT:modena-volley-jersey:migration.woo_id,load,purpl,needs-decision,record has an unresolved blocking exception and was not loaded
high,record_held_from_load,metafield,3154,PRODUCT:modena-volley-jersey:prosporter.club,load,purpl,needs-decision,record has an unresolved blocking exception and was not loaded
high,record_held_from_load,metafield,3154,PRODUCT:modena-volley-jersey:prosporter.gender,load,purpl,needs-decision,record has an unresolved blocking exception and was not loaded
high,record_held_from_load,metafield,3173,PRODUCT:modena-volley-shorts:migration.woo_id,load,purpl,needs-decision,record has an unresolved blocking exception and was not loaded
high,record_held_from_load,metafield,3173,PRODUCT:modena-volley-shorts:prosporter.club,load,purpl,needs-decision,record has an unresolved blocking exception and was not loaded
high,record_held_from_load,metafield,3173,PRODUCT:modena-volley-shorts:prosporter.gender,load,purpl,needs-decision,record has an unresolved blocking exception and was not loaded
high,record_held_from_load,metafield,3593,PRODUCT:hoodie-pants-winter-2024:migration.woo_id,load,purpl,needs-decision,record has an unresolved blocking exception and was not loaded
high,record_held_from_load,metafield,3593,PRODUCT:hoodie-pants-winter-2024:prosporter.club,load,purpl,needs-decision,record has an unresolved blocking exception and was not loaded
high,record_held_from_load,metafield,3593,PRODUCT:hoodie-pants-winter-2024:prosporter.gender,load,purpl,needs-decision,record has an unresolved blocking exception and was not loaded
high,record_held_from_load,metafield,6718,PRODUCT:provolley-jersey:migration.woo_id,load,purpl,needs-decision,record has an unresolved blocking exception and was not loaded
high,record_held_from_load,metafield,6718,PRODUCT:provolley-jersey:prosporter.surface,load,purpl,needs-decision,record has an unresolved blocking exception and was not loaded
high,record_held_from_load,metafield,6718,PRODUCT:provolley-jersey:prosporter.club,load,purpl,needs-decision,record has an unresolved blocking exception and was not loaded
high,record_held_from_load,metafield,6718,PRODUCT:provolley-jersey:prosporter.gender,load,purpl,needs-decision,record has an unresolved blocking exception and was not loaded
high,record_held_from_load,metafield,6748,PRODUCT:modena-jersey:migration.woo_id,load,purpl,needs-decision,record has an unresolved blocking exception and was not loaded
high,record_held_from_load,metafield,6748,PRODUCT:modena-jersey:prosporter.surface,load,purpl,needs-decision,record has an unresolved blocking exception and was not loaded
high,record_held_from_load,metafield,6748,PRODUCT:modena-jersey:prosporter.gender,load,purpl,needs-decision,record has an unresolved blocking exception and was not loaded
high,record_held_from_load,metafield,6758,PRODUCT:provolley-womens-jersey:migration.woo_id,load,purpl,needs-decision,record has an unresolved blocking exception and was not loaded
high,record_held_from_load,metafield,6758,PRODUCT:provolley-womens-jersey:prosporter.surface,load,purpl,needs-decision,record has an unresolved blocking exception and was not loaded
high,record_held_from_load,metafield,6758,PRODUCT:provolley-womens-jersey:prosporter.club,load,purpl,needs-decision,record has an unresolved blocking exception and was not loaded
high,record_held_from_load,metafield,6758,PRODUCT:provolley-womens-jersey:prosporter.gender,load,purpl,needs-decision,record has an unresolved blocking exception and was not loaded
high,record_held_from_load,metafield,6763,PRODUCT:inner-west-jersey:migration.woo_id,load,purpl,needs-decision,record has an unresolved blocking exception and was not loaded
high,record_held_from_load,metafield,6763,PRODUCT:inner-west-jersey:prosporter.club,load,purpl,needs-decision,record has an unresolved blocking exception and was not loaded
high,record_held_from_load,metafield,6763,PRODUCT:inner-west-jersey:prosporter.gender,load,purpl,needs-decision,record has an unresolved blocking exception and was not loaded
high,record_held_from_load,page,40,cart,load,purpl,needs-decision,record has an unresolved blocking exception and was not loaded
high,record_held_from_load,page,41,checkout,load,purpl,needs-decision,record has an unresolved blocking exception and was not loaded
high,record_held_from_load,page,42,my-account,load,purpl,needs-decision,record has an unresolved blocking exception and was not loaded
high,record_held_from_load,page,4253,wishlist,load,purpl,needs-decision,record has an unresolved blocking exception and was not loaded
high,record_held_from_load,page,4625,wishlist-2,load,purpl,needs-decision,record has an unresolved blocking exception and was not loaded
high,record_held_from_load,page,47,cart-2,load,purpl,needs-decision,record has an unresolved blocking exception and was not loaded
high,record_held_from_load,page,48,checkout-2,load,purpl,needs-decision,record has an unresolved blocking exception and was not loaded
high,record_held_from_load,page,49,my-account-2,load,purpl,needs-decision,record has an unresolved blocking exception and was not loaded
high,record_held_from_load,product,3154,modena-volley-jersey,load,purpl,needs-decision,record has an unresolved blocking exception and was not loaded
high,record_held_from_load,product,3173,modena-volley-shorts,load,purpl,needs-decision,record has an unresolved blocking exception and was not loaded
high,record_held_from_load,product,3593,hoodie-pants-winter-2024,load,purpl,needs-decision,record has an unresolved blocking exception and was not loaded
high,record_held_from_load,product,6718,provolley-jersey,load,purpl,needs-decision,record has an unresolved blocking exception and was not loaded
high,record_held_from_load,product,6748,modena-jersey,load,purpl,needs-decision,record has an unresolved blocking exception and was not loaded
high,record_held_from_load,product,6758,provolley-womens-jersey,load,purpl,needs-decision,record has an unresolved blocking exception and was not loaded
high,record_held_from_load,product,6763,inner-west-jersey,load,purpl,needs-decision,record has an unresolved blocking exception and was not loaded
high,record_held_from_load,variant,1965,woo:1965,load,purpl,needs-decision,record has an unresolved blocking exception and was not loaded
high,record_held_from_load,variant,1967,woo:1967,load,purpl,needs-decision,record has an unresolved blocking exception and was not loaded
high,record_held_from_load,variant,1970,woo:1970,load,purpl,needs-decision,record has an unresolved blocking exception and was not loaded
high,record_held_from_load,variant,1998,woo:1998,load,purpl,needs-decision,record has an unresolved blocking exception and was not loaded
high,record_held_from_load,variant,1999,woo:1999,load,purpl,needs-decision,record has an unresolved blocking exception and was not loaded
high,record_held_from_load,variant,2006,woo:2006,load,purpl,needs-decision,record has an unresolved blocking exception and was not loaded
high,record_held_from_load,variant,2007,woo:2007,load,purpl,needs-decision,record has an unresolved blocking exception and was not loaded
high,record_held_from_load,variant,2013,woo:2013,load,purpl,needs-decision,record has an unresolved blocking exception and was not loaded
high,record_held_from_load,variant,2014,woo:2014,load,purpl,needs-decision,record has an unresolved blocking exception and was not loaded
high,record_held_from_load,variant,2015,woo:2015,load,purpl,needs-decision,record has an unresolved blocking exception and was not loaded
high,record_held_from_load,variant,2016,woo:2016,load,purpl,needs-decision,record has an unresolved blocking exception and was not loaded
high,record_held_from_load,variant,2017,woo:2017,load,purpl,needs-decision,record has an unresolved blocking exception and was not loaded
high,record_held_from_load,variant,2018,woo:2018,load,purpl,needs-decision,record has an unresolved blocking exception and was not loaded
high,record_held_from_load,variant,2031,woo:2031,load,purpl,needs-decision,record has an unresolved blocking exception and was not loaded
high,record_held_from_load,variant,2032,woo:2032,load,purpl,needs-decision,record has an unresolved blocking exception and was not loaded
high,record_held_from_load,variant,2033,woo:2033,load,purpl,needs-decision,record has an unresolved blocking exception and was not loaded
high,record_held_from_load,variant,2034,woo:2034,load,purpl,needs-decision,record has an unresolved blocking exception and was not loaded
high,record_held_from_load,variant,2035,woo:2035,load,purpl,needs-decision,record has an unresolved blocking exception and was not loaded
high,record_held_from_load,variant,2036,woo:2036,load,purpl,needs-decision,record has an unresolved blocking exception and was not loaded
high,record_held_from_load,variant,2037,woo:2037,load,purpl,needs-decision,record has an unresolved blocking exception and was not loaded
high,record_held_from_load,variant,2038,woo:2038,load,purpl,needs-decision,record has an unresolved blocking exception and was not loaded
high,record_held_from_load,variant,2066,woo:2066,load,purpl,needs-decision,record has an unresolved blocking exception and was not loaded
high,record_held_from_load,variant,2067,woo:2067,load,purpl,needs-decision,record has an unresolved blocking exception and was not loaded
high,record_held_from_load,variant,2093,woo:2093,load,purpl,needs-decision,record has an unresolved blocking exception and was not loaded
high,record_held_from_load,variant,2094,woo:2094,load,purpl,needs-decision,record has an unresolved blocking exception and was not loaded
high,record_held_from_load,variant,2097,woo:2097,load,purpl,needs-decision,record has an unresolved blocking exception and was not loaded
high,record_held_from_load,variant,2098,woo:2098,load,purpl,needs-decision,record has an unresolved blocking exception and was not loaded
high,record_held_from_load,variant,2099,woo:2099,load,purpl,needs-decision,record has an unresolved blocking exception and was not loaded
high,record_held_from_load,variant,2106,woo:2106,load,purpl,needs-decision,record has an unresolved blocking exception and was not loaded
high,record_held_from_load,variant,2107,woo:2107,load,purpl,needs-decision,record has an unresolved blocking exception and was not loaded
high,record_held_from_load,variant,2108,woo:2108,load,purpl,needs-decision,record has an unresolved blocking exception and was not loaded
high,record_held_from_load,variant,2109,woo:2109,load,purpl,needs-decision,record has an unresolved blocking exception and was not loaded
high,record_held_from_load,variant,2141,woo:2141,load,purpl,needs-decision,record has an unresolved blocking exception and was not loaded
high,record_held_from_load,variant,2142,woo:2142,load,purpl,needs-decision,record has an unresolved blocking exception and was not loaded
high,record_held_from_load,variant,2143,woo:2143,load,purpl,needs-decision,record has an unresolved blocking exception and was not loaded
high,record_held_from_load,variant,2144,woo:2144,load,purpl,needs-decision,record has an unresolved blocking exception and was not loaded
high,record_held_from_load,variant,2145,woo:2145,load,purpl,needs-decision,record has an unresolved blocking exception and was not loaded
high,record_held_from_load,variant,2158,woo:2158,load,purpl,needs-decision,record has an unresolved blocking exception and was not loaded
high,record_held_from_load,variant,2159,woo:2159,load,purpl,needs-decision,record has an unresolved blocking exception and was not loaded
high,record_held_from_load,variant,2160,woo:2160,load,purpl,needs-decision,record has an unresolved blocking exception and was not loaded
high,record_held_from_load,variant,2161,woo:2161,load,purpl,needs-decision,record has an unresolved blocking exception and was not loaded
high,record_held_from_load,variant,2162,woo:2162,load,purpl,needs-decision,record has an unresolved blocking exception and was not loaded
high,record_held_from_load,variant,2224,woo:2224,load,purpl,needs-decision,record has an unresolved blocking exception and was not loaded
high,record_held_from_load,variant,2225,woo:2225,load,purpl,needs-decision,record has an unresolved blocking exception and was not loaded
high,record_held_from_load,variant,2238,woo:2238,load,purpl,needs-decision,record has an unresolved blocking exception and was not loaded
high,record_held_from_load,variant,2255,woo:2255,load,purpl,needs-decision,record has an unresolved blocking exception and was not loaded
high,record_held_from_load,variant,2256,woo:2256,load,purpl,needs-decision,record has an unresolved blocking exception and was not loaded
high,record_held_from_load,variant,2278,woo:2278,load,purpl,needs-decision,record has an unresolved blocking exception and was not loaded
high,record_held_from_load,variant,2282,woo:2282,load,purpl,needs-decision,record has an unresolved blocking exception and was not loaded
high,record_held_from_load,variant,2353,woo:2353,load,purpl,needs-decision,record has an unresolved blocking exception and was not loaded
high,record_held_from_load,variant,2354,woo:2354,load,purpl,needs-decision,record has an unresolved blocking exception and was not loaded
high,record_held_from_load,variant,2355,woo:2355,load,purpl,needs-decision,record has an unresolved blocking exception and was not loaded
high,record_held_from_load,variant,2363,woo:2363,load,purpl,needs-decision,record has an unresolved blocking exception and was not loaded
high,record_held_from_load,variant,2364,woo:2364,load,purpl,needs-decision,record has an unresolved blocking exception and was not loaded
high,record_held_from_load,variant,2372,woo:2372,load,purpl,needs-decision,record has an unresolved blocking exception and was not loaded
high,record_held_from_load,variant,2785,woo:2785,load,purpl,needs-decision,record has an unresolved blocking exception and was not loaded
high,record_held_from_load,variant,3167,woo:3167,load,purpl,needs-decision,record has an unresolved blocking exception and was not loaded
high,record_held_from_load,variant,3176,woo:3176,load,purpl,needs-decision,record has an unresolved blocking exception and was not loaded
high,record_held_from_load,variant,3177,woo:3177,load,purpl,needs-decision,record has an unresolved blocking exception and was not loaded
high,record_held_from_load,variant,3178,woo:3178,load,purpl,needs-decision,record has an unresolved blocking exception and was not loaded
high,record_held_from_load,variant,3593,woo:3593,load,purpl,needs-decision,record has an unresolved blocking exception and was not loaded
high,record_held_from_load,variant,4032,woo:4032,load,purpl,needs-decision,record has an unresolved blocking exception and was not loaded
high,record_held_from_load,variant,4865,woo:4865,load,purpl,needs-decision,record has an unresolved blocking exception and was not loaded
high,record_held_from_load,variant,4867,woo:4867,load,purpl,needs-decision,record has an unresolved blocking exception and was not loaded
high,record_held_from_load,variant,4868,woo:4868,load,purpl,needs-decision,record has an unresolved blocking exception and was not loaded
high,record_held_from_load,variant,4870,woo:4870,load,purpl,needs-decision,record has an unresolved blocking exception and was not loaded
high,record_held_from_load,variant,6429,woo:6429,load,purpl,needs-decision,record has an unresolved blocking exception and was not loaded
high,record_held_from_load,variant,6616,woo:6616,load,purpl,needs-decision,record has an unresolved blocking exception and was not loaded
high,record_held_from_load,variant,6617,woo:6617,load,purpl,needs-decision,record has an unresolved blocking exception and was not loaded
high,record_held_from_load,variant,6618,woo:6618,load,purpl,needs-decision,record has an unresolved blocking exception and was not loaded
high,record_held_from_load,variant,6619,woo:6619,load,purpl,needs-decision,record has an unresolved blocking exception and was not loaded
high,record_held_from_load,variant,6620,woo:6620,load,purpl,needs-decision,record has an unresolved blocking exception and was not loaded
high,record_held_from_load,variant,6621,woo:6621,load,purpl,needs-decision,record has an unresolved blocking exception and was not loaded
high,record_held_from_load,variant,6622,woo:6622,load,purpl,needs-decision,record has an unresolved blocking exception and was not loaded
high,record_held_from_load,variant,6623,woo:6623,load,purpl,needs-decision,record has an unresolved blocking exception and was not loaded
high,record_held_from_load,variant,6624,woo:6624,load,purpl,needs-decision,record has an unresolved blocking exception and was not loaded
high,record_held_from_load,variant,6625,woo:6625,load,purpl,needs-decision,record has an unresolved blocking exception and was not loaded
high,record_held_from_load,variant,6626,woo:6626,load,purpl,needs-decision,record has an unresolved blocking exception and was not loaded
high,record_held_from_load,variant,6627,woo:6627,load,purpl,needs-decision,record has an unresolved blocking exception and was not loaded
high,record_held_from_load,variant,6628,woo:6628,load,purpl,needs-decision,record has an unresolved blocking exception and was not loaded
high,record_held_from_load,variant,6629,woo:6629,load,purpl,needs-decision,record has an unresolved blocking exception and was not loaded
high,record_held_from_load,variant,6630,woo:6630,load,purpl,needs-decision,record has an unresolved blocking exception and was not loaded
high,record_held_from_load,variant,6631,woo:6631,load,purpl,needs-decision,record has an unresolved blocking exception and was not loaded
high,record_held_from_load,variant,6632,woo:6632,load,purpl,needs-decision,record has an unresolved blocking exception and was not loaded
high,record_held_from_load,variant,6633,woo:6633,load,purpl,needs-decision,record has an unresolved blocking exception and was not loaded
high,record_held_from_load,variant,6634,woo:6634,load,purpl,needs-decision,record has an unresolved blocking exception and was not loaded
high,record_held_from_load,variant,6719,woo:6719,load,purpl,needs-decision,record has an unresolved blocking exception and was not loaded
high,record_held_from_load,variant,6720,woo:6720,load,purpl,needs-decision,record has an unresolved blocking exception and was not loaded
high,record_held_from_load,variant,6721,woo:6721,load,purpl,needs-decision,record has an unresolved blocking exception and was not loaded
high,record_held_from_load,variant,6722,woo:6722,load,purpl,needs-decision,record has an unresolved blocking exception and was not loaded
high,record_held_from_load,variant,6723,woo:6723,load,purpl,needs-decision,record has an unresolved blocking exception and was not loaded
high,record_held_from_load,variant,6724,woo:6724,load,purpl,needs-decision,record has an unresolved blocking exception and was not loaded
high,record_held_from_load,variant,6725,woo:6725,load,purpl,needs-decision,record has an unresolved blocking exception and was not loaded
high,record_held_from_load,variant,6726,woo:6726,load,purpl,needs-decision,record has an unresolved blocking exception and was not loaded
high,record_held_from_load,variant,6727,woo:6727,load,purpl,needs-decision,record has an unresolved blocking exception and was not loaded
high,record_held_from_load,variant,6728,woo:6728,load,purpl,needs-decision,record has an unresolved blocking exception and was not loaded
high,record_held_from_load,variant,6729,woo:6729,load,purpl,needs-decision,record has an unresolved blocking exception and was not loaded
high,record_held_from_load,variant,6730,woo:6730,load,purpl,needs-decision,record has an unresolved blocking exception and was not loaded
high,record_held_from_load,variant,6731,woo:6731,load,purpl,needs-decision,record has an unresolved blocking exception and was not loaded
high,record_held_from_load,variant,6732,woo:6732,load,purpl,needs-decision,record has an unresolved blocking exception and was not loaded
high,record_held_from_load,variant,6733,woo:6733,load,purpl,needs-decision,record has an unresolved blocking exception and was not loaded
high,record_held_from_load,variant,6734,woo:6734,load,purpl,needs-decision,record has an unresolved blocking exception and was not loaded
high,record_held_from_load,variant,6735,woo:6735,load,purpl,needs-decision,record has an unresolved blocking exception and was not loaded
high,record_held_from_load,variant,6736,woo:6736,load,purpl,needs-decision,record has an unresolved blocking exception and was not loaded
high,record_held_from_load,variant,6737,woo:6737,load,purpl,needs-decision,record has an unresolved blocking exception and was not loaded
high,record_held_from_load,variant,6738,woo:6738,load,purpl,needs-decision,record has an unresolved blocking exception and was not loaded
high,record_held_from_load,variant,6739,woo:6739,load,purpl,needs-decision,record has an unresolved blocking exception and was not loaded
high,record_held_from_load,variant,6740,woo:6740,load,purpl,needs-decision,record has an unresolved blocking exception and was not loaded
high,record_held_from_load,variant,6741,woo:6741,load,purpl,needs-decision,record has an unresolved blocking exception and was not loaded
high,record_held_from_load,variant,6742,woo:6742,load,purpl,needs-decision,record has an unresolved blocking exception and was not loaded
high,record_held_from_load,variant,6743,woo:6743,load,purpl,needs-decision,record has an unresolved blocking exception and was not loaded
high,record_held_from_load,variant,6744,woo:6744,load,purpl,needs-decision,record has an unresolved blocking exception and was not loaded
high,record_held_from_load,variant,6745,woo:6745,load,purpl,needs-decision,record has an unresolved blocking exception and was not loaded
high,record_held_from_load,variant,6746,woo:6746,load,purpl,needs-decision,record has an unresolved blocking exception and was not loaded
high,record_held_from_load,variant,6747,woo:6747,load,purpl,needs-decision,record has an unresolved blocking exception and was not loaded
high,record_held_from_load,variant,6749,woo:6749,load,purpl,needs-decision,record has an unresolved blocking exception and was not loaded
high,record_held_from_load,variant,6750,woo:6750,load,purpl,needs-decision,record has an unresolved blocking exception and was not loaded
high,record_held_from_load,variant,6751,woo:6751,load,purpl,needs-decision,record has an unresolved blocking exception and was not loaded
high,record_held_from_load,variant,6752,woo:6752,load,purpl,needs-decision,record has an unresolved blocking exception and was not loaded
high,record_held_from_load,variant,6753,woo:6753,load,purpl,needs-decision,record has an unresolved blocking exception and was not loaded
high,record_held_from_load,variant,6754,woo:6754,load,purpl,needs-decision,record has an unresolved blocking exception and was not loaded
high,record_held_from_load,variant,6755,woo:6755,load,purpl,needs-decision,record has an unresolved blocking exception and was not loaded
high,record_held_from_load,variant,6756,woo:6756,load,purpl,needs-decision,record has an unresolved blocking exception and was not loaded
high,record_held_from_load,variant,6757,woo:6757,load,purpl,needs-decision,record has an unresolved blocking exception and was not loaded
high,record_held_from_load,variant,6759,woo:6759,load,purpl,needs-decision,record has an unresolved blocking exception and was not loaded
high,record_held_from_load,variant,6760,woo:6760,load,purpl,needs-decision,record has an unresolved blocking exception and was not loaded
high,record_held_from_load,variant,6761,woo:6761,load,purpl,needs-decision,record has an unresolved blocking exception and was not loaded
high,record_held_from_load,variant,6762,woo:6762,load,purpl,needs-decision,record has an unresolved blocking exception and was not loaded
high,record_held_from_load,variant,6765,woo:6765,load,purpl,needs-decision,record has an unresolved blocking exception and was not loaded
high,record_held_from_load,variant,6766,woo:6766,load,purpl,needs-decision,record has an unresolved blocking exception and was not loaded
high,record_held_from_load,variant,6774,woo:6774,load,purpl,needs-decision,record has an unresolved blocking exception and was not loaded
high,record_held_from_load,variant,6775,woo:6775,load,purpl,needs-decision,record has an unresolved blocking exception and was not loaded
high,record_held_from_load,variant,6776,woo:6776,load,purpl,needs-decision,record has an unresolved blocking exception and was not loaded
high,record_held_from_load,variant,6778,woo:6778,load,purpl,needs-decision,record has an unresolved blocking exception and was not loaded
high,record_held_from_load,variant,6793,woo:6793,load,purpl,needs-decision,record has an unresolved blocking exception and was not loaded
high,record_held_from_load,variant,6794,woo:6794,load,purpl,needs-decision,record has an unresolved blocking exception and was not loaded
high,record_held_from_load,variant,6795,woo:6795,load,purpl,needs-decision,record has an unresolved blocking exception and was not loaded
high,record_held_from_load,variant,6796,woo:6796,load,purpl,needs-decision,record has an unresolved blocking exception and was not loaded
high,record_held_from_load,variant,6797,woo:6797,load,purpl,needs-decision,record has an unresolved blocking exception and was not loaded
high,record_held_from_load,variant,6798,woo:6798,load,purpl,needs-decision,record has an unresolved blocking exception and was not loaded
high,record_held_from_load,variant,6799,woo:6799,load,purpl,needs-decision,record has an unresolved blocking exception and was not loaded
high,variant_missing_option_value,variant,1965,PROS-PROT00WAM-1965,transform,client,needs-decision,"WooCommerce 'Any' variation: no value for option(s) Size. Shopify has no equivalent, so the variant is held; expand it into explicit variants at source or approve an expansion rule"
high,variant_missing_option_value,variant,1967,PROS-PROT00WAM-1967,transform,client,needs-decision,"WooCommerce 'Any' variation: no value for option(s) Size. Shopify has no equivalent, so the variant is held; expand it into explicit variants at source or approve an expansion rule"
high,variant_missing_option_value,variant,1970,PROS-PROT00WAM-1970,transform,client,needs-decision,"WooCommerce 'Any' variation: no value for option(s) Size. Shopify has no equivalent, so the variant is held; expand it into explicit variants at source or approve an expansion rule"
high,variant_missing_option_value,variant,1998,PROS-PROT03VJU-1998,transform,client,needs-decision,"WooCommerce 'Any' variation: no value for option(s) Size. Shopify has no equivalent, so the variant is held; expand it into explicit variants at source or approve an expansion rule"
high,variant_missing_option_value,variant,1999,PROS-PROT03VJU-1999,transform,client,needs-decision,"WooCommerce 'Any' variation: no value for option(s) Size. Shopify has no equivalent, so the variant is held; expand it into explicit variants at source or approve an expansion rule"
high,variant_missing_option_value,variant,2006,PROS-PROT03VCZ-2006,transform,client,needs-decision,"WooCommerce 'Any' variation: no value for option(s) Size. Shopify has no equivalent, so the variant is held; expand it into explicit variants at source or approve an expansion rule"
high,variant_missing_option_value,variant,2007,PROS-PROT03VCZ-2007,transform,client,needs-decision,"WooCommerce 'Any' variation: no value for option(s) Size. Shopify has no equivalent, so the variant is held; expand it into explicit variants at source or approve an expansion rule"
high,variant_missing_option_value,variant,2013,PROS-PROT03TRW-2013,transform,client,needs-decision,"WooCommerce 'Any' variation: no value for option(s) Size. Shopify has no equivalent, so the variant is held; expand it into explicit variants at source or approve an expansion rule"
high,variant_missing_option_value,variant,2014,PROS-PROT03TRW-2014,transform,client,needs-decision,"WooCommerce 'Any' variation: no value for option(s) Size. Shopify has no equivalent, so the variant is held; expand it into explicit variants at source or approve an expansion rule"
high,variant_missing_option_value,variant,2015,PROS-PROT03TRW-2015,transform,client,needs-decision,"WooCommerce 'Any' variation: no value for option(s) Size. Shopify has no equivalent, so the variant is held; expand it into explicit variants at source or approve an expansion rule"
high,variant_missing_option_value,variant,2016,PROS-PROT03TRW-2016,transform,client,needs-decision,"WooCommerce 'Any' variation: no value for option(s) Size. Shopify has no equivalent, so the variant is held; expand it into explicit variants at source or approve an expansion rule"
high,variant_missing_option_value,variant,2017,PROS-PROT03TRW-2017,transform,client,needs-decision,"WooCommerce 'Any' variation: no value for option(s) Size. Shopify has no equivalent, so the variant is held; expand it into explicit variants at source or approve an expansion rule"
high,variant_missing_option_value,variant,2018,PROS-PROT03TRW-2018,transform,client,needs-decision,"WooCommerce 'Any' variation: no value for option(s) Size. Shopify has no equivalent, so the variant is held; expand it into explicit variants at source or approve an expansion rule"
high,variant_missing_option_value,variant,2031,PROS-T03TRM-2031,transform,client,needs-decision,"WooCommerce 'Any' variation: no value for option(s) Size. Shopify has no equivalent, so the variant is held; expand it into explicit variants at source or approve an expansion rule"
high,variant_missing_option_value,variant,2032,PROS-T03TRM-2032,transform,client,needs-decision,"WooCommerce 'Any' variation: no value for option(s) Size. Shopify has no equivalent, so the variant is held; expand it into explicit variants at source or approve an expansion rule"
high,variant_missing_option_value,variant,2033,PROS-T03TRM-2033,transform,client,needs-decision,"WooCommerce 'Any' variation: no value for option(s) Size. Shopify has no equivalent, so the variant is held; expand it into explicit variants at source or approve an expansion rule"
high,variant_missing_option_value,variant,2034,PROS-T03TRM-2034,transform,client,needs-decision,"WooCommerce 'Any' variation: no value for option(s) Size. Shopify has no equivalent, so the variant is held; expand it into explicit variants at source or approve an expansion rule"
high,variant_missing_option_value,variant,2035,PROS-PROT03VCZ-2035,transform,client,needs-decision,"WooCommerce 'Any' variation: no value for option(s) Colour, Size. Shopify has no equivalent, so the variant is held; expand it into explicit variants at source or approve an expansion rule"
high,variant_missing_option_value,variant,2036,PROS-PROT03VCZ-2036,transform,client,needs-decision,"WooCommerce 'Any' variation: no value for option(s) Colour, Size. Shopify has no equivalent, so the variant is held; expand it into explicit variants at source or approve an expansion rule"
high,variant_missing_option_value,variant,2037,PROS-PROT03VCZ-2037,transform,client,needs-decision,"WooCommerce 'Any' variation: no value for option(s) Colour, Size. Shopify has no equivalent, so the variant is held; expand it into explicit variants at source or approve an expansion rule"
high,variant_missing_option_value,variant,2038,PROS-T03TRM-2038,transform,client,needs-decision,"WooCommerce 'Any' variation: no value for option(s) Size. Shopify has no equivalent, so the variant is held; expand it into explicit variants at source or approve an expansion rule"
high,variant_missing_option_value,variant,2066,PROS-PROT00SZU-2066,transform,client,needs-decision,"WooCommerce 'Any' variation: no value for option(s) Size. Shopify has no equivalent, so the variant is held; expand it into explicit variants at source or approve an expansion rule"
high,variant_missing_option_value,variant,2067,PROS-PROT00SZU-2067,transform,client,needs-decision,"WooCommerce 'Any' variation: no value for option(s) Size. Shopify has no equivalent, so the variant is held; expand it into explicit variants at source or approve an expansion rule"
high,variant_missing_option_value,variant,2093,PROS-1634-2093,transform,client,needs-decision,"WooCommerce 'Any' variation: no value for option(s) Size. Shopify has no equivalent, so the variant is held; expand it into explicit variants at source or approve an expansion rule"
high,variant_missing_option_value,variant,2094,PROS-1634-2094,transform,client,needs-decision,"WooCommerce 'Any' variation: no value for option(s) Size. Shopify has no equivalent, so the variant is held; expand it into explicit variants at source or approve an expansion rule"
high,variant_missing_option_value,variant,2097,PROS-PROT00QUU-2097,transform,client,needs-decision,"WooCommerce 'Any' variation: no value for option(s) Size. Shopify has no equivalent, so the variant is held; expand it into explicit variants at source or approve an expansion rule"
high,variant_missing_option_value,variant,2098,PROS-PROT00QUU-2098,transform,client,needs-decision,"WooCommerce 'Any' variation: no value for option(s) Size. Shopify has no equivalent, so the variant is held; expand it into explicit variants at source or approve an expansion rule"
high,variant_missing_option_value,variant,2099,PROS-PROT00QUU-2099,transform,client,needs-decision,"WooCommerce 'Any' variation: no value for option(s) Size. Shopify has no equivalent, so the variant is held; expand it into explicit variants at source or approve an expansion rule"
high,variant_missing_option_value,variant,2106,PROS-PROT03QU2U-2106,transform,client,needs-decision,"WooCommerce 'Any' variation: no value for option(s) Size. Shopify has no equivalent, so the variant is held; expand it into explicit variants at source or approve an expansion rule"
high,variant_missing_option_value,variant,2107,PROS-PROT03QU2U-2107,transform,client,needs-decision,"WooCommerce 'Any' variation: no value for option(s) Size. Shopify has no equivalent, so the variant is held; expand it into explicit variants at source or approve an expansion rule"
high,variant_missing_option_value,variant,2108,PROS-PROT03QU2U-2108,transform,client,needs-decision,"WooCommerce 'Any' variation: no value for option(s) Size. Shopify has no equivalent, so the variant is held; expand it into explicit variants at source or approve an expansion rule"
high,variant_missing_option_value,variant,2109,PROS-PROT03QU2U-2109,transform,client,needs-decision,"WooCommerce 'Any' variation: no value for option(s) Size. Shopify has no equivalent, so the variant is held; expand it into explicit variants at source or approve an expansion rule"
high,variant_missing_option_value,variant,2141,PROS-1626-2141,transform,client,needs-decision,"WooCommerce 'Any' variation: no value for option(s) Size. Shopify has no equivalent, so the variant is held; expand it into explicit variants at source or approve an expansion rule"
high,variant_missing_option_value,variant,2142,PROS-1626-2142,transform,client,needs-decision,"WooCommerce 'Any' variation: no value for option(s) Size. Shopify has no equivalent, so the variant is held; expand it into explicit variants at source or approve an expansion rule"
high,variant_missing_option_value,variant,2143,PROS-1626-2143,transform,client,needs-decision,"WooCommerce 'Any' variation: no value for option(s) Size. Shopify has no equivalent, so the variant is held; expand it into explicit variants at source or approve an expansion rule"
high,variant_missing_option_value,variant,2144,PROS-1626-2144,transform,client,needs-decision,"WooCommerce 'Any' variation: no value for option(s) Size. Shopify has no equivalent, so the variant is held; expand it into explicit variants at source or approve an expansion rule"
high,variant_missing_option_value,variant,2145,PROS-1626-2145,transform,client,needs-decision,"WooCommerce 'Any' variation: no value for option(s) Size. Shopify has no equivalent, so the variant is held; expand it into explicit variants at source or approve an expansion rule"
high,variant_missing_option_value,variant,2158,PROS-PROT03PIM-2158,transform,client,needs-decision,"WooCommerce 'Any' variation: no value for option(s) Size. Shopify has no equivalent, so the variant is held; expand it into explicit variants at source or approve an expansion rule"
high,variant_missing_option_value,variant,2159,PROS-PROT03PIM-2159,transform,client,needs-decision,"WooCommerce 'Any' variation: no value for option(s) Size. Shopify has no equivalent, so the variant is held; expand it into explicit variants at source or approve an expansion rule"
high,variant_missing_option_value,variant,2160,PROS-PROT03PIM-2160,transform,client,needs-decision,"WooCommerce 'Any' variation: no value for option(s) Size. Shopify has no equivalent, so the variant is held; expand it into explicit variants at source or approve an expansion rule"
high,variant_missing_option_value,variant,2161,PROS-PROT03PIM-2161,transform,client,needs-decision,"WooCommerce 'Any' variation: no value for option(s) Size. Shopify has no equivalent, so the variant is held; expand it into explicit variants at source or approve an expansion rule"
high,variant_missing_option_value,variant,2162,PROS-PROT03PIM-2162,transform,client,needs-decision,"WooCommerce 'Any' variation: no value for option(s) Size. Shopify has no equivalent, so the variant is held; expand it into explicit variants at source or approve an expansion rule"
high,variant_missing_option_value,variant,2224,PROS-PROT00JOM-2224,transform,client,needs-decision,"WooCommerce 'Any' variation: no value for option(s) Size. Shopify has no equivalent, so the variant is held; expand it into explicit variants at source or approve an expansion rule"
high,variant_missing_option_value,variant,2225,PROS-PROT00JOM-2225,transform,client,needs-decision,"WooCommerce 'Any' variation: no value for option(s) Size. Shopify has no equivalent, so the variant is held; expand it into explicit variants at source or approve an expansion rule"
high,variant_missing_option_value,variant,2238,PROS-PROT03FAF-2238,transform,client,needs-decision,"WooCommerce 'Any' variation: no value for option(s) Size. Shopify has no equivalent, so the variant is held; expand it into explicit variants at source or approve an expansion rule"
high,variant_missing_option_value,variant,2255,PROS-PROT03DVU-2255,transform,client,needs-decision,"WooCommerce 'Any' variation: no value for option(s) Size. Shopify has no equivalent, so the variant is held; expand it into explicit variants at source or approve an expansion rule"
high,variant_missing_option_value,variant,2256,PROS-PROT03DVU-2256,transform,client,needs-decision,"WooCommerce 'Any' variation: no value for option(s) Size. Shopify has no equivalent, so the variant is held; expand it into explicit variants at source or approve an expansion rule"
high,variant_missing_option_value,variant,2278,PROS-PROT00CIF-2278,transform,client,needs-decision,"WooCommerce 'Any' variation: no value for option(s) Size. Shopify has no equivalent, so the variant is held; expand it into explicit variants at source or approve an expansion rule"
high,variant_missing_option_value,variant,2282,PROS-PROT00CIM-2282,transform,client,needs-decision,"WooCommerce 'Any' variation: no value for option(s) Size. Shopify has no equivalent, so the variant is held; expand it into explicit variants at source or approve an expansion rule"
high,variant_missing_option_value,variant,2353,PROS-PROT00ALF-2353,transform,client,needs-decision,"WooCommerce 'Any' variation: no value for option(s) Size. Shopify has no equivalent, so the variant is held; expand it into explicit variants at source or approve an expansion rule"
high,variant_missing_option_value,variant,2354,PROS-PROT00ALF-2354,transform,client,needs-decision,"WooCommerce 'Any' variation: no value for option(s) Size. Shopify has no equivalent, so the variant is held; expand it into explicit variants at source or approve an expansion rule"
high,variant_missing_option_value,variant,2355,PROS-PROT00ALF-2355,transform,client,needs-decision,"WooCommerce 'Any' variation: no value for option(s) Size. Shopify has no equivalent, so the variant is held; expand it into explicit variants at source or approve an expansion rule"
high,variant_missing_option_value,variant,2363,PROS-PROT00ALM-2363,transform,client,needs-decision,"WooCommerce 'Any' variation: no value for option(s) Size. Shopify has no equivalent, so the variant is held; expand it into explicit variants at source or approve an expansion rule"
high,variant_missing_option_value,variant,2364,PROS-PROT00ALM-2364,transform,client,needs-decision,"WooCommerce 'Any' variation: no value for option(s) Size. Shopify has no equivalent, so the variant is held; expand it into explicit variants at source or approve an expansion rule"
high,variant_missing_option_value,variant,2372,PROS-PROT03CZU-2372,transform,client,needs-decision,"WooCommerce 'Any' variation: no value for option(s) Size. Shopify has no equivalent, so the variant is held; expand it into explicit variants at source or approve an expansion rule"
high,variant_missing_option_value,variant,2785,PROS-PROT03PIM-2785,transform,client,needs-decision,"WooCommerce 'Any' variation: no value for option(s) Size. Shopify has no equivalent, so the variant is held; expand it into explicit variants at source or approve an expansion rule"
high,variant_missing_option_value,variant,4032,PROS-4031-4032,transform,client,needs-decision,"WooCommerce 'Any' variation: no value for option(s) Size. Shopify has no equivalent, so the variant is held; expand it into explicit variants at source or approve an expansion rule"
high,variant_missing_option_value,variant,4865,PROT00SSW-Navy-1,transform,client,needs-decision,"WooCommerce 'Any' variation: no value for option(s) Colour. Shopify has no equivalent, so the variant is held; expand it into explicit variants at source or approve an expansion rule"
high,variant_missing_option_value,variant,4867,PROS-PROT00SSW1-4867,transform,client,needs-decision,"WooCommerce 'Any' variation: no value for option(s) Colour. Shopify has no equivalent, so the variant is held; expand it into explicit variants at source or approve an expansion rule"
high,variant_missing_option_value,variant,4868,PROS-PROT00SSW1-4868,transform,client,needs-decision,"WooCommerce 'Any' variation: no value for option(s) Colour. Shopify has no equivalent, so the variant is held; expand it into explicit variants at source or approve an expansion rule"
high,variant_missing_option_value,variant,4870,PROS-PROT00SSW1-4870,transform,client,needs-decision,"WooCommerce 'Any' variation: no value for option(s) Colour. Shopify has no equivalent, so the variant is held; expand it into explicit variants at source or approve an expansion rule"
high,variant_missing_option_value,variant,6429,PROT00SSW,transform,client,needs-decision,"WooCommerce 'Any' variation: no value for option(s) Colour, Size. Shopify has no equivalent, so the variant is held; expand it into explicit variants at source or approve an expansion rule"
high,variant_missing_price,variant,6774,PS-6773-6774,transform,client,needs-decision,"no regular, sale or parent price; variant held out of the load"
high,variant_missing_price,variant,6775,PS-6773-6775,transform,client,needs-decision,"no regular, sale or parent price; variant held out of the load"
high,variant_missing_price,variant,6776,PS-6773-6776,transform,client,needs-decision,"no regular, sale or parent price; variant held out of the load"
high,variant_missing_price,variant,6778,PS-6777-6778,transform,client,needs-decision,"no regular, sale or parent price; variant held out of the load"
high,variant_missing_price,variant,6793,PV-BRIONE-FZT-NAVY,transform,client,needs-decision,"no regular, sale or parent price; variant held out of the load"
high,variant_missing_price,variant,6794,PV-BRIONE-FZT-NAVY,transform,client,needs-decision,"no regular, sale or parent price; variant held out of the load"
high,variant_missing_price,variant,6795,PV-BRIONE-FZT-NAVY,transform,client,needs-decision,"no regular, sale or parent price; variant held out of the load"
high,variant_missing_price,variant,6796,PV-BRIONE-FZT-NAVY,transform,client,needs-decision,"no regular, sale or parent price; variant held out of the load"
high,variant_missing_price,variant,6797,PV-BRIONE-FZT-NAVY,transform,client,needs-decision,"no regular, sale or parent price; variant held out of the load"
high,variant_missing_price,variant,6798,PV-BRIONE-FZT-NAVY,transform,client,needs-decision,"no regular, sale or parent price; variant held out of the load"
high,variant_missing_price,variant,6799,PV-BRIONE-FZT-NAVY,transform,client,needs-decision,"no regular, sale or parent price; variant held out of the load"
medium,advanced_coupon_rules,discount,5770,season2026,transform,client,needs-decision,coupon carries Advanced Coupons / Flexible Coupons rules that Shopify discountCodeBasic cannot express
medium,advanced_coupon_rules,discount,5780,aleksandra_kafarska_$12,transform,client,needs-decision,coupon carries Advanced Coupons / Flexible Coupons rules that Shopify discountCodeBasic cannot express
medium,advanced_coupon_rules,discount,6131,china2026,transform,client,needs-decision,coupon carries Advanced Coupons / Flexible Coupons rules that Shopify discountCodeBasic cannot express
medium,advanced_coupon_rules,discount,6272,xiamenuniform2026,transform,client,needs-decision,coupon carries Advanced Coupons / Flexible Coupons rules that Shopify discountCodeBasic cannot express
medium,duplicate_handle,page,2535,collections,transform,purpl,resolved,handle 'collections' already used by source id 1285; suffixed with the source id
medium,duplicate_handle,page,3276,about,transform,purpl,resolved,handle 'about' already used by source id 195; suffixed with the source id
medium,negative_inventory,variant,5999,PV-JERSEY-2627-WHT-XXL-MEN,transform,client,needs-decision,source stock quantity is -1; staged as 0
medium,negative_inventory,variant,6141,PROT00SLM,transform,client,needs-decision,source stock quantity is -1; staged as 0
medium,negative_inventory,variant,6485,PS-6479-6485,transform,client,needs-decision,source stock quantity is -1; staged as 0
medium,negative_inventory,variant,6488,PS-6479-6488,transform,client,needs-decision,source stock quantity is -1; staged as 0
medium,page_is_storefront_route,page,40,cart,transform,purpl,needs-decision,"WooCommerce functional page; the Next.js storefront owns this route, so it is not loaded as a Shopify page"
medium,page_is_storefront_route,page,41,checkout,transform,purpl,needs-decision,"WooCommerce functional page; the Next.js storefront owns this route, so it is not loaded as a Shopify page"
medium,page_is_storefront_route,page,42,my-account,transform,purpl,needs-decision,"WooCommerce functional page; the Next.js storefront owns this route, so it is not loaded as a Shopify page"
medium,page_is_storefront_route,page,4253,wishlist,transform,purpl,needs-decision,"WooCommerce functional page; the Next.js storefront owns this route, so it is not loaded as a Shopify page"
medium,page_is_storefront_route,page,4625,wishlist-2,transform,purpl,needs-decision,"WooCommerce functional page; the Next.js storefront owns this route, so it is not loaded as a Shopify page"
medium,page_is_storefront_route,page,47,cart-2,transform,purpl,needs-decision,"WooCommerce functional page; the Next.js storefront owns this route, so it is not loaded as a Shopify page"
medium,page_is_storefront_route,page,48,checkout-2,transform,purpl,needs-decision,"WooCommerce functional page; the Next.js storefront owns this route, so it is not loaded as a Shopify page"
medium,page_is_storefront_route,page,49,my-account-2,transform,purpl,needs-decision,"WooCommerce functional page; the Next.js storefront owns this route, so it is not loaded as a Shopify page"
medium,product_type_fallback,product,1635,sette-man,transform,client,needs-decision,no mapped product-type category; assigned 'accessories' by fallback
medium,product_type_fallback,product,1636,sette-woman,transform,client,needs-decision,no mapped product-type category; assigned 'accessories' by fallback
medium,product_type_name_inferred,product,3154,modena-volley-jersey,transform,client,needs-decision,no mapped product-type category; assigned 'jerseys' by name-inferred
medium,product_type_name_inferred,product,4031,italian-volleyball-jersey,transform,client,needs-decision,no mapped product-type category; assigned 'jerseys' by name-inferred
medium,product_without_image,product,6479,carrum-mens-t-shirt,transform,client,needs-decision,published product has no image; storefront will show a placeholder
medium,product_without_image,product,6496,carrum-mens-shorts-black-and-yellow,transform,client,needs-decision,published product has no image; storefront will show a placeholder
medium,product_without_image,product,6512,carrum-womens-jersey-black-and-yellow,transform,client,needs-decision,published product has no image; storefront will show a placeholder
medium,product_without_image,product,6527,carrum-womens-shorts-black-and-yellow,transform,client,needs-decision,published product has no image; storefront will show a placeholder
medium,product_without_image,product,6542,inner-west-volley-mens-polo-shirt,transform,client,needs-decision,published product has no image; storefront will show a placeholder
medium,product_without_image,product,6548,inner-west-volley-female-polo-shirt,transform,client,needs-decision,published product has no image; storefront will show a placeholder
medium,product_without_image,product,6554,royal-male-t-shirt,transform,client,needs-decision,published product has no image; storefront will show a placeholder
medium,product_without_image,product,6562,royal-male-t-shirt-2,transform,client,needs-decision,published product has no image; storefront will show a placeholder
medium,product_without_image,product,6575,provolley-unisex-hats,transform,client,needs-decision,published product has no image; storefront will show a placeholder
medium,product_without_image,product,6577,inner-west-volley-unisex-hats,transform,client,needs-decision,published product has no image; storefront will show a placeholder
medium,product_without_image,product,6579,inner-west-volley-womens-old-style,transform,client,needs-decision,published product has no image; storefront will show a placeholder
medium,product_without_image,product,6586,provolley-womens-old-style-short,transform,client,needs-decision,published product has no image; storefront will show a placeholder
medium,product_without_image,product,6593,royal-unisex-jacket,transform,client,needs-decision,published product has no image; storefront will show a placeholder
medium,product_without_image,product,6601,royal-unisex-pants-black,transform,client,needs-decision,published product has no image; storefront will show a placeholder
medium,product_without_image,product,6609,modena-unisex-jacket,transform,client,needs-decision,published product has no image; storefront will show a placeholder
medium,product_without_image,product,6636,provolley-kids-training-shorts,transform,client,needs-decision,published product has no image; storefront will show a placeholder
medium,product_without_image,product,6642,provolley-men-old-style-shorts,transform,client,needs-decision,published product has no image; storefront will show a placeholder
medium,product_without_image,product,6648,provolley-kids-training-t-shirt,transform,client,needs-decision,published product has no image; storefront will show a placeholder
medium,product_without_image,product,6653,provolley-kids-t-shirt-with-number,transform,client,needs-decision,published product has no image; storefront will show a placeholder
medium,product_without_image,product,6692,val-jacket,transform,client,needs-decision,published product has no image; storefront will show a placeholder
medium,product_without_image,product,6695,val-polo-mens,transform,client,needs-decision,published product has no image; storefront will show a placeholder
medium,product_without_image,product,6697,looney-tunes-kids-short,transform,client,needs-decision,published product has no image; storefront will show a placeholder
medium,product_without_image,product,6699,italia-looney-tunes-kid-shirt,transform,client,needs-decision,published product has no image; storefront will show a placeholder
medium,product_without_image,product,6701,val-male-t-shirt,transform,client,needs-decision,published product has no image; storefront will show a placeholder
medium,product_without_image,product,6706,mizuno-t-shirt,transform,client,needs-decision,published product has no image; storefront will show a placeholder
medium,product_without_image,product,6710,petrol-short-light-female,transform,client,needs-decision,published product has no image; storefront will show a placeholder
medium,product_without_image,product,6716,spikers-turf-t-shirt,transform,client,needs-decision,published product has no image; storefront will show a placeholder
medium,product_without_image,product,6718,provolley-jersey,transform,client,needs-decision,published product has no image; storefront will show a placeholder
medium,product_without_image,product,6748,modena-jersey,transform,client,needs-decision,published product has no image; storefront will show a placeholder
medium,product_without_image,product,6758,provolley-womens-jersey,transform,client,needs-decision,published product has no image; storefront will show a placeholder
medium,product_without_image,product,6763,inner-west-jersey,transform,client,needs-decision,published product has no image; storefront will show a placeholder
medium,product_without_image,product,6768,sette-shirt,transform,client,needs-decision,published product has no image; storefront will show a placeholder
medium,product_without_image,product,6773,mv-jackets,transform,client,needs-decision,published product has no image; storefront will show a placeholder
medium,product_without_image,product,6777,ebayte-unisex,transform,client,needs-decision,published product has no image; storefront will show a placeholder
medium,product_without_image,product,6779,tennessee-shirt,transform,client,needs-decision,published product has no image; storefront will show a placeholder
medium,product_without_image,product,6781,macron-shirt-kids,transform,client,needs-decision,published product has no image; storefront will show a placeholder
medium,product_without_image,product,6783,pallavalo-shirt,transform,client,needs-decision,published product has no image; storefront will show a placeholder
medium,product_without_image,product,6785,mcos-nsw-short,transform,client,needs-decision,published product has no image; storefront will show a placeholder
medium,product_without_image,product,6787,isol-casa-black,transform,client,needs-decision,published product has no image; storefront will show a placeholder
medium,product_without_image,product,6789,kdu-shirt,transform,client,needs-decision,published product has no image; storefront will show a placeholder
medium,product_without_image,product,6801,innerwest-volley-brione-jacket,transform,client,needs-decision,published product has no image; storefront will show a placeholder
medium,product_without_image,product,6809,innerwest-volley-brione-pants-trousers,transform,client,needs-decision,published product has no image; storefront will show a placeholder
medium,product_without_image,product,6851,prosporter-ball-cart-trolley,transform,client,needs-decision,published product has no image; storefront will show a placeholder
medium,product_without_image,product,6855,prosporter-ball-cart-trolley-replacement-bag-inner-fabric,transform,client,needs-decision,published product has no image; storefront will show a placeholder
low,attribute_demoted_to_tag,product,6575,provolley-unisex-hats,transform,purpl,resolved,"attribute 'Hats' is a label, not a variant axis; kept as a legacy tag only"
low,attribute_demoted_to_tag,product,6577,inner-west-volley-unisex-hats,transform,purpl,resolved,"attribute 'Hats' is a label, not a variant axis; kept as a legacy tag only"
low,customer_without_address,customer,10,customer:10,transform,client,needs-decision,no billing or shipping address on the source account
low,customer_without_address,customer,107,customer:107,transform,client,needs-decision,no billing or shipping address on the source account
low,customer_without_address,customer,109,customer:109,transform,client,needs-decision,no billing or shipping address on the source account
low,customer_without_address,customer,11,customer:11,transform,client,needs-decision,no billing or shipping address on the source account
low,customer_without_address,customer,110,customer:110,transform,client,needs-decision,no billing or shipping address on the source account
low,customer_without_address,customer,111,customer:111,transform,client,needs-decision,no billing or shipping address on the source account
low,customer_without_address,customer,112,customer:112,transform,client,needs-decision,no billing or shipping address on the source account
low,customer_without_address,customer,113,customer:113,transform,client,needs-decision,no billing or shipping address on the source account
low,customer_without_address,customer,114,customer:114,transform,client,needs-decision,no billing or shipping address on the source account
low,customer_without_address,customer,115,customer:115,transform,client,needs-decision,no billing or shipping address on the source account
low,customer_without_address,customer,116,customer:116,transform,client,needs-decision,no billing or shipping address on the source account
low,customer_without_address,customer,117,customer:117,transform,client,needs-decision,no billing or shipping address on the source account
low,customer_without_address,customer,118,customer:118,transform,client,needs-decision,no billing or shipping address on the source account
low,customer_without_address,customer,119,customer:119,transform,client,needs-decision,no billing or shipping address on the source account
low,customer_without_address,customer,12,customer:12,transform,client,needs-decision,no billing or shipping address on the source account
low,customer_without_address,customer,120,customer:120,transform,client,needs-decision,no billing or shipping address on the source account
low,customer_without_address,customer,121,customer:121,transform,client,needs-decision,no billing or shipping address on the source account
low,customer_without_address,customer,122,customer:122,transform,client,needs-decision,no billing or shipping address on the source account
low,customer_without_address,customer,123,customer:123,transform,client,needs-decision,no billing or shipping address on the source account
low,customer_without_address,customer,124,customer:124,transform,client,needs-decision,no billing or shipping address on the source account
low,customer_without_address,customer,125,customer:125,transform,client,needs-decision,no billing or shipping address on the source account
low,customer_without_address,customer,126,customer:126,transform,client,needs-decision,no billing or shipping address on the source account
low,customer_without_address,customer,127,customer:127,transform,client,needs-decision,no billing or shipping address on the source account
low,customer_without_address,customer,128,customer:128,transform,client,needs-decision,no billing or shipping address on the source account
low,customer_without_address,customer,129,customer:129,transform,client,needs-decision,no billing or shipping address on the source account
low,customer_without_address,customer,13,customer:13,transform,client,needs-decision,no billing or shipping address on the source account
low,customer_without_address,customer,130,customer:130,transform,client,needs-decision,no billing or shipping address on the source account
low,customer_without_address,customer,131,customer:131,transform,client,needs-decision,no billing or shipping address on the source account
low,customer_without_address,customer,132,customer:132,transform,client,needs-decision,no billing or shipping address on the source account
low,customer_without_address,customer,133,customer:133,transform,client,needs-decision,no billing or shipping address on the source account
low,customer_without_address,customer,134,customer:134,transform,client,needs-decision,no billing or shipping address on the source account
low,customer_without_address,customer,136,customer:136,transform,client,needs-decision,no billing or shipping address on the source account
low,customer_without_address,customer,137,customer:137,transform,client,needs-decision,no billing or shipping address on the source account
low,customer_without_address,customer,139,customer:139,transform,client,needs-decision,no billing or shipping address on the source account
low,customer_without_address,customer,14,customer:14,transform,client,needs-decision,no billing or shipping address on the source account
low,customer_without_address,customer,140,customer:140,transform,client,needs-decision,no billing or shipping address on the source account
low,customer_without_address,customer,141,customer:141,transform,client,needs-decision,no billing or shipping address on the source account
low,customer_without_address,customer,142,customer:142,transform,client,needs-decision,no billing or shipping address on the source account
low,customer_without_address,customer,143,customer:143,transform,client,needs-decision,no billing or shipping address on the source account
low,customer_without_address,customer,144,customer:144,transform,client,needs-decision,no billing or shipping address on the source account
low,customer_without_address,customer,145,customer:145,transform,client,needs-decision,no billing or shipping address on the source account
low,customer_without_address,customer,146,customer:146,transform,client,needs-decision,no billing or shipping address on the source account
low,customer_without_address,customer,147,customer:147,transform,client,needs-decision,no billing or shipping address on the source account
low,customer_without_address,customer,148,customer:148,transform,client,needs-decision,no billing or shipping address on the source account
low,customer_without_address,customer,149,customer:149,transform,client,needs-decision,no billing or shipping address on the source account
low,customer_without_address,customer,15,customer:15,transform,client,needs-decision,no billing or shipping address on the source account
low,customer_without_address,customer,150,customer:150,transform,client,needs-decision,no billing or shipping address on the source account
low,customer_without_address,customer,151,customer:151,transform,client,needs-decision,no billing or shipping address on the source account
low,customer_without_address,customer,152,customer:152,transform,client,needs-decision,no billing or shipping address on the source account
low,customer_without_address,customer,153,customer:153,transform,client,needs-decision,no billing or shipping address on the source account
low,customer_without_address,customer,154,customer:154,transform,client,needs-decision,no billing or shipping address on the source account
low,customer_without_address,customer,156,customer:156,transform,client,needs-decision,no billing or shipping address on the source account
low,customer_without_address,customer,157,customer:157,transform,client,needs-decision,no billing or shipping address on the source account
low,customer_without_address,customer,158,customer:158,transform,client,needs-decision,no billing or shipping address on the source account
low,customer_without_address,customer,159,customer:159,transform,client,needs-decision,no billing or shipping address on the source account
low,customer_without_address,customer,16,customer:16,transform,client,needs-decision,no billing or shipping address on the source account
low,customer_without_address,customer,160,customer:160,transform,client,needs-decision,no billing or shipping address on the source account
low,customer_without_address,customer,161,customer:161,transform,client,needs-decision,no billing or shipping address on the source account
low,customer_without_address,customer,162,customer:162,transform,client,needs-decision,no billing or shipping address on the source account
low,customer_without_address,customer,163,customer:163,transform,client,needs-decision,no billing or shipping address on the source account
low,customer_without_address,customer,164,customer:164,transform,client,needs-decision,no billing or shipping address on the source account
low,customer_without_address,customer,166,customer:166,transform,client,needs-decision,no billing or shipping address on the source account
low,customer_without_address,customer,167,customer:167,transform,client,needs-decision,no billing or shipping address on the source account
low,customer_without_address,customer,168,customer:168,transform,client,needs-decision,no billing or shipping address on the source account
low,customer_without_address,customer,169,customer:169,transform,client,needs-decision,no billing or shipping address on the source account
low,customer_without_address,customer,17,customer:17,transform,client,needs-decision,no billing or shipping address on the source account
low,customer_without_address,customer,170,customer:170,transform,client,needs-decision,no billing or shipping address on the source account
low,customer_without_address,customer,171,customer:171,transform,client,needs-decision,no billing or shipping address on the source account
low,customer_without_address,customer,172,customer:172,transform,client,needs-decision,no billing or shipping address on the source account
low,customer_without_address,customer,173,customer:173,transform,client,needs-decision,no billing or shipping address on the source account
low,customer_without_address,customer,174,customer:174,transform,client,needs-decision,no billing or shipping address on the source account
low,customer_without_address,customer,175,customer:175,transform,client,needs-decision,no billing or shipping address on the source account
low,customer_without_address,customer,177,customer:177,transform,client,needs-decision,no billing or shipping address on the source account
low,customer_without_address,customer,178,customer:178,transform,client,needs-decision,no billing or shipping address on the source account
low,customer_without_address,customer,179,customer:179,transform,client,needs-decision,no billing or shipping address on the source account
low,customer_without_address,customer,18,customer:18,transform,client,needs-decision,no billing or shipping address on the source account
low,customer_without_address,customer,180,customer:180,transform,client,needs-decision,no billing or shipping address on the source account
low,customer_without_address,customer,181,customer:181,transform,client,needs-decision,no billing or shipping address on the source account
low,customer_without_address,customer,182,customer:182,transform,client,needs-decision,no billing or shipping address on the source account
low,customer_without_address,customer,183,customer:183,transform,client,needs-decision,no billing or shipping address on the source account
low,customer_without_address,customer,19,customer:19,transform,client,needs-decision,no billing or shipping address on the source account
low,customer_without_address,customer,20,customer:20,transform,client,needs-decision,no billing or shipping address on the source account
low,customer_without_address,customer,21,customer:21,transform,client,needs-decision,no billing or shipping address on the source account
low,customer_without_address,customer,22,customer:22,transform,client,needs-decision,no billing or shipping address on the source account
low,customer_without_address,customer,23,customer:23,transform,client,needs-decision,no billing or shipping address on the source account
low,customer_without_address,customer,24,customer:24,transform,client,needs-decision,no billing or shipping address on the source account
low,customer_without_address,customer,25,customer:25,transform,client,needs-decision,no billing or shipping address on the source account
low,customer_without_address,customer,26,customer:26,transform,client,needs-decision,no billing or shipping address on the source account
low,customer_without_address,customer,27,customer:27,transform,client,needs-decision,no billing or shipping address on the source account
low,customer_without_address,customer,4,customer:4,transform,client,needs-decision,no billing or shipping address on the source account
low,customer_without_address,customer,5,customer:5,transform,client,needs-decision,no billing or shipping address on the source account
low,customer_without_address,customer,6,customer:6,transform,client,needs-decision,no billing or shipping address on the source account
low,customer_without_address,customer,7,customer:7,transform,client,needs-decision,no billing or shipping address on the source account
low,customer_without_address,customer,8,customer:8,transform,client,needs-decision,no billing or shipping address on the source account
low,customer_without_address,customer,9,customer:9,transform,client,needs-decision,no billing or shipping address on the source account
low,media_missing_alt,media,1952,zero-2-unisex,transform,client,needs-decision,image has no alt text
low,media_missing_alt,media,1966,warm-up-unisex,transform,client,needs-decision,image has no alt text
low,media_missing_alt,media,1969,warm-up-unisex,transform,client,needs-decision,image has no alt text
low,media_missing_alt,media,1971,warm-up-unisex,transform,client,needs-decision,image has no alt text
low,media_missing_alt,media,1972,warm-up-unisex,transform,client,needs-decision,image has no alt text
low,media_missing_alt,media,1973,warm-up-unisex,transform,client,needs-decision,image has no alt text
low,media_missing_alt,media,1974,warm-up-unisex,transform,client,needs-decision,image has no alt text
low,media_missing_alt,media,1993,velo-pants,transform,client,needs-decision,image has no alt text
low,media_missing_alt,media,1994,velo-pants,transform,client,needs-decision,image has no alt text
low,media_missing_alt,media,1995,velo-pants,transform,client,needs-decision,image has no alt text
low,media_missing_alt,media,1996,velo-pants,transform,client,needs-decision,image has no alt text
low,media_missing_alt,media,1997,velo-pants,transform,client,needs-decision,image has no alt text
low,media_missing_alt,media,2000,velo-jacket,transform,client,needs-decision,image has no alt text
low,media_missing_alt,media,2001,velo-jacket,transform,client,needs-decision,image has no alt text
low,media_missing_alt,media,2002,velo-jacket,transform,client,needs-decision,image has no alt text
low,media_missing_alt,media,2003,velo-jacket,transform,client,needs-decision,image has no alt text
low,media_missing_alt,media,2008,velo-collar-zip,transform,client,needs-decision,image has no alt text
low,media_missing_alt,media,2009,velo-collar-zip,transform,client,needs-decision,image has no alt text
low,media_missing_alt,media,2010,velo-collar-zip,transform,client,needs-decision,image has no alt text
low,media_missing_alt,media,2011,velo-collar-zip,transform,client,needs-decision,image has no alt text
low,media_missing_alt,media,2019,tre-woman,transform,client,needs-decision,image has no alt text
low,media_missing_alt,media,2020,tre-woman,transform,client,needs-decision,image has no alt text
low,media_missing_alt,media,2021,tre-woman,transform,client,needs-decision,image has no alt text
low,media_missing_alt,media,2022,tre-woman,transform,client,needs-decision,image has no alt text
low,media_missing_alt,media,2023,tre-woman,transform,client,needs-decision,image has no alt text
low,media_missing_alt,media,2024,tre-woman,transform,client,needs-decision,image has no alt text
low,media_missing_alt,media,2025,tre-woman,transform,client,needs-decision,image has no alt text
low,media_missing_alt,media,2026,tre-woman,transform,client,needs-decision,image has no alt text
low,media_missing_alt,media,2027,tre-woman,transform,client,needs-decision,image has no alt text
low,media_missing_alt,media,2028,tre-woman,transform,client,needs-decision,image has no alt text
low,media_missing_alt,media,2029,tre-woman,transform,client,needs-decision,image has no alt text
low,media_missing_alt,media,2030,tre-woman,transform,client,needs-decision,image has no alt text
low,media_missing_alt,media,2039,tre-man,transform,client,needs-decision,image has no alt text
low,media_missing_alt,media,2040,tre-man,transform,client,needs-decision,image has no alt text
low,media_missing_alt,media,2041,tre-man,transform,client,needs-decision,image has no alt text
low,media_missing_alt,media,2042,tre-man,transform,client,needs-decision,image has no alt text
low,media_missing_alt,media,2043,tre-man,transform,client,needs-decision,image has no alt text
low,media_missing_alt,media,2044,tre-man,transform,client,needs-decision,image has no alt text
low,media_missing_alt,media,2045,tre-man,transform,client,needs-decision,image has no alt text
low,media_missing_alt,media,2046,tre-man,transform,client,needs-decision,image has no alt text
low,media_missing_alt,media,2047,tre-man,transform,client,needs-decision,image has no alt text
low,media_missing_alt,media,2048,tre-man,transform,client,needs-decision,image has no alt text
low,media_missing_alt,media,2055,stivo-jacket,transform,client,needs-decision,image has no alt text
low,media_missing_alt,media,2090,sette-woman,transform,client,needs-decision,image has no alt text
low,media_missing_alt,media,2091,sette-man,transform,client,needs-decision,image has no alt text
low,media_missing_alt,media,2095,rich-unisex,transform,client,needs-decision,image has no alt text
low,media_missing_alt,media,2096,rich-unisex,transform,client,needs-decision,image has no alt text
low,media_missing_alt,media,2100,quick-unisex,transform,client,needs-decision,image has no alt text
low,media_missing_alt,media,2101,quick-unisex,transform,client,needs-decision,image has no alt text
low,media_missing_alt,media,2102,quick-unisex,transform,client,needs-decision,image has no alt text
low,media_missing_alt,media,2103,quick-unisex,transform,client,needs-decision,image has no alt text
low,media_missing_alt,media,2104,quick-unisex,transform,client,needs-decision,image has no alt text
low,media_missing_alt,media,2105,quick-unisex,transform,client,needs-decision,image has no alt text
low,media_missing_alt,media,2233,fast-3-woman,transform,client,needs-decision,image has no alt text
low,media_missing_alt,media,2234,fast-3-woman,transform,client,needs-decision,image has no alt text
low,media_missing_alt,media,2235,fast-3-woman,transform,client,needs-decision,image has no alt text
low,media_missing_alt,media,2236,fast-3-woman,transform,client,needs-decision,image has no alt text
low,media_missing_alt,media,2257,deva-unisex,transform,client,needs-decision,image has no alt text
low,media_missing_alt,media,2258,deva-unisex,transform,client,needs-decision,image has no alt text
low,media_missing_alt,media,2259,deva-unisex,transform,client,needs-decision,image has no alt text
low,media_missing_alt,media,2260,deva-unisex,transform,client,needs-decision,image has no alt text
low,media_missing_alt,media,2267,deck-2,transform,client,needs-decision,image has no alt text
low,media_missing_alt,media,2268,deck-2,transform,client,needs-decision,image has no alt text
low,media_missing_alt,media,2269,deck-2,transform,client,needs-decision,image has no alt text
low,media_missing_alt,media,2270,deck-2,transform,client,needs-decision,image has no alt text
low,media_missing_alt,media,2271,deck-2,transform,client,needs-decision,image has no alt text
low,media_missing_alt,media,2272,deck-2,transform,client,needs-decision,image has no alt text
low,media_missing_alt,media,2273,deck-2,transform,client,needs-decision,image has no alt text
low,media_missing_alt,media,2274,deck-2,transform,client,needs-decision,image has no alt text
low,media_missing_alt,media,2276,collar-zip-sub-unisex,transform,client,needs-decision,image has no alt text
low,media_missing_alt,media,2279,cinque-t-shirt-woman,transform,client,needs-decision,image has no alt text
low,media_missing_alt,media,2280,cinque-t-shirt-woman,transform,client,needs-decision,image has no alt text
low,media_missing_alt,media,2283,cinque-t-shirt-man,transform,client,needs-decision,image has no alt text
low,media_missing_alt,media,2284,cinque-t-shirt-man,transform,client,needs-decision,image has no alt text
low,media_missing_alt,media,2293,center-unisex,transform,client,needs-decision,image has no alt text
low,media_missing_alt,media,2295,center-unisex,transform,client,needs-decision,image has no alt text
low,media_missing_alt,media,2347,ace-unisex,transform,client,needs-decision,image has no alt text
low,media_missing_alt,media,2356,alex-woman,transform,client,needs-decision,image has no alt text
low,media_missing_alt,media,2357,alex-woman,transform,client,needs-decision,image has no alt text
low,media_missing_alt,media,2358,alex-woman,transform,client,needs-decision,image has no alt text
low,media_missing_alt,media,2359,alex-woman,transform,client,needs-decision,image has no alt text
low,media_missing_alt,media,2360,alex-woman,transform,client,needs-decision,image has no alt text
low,media_missing_alt,media,2361,alex-woman,transform,client,needs-decision,image has no alt text
low,media_missing_alt,media,2365,alex-man,transform,client,needs-decision,image has no alt text
low,media_missing_alt,media,2366,alex-man,transform,client,needs-decision,image has no alt text
low,media_missing_alt,media,2367,alex-man,transform,client,needs-decision,image has no alt text
low,media_missing_alt,media,2368,alex-man,transform,client,needs-decision,image has no alt text
low,media_missing_alt,media,2600,italian-volleyball-jersey,transform,client,needs-decision,image has no alt text
low,media_missing_alt,media,2690,ace-unisex,transform,client,needs-decision,image has no alt text
low,media_missing_alt,media,2691,ace-unisex,transform,client,needs-decision,image has no alt text
low,media_missing_alt,media,2692,ace-unisex,transform,client,needs-decision,image has no alt text
low,media_missing_alt,media,2693,ace-unisex,transform,client,needs-decision,image has no alt text
low,media_missing_alt,media,2694,ace-unisex,transform,client,needs-decision,image has no alt text
low,media_missing_alt,media,2740,knee-pads-spike,transform,client,needs-decision,image has no alt text
low,media_missing_alt,media,2743,knee-pads-spike,transform,client,needs-decision,image has no alt text
low,media_missing_alt,media,2746,knee-pads-spike,transform,client,needs-decision,image has no alt text
low,media_missing_alt,media,2750,knee-pads-sleek,transform,client,needs-decision,image has no alt text
low,media_missing_alt,media,2755,knee-pads-sleek,transform,client,needs-decision,image has no alt text
low,media_missing_alt,media,2776,ace-unisex,transform,client,needs-decision,image has no alt text
low,media_missing_alt,media,2813,jordy-man,transform,client,needs-decision,image has no alt text
low,media_missing_alt,media,2814,jordy-man,transform,client,needs-decision,image has no alt text
low,media_missing_alt,media,2815,jordy-man,transform,client,needs-decision,image has no alt text
low,media_missing_alt,media,2818,baldo-jacket,transform,client,needs-decision,image has no alt text
low,media_missing_alt,media,2818,slide-zip,transform,client,needs-decision,image has no alt text
low,media_missing_alt,media,2819,baldo-jacket,transform,client,needs-decision,image has no alt text
low,media_missing_alt,media,2819,slide-zip,transform,client,needs-decision,image has no alt text
low,media_missing_alt,media,2820,baldo-jacket,transform,client,needs-decision,image has no alt text
low,media_missing_alt,media,2820,slide-zip,transform,client,needs-decision,image has no alt text
low,media_missing_alt,media,2821,baldo-jacket,transform,client,needs-decision,image has no alt text
low,media_missing_alt,media,2821,slide-zip,transform,client,needs-decision,image has no alt text
low,media_missing_alt,media,2844,zero-2-unisex,transform,client,needs-decision,image has no alt text
low,media_missing_alt,media,2854,zero-2-unisex,transform,client,needs-decision,image has no alt text
low,media_missing_alt,media,2922,elbow-pads,transform,client,needs-decision,image has no alt text
low,media_missing_alt,media,3134,arm-sleeves,transform,client,needs-decision,image has no alt text
low,media_missing_alt,media,3135,arm-sleeves,transform,client,needs-decision,image has no alt text
low,media_missing_alt,media,3137,arm-sleeves,transform,client,needs-decision,image has no alt text
low,media_missing_alt,media,3149,center-unisex,transform,client,needs-decision,image has no alt text
low,media_missing_alt,media,3150,center-unisex,transform,client,needs-decision,image has no alt text
low,media_missing_alt,media,3151,center-unisex,transform,client,needs-decision,image has no alt text
low,media_missing_alt,media,3152,center-unisex,transform,client,needs-decision,image has no alt text
low,media_missing_alt,media,3156,modena-volley-jersey,transform,client,needs-decision,image has no alt text
low,media_missing_alt,media,3157,modena-volley-jersey,transform,client,needs-decision,image has no alt text
low,media_missing_alt,media,3171,modena-volley-jersey,transform,client,needs-decision,image has no alt text
low,media_missing_alt,media,3302,modena-volley-shorts,transform,client,needs-decision,image has no alt text
low,media_missing_alt,media,3307,modena-volley-jersey,transform,client,needs-decision,image has no alt text
low,media_missing_alt,media,3309,stivo-pants,transform,client,needs-decision,image has no alt text
low,media_missing_alt,media,3311,stivo-jacket,transform,client,needs-decision,image has no alt text
low,media_missing_alt,media,3314,baldo-hoodie,transform,client,needs-decision,image has no alt text
low,media_missing_alt,media,3315,calle-2,transform,client,needs-decision,image has no alt text
low,media_missing_alt,media,3318,pipe-2-woman,transform,client,needs-decision,image has no alt text
low,media_missing_alt,media,3322,knee-pads-sleek,transform,client,needs-decision,image has no alt text
low,media_missing_alt,media,3324,ponale-jacket,transform,client,needs-decision,image has no alt text
low,media_missing_alt,media,3325,ora,transform,client,needs-decision,image has no alt text
low,media_missing_alt,media,3328,fast-3-woman,transform,client,needs-decision,image has no alt text
low,media_missing_alt,media,3330,knee-pads-spike,transform,client,needs-decision,image has no alt text
low,media_missing_alt,media,3331,ponale-sweater,transform,client,needs-decision,image has no alt text
low,media_missing_alt,media,3333,quick-2-unisex,transform,client,needs-decision,image has no alt text
low,media_missing_alt,media,3335,arm-sleeves-net,transform,client,needs-decision,image has no alt text
low,media_missing_alt,media,3336,nago,transform,client,needs-decision,image has no alt text
low,media_missing_alt,media,3337,nine-jump-socks-1-pair-pack,transform,client,needs-decision,image has no alt text
low,media_missing_alt,media,3338,baldo-pants,transform,client,needs-decision,image has no alt text
low,media_missing_alt,media,3340,baldo-collar-zip,transform,client,needs-decision,image has no alt text
low,media_missing_alt,media,3403,modena-volley-shorts,transform,client,needs-decision,image has no alt text
low,media_missing_alt,media,3405,modena-volley-jersey,transform,client,needs-decision,image has no alt text
low,media_missing_alt,media,3405,italian-volleyball-jersey,transform,client,needs-decision,image has no alt text
low,media_missing_alt,media,3407,zero-2-unisex,transform,client,needs-decision,image has no alt text
low,media_missing_alt,media,3408,zero-2-unisex,transform,client,needs-decision,image has no alt text
low,media_missing_alt,media,3409,zero-2-unisex,transform,client,needs-decision,image has no alt text
low,media_missing_alt,media,3410,zero-2-unisex,transform,client,needs-decision,image has no alt text
low,media_missing_alt,media,3411,zero-2-unisex,transform,client,needs-decision,image has no alt text
low,media_missing_alt,media,3412,zero-2-unisex,transform,client,needs-decision,image has no alt text
low,media_missing_alt,media,3413,zero-2-unisex,transform,client,needs-decision,image has no alt text
low,media_missing_alt,media,3414,zero-2-unisex,transform,client,needs-decision,image has no alt text
low,media_missing_alt,media,3415,zero-2-unisex,transform,client,needs-decision,image has no alt text
low,media_missing_alt,media,3416,zero-2-unisex,transform,client,needs-decision,image has no alt text
low,media_missing_alt,media,3417,zero-2-unisex,transform,client,needs-decision,image has no alt text
low,media_missing_alt,media,3418,zero-2-unisex,transform,client,needs-decision,image has no alt text
low,media_missing_alt,media,3419,zero-2-unisex,transform,client,needs-decision,image has no alt text
low,media_missing_alt,media,3420,zero-2-unisex,transform,client,needs-decision,image has no alt text
low,media_missing_alt,media,3421,stivo-pants,transform,client,needs-decision,image has no alt text
low,media_missing_alt,media,3422,stivo-jacket,transform,client,needs-decision,image has no alt text
low,media_missing_alt,media,3425,knee-pads-spike,transform,client,needs-decision,image has no alt text
low,media_missing_alt,media,3426,knee-pads-spike,transform,client,needs-decision,image has no alt text
low,media_missing_alt,media,3427,knee-pads-spike,transform,client,needs-decision,image has no alt text
low,media_missing_alt,media,3428,knee-pads-spike,transform,client,needs-decision,image has no alt text
low,media_missing_alt,media,3429,knee-pads-spike,transform,client,needs-decision,image has no alt text
low,media_missing_alt,media,3430,knee-pads-spike,transform,client,needs-decision,image has no alt text
low,media_missing_alt,media,3431,knee-pads-spike,transform,client,needs-decision,image has no alt text
low,media_missing_alt,media,3432,knee-pads-spike,transform,client,needs-decision,image has no alt text
low,media_missing_alt,media,3434,knee-pads-sleek,transform,client,needs-decision,image has no alt text
low,media_missing_alt,media,3435,knee-pads-sleek,transform,client,needs-decision,image has no alt text
low,media_missing_alt,media,3436,knee-pads-sleek,transform,client,needs-decision,image has no alt text
low,media_missing_alt,media,3437,knee-pads-sleek,transform,client,needs-decision,image has no alt text
low,media_missing_alt,media,3438,knee-pads-sleek,transform,client,needs-decision,image has no alt text
low,media_missing_alt,media,3439,knee-pads-sleek,transform,client,needs-decision,image has no alt text
low,media_missing_alt,media,3440,quick-2-unisex,transform,client,needs-decision,image has no alt text
low,media_missing_alt,media,3441,quick-2-unisex,transform,client,needs-decision,image has no alt text
low,media_missing_alt,media,3442,quick-2-unisex,transform,client,needs-decision,image has no alt text
low,media_missing_alt,media,3443,quick-2-unisex,transform,client,needs-decision,image has no alt text
low,media_missing_alt,media,3444,quick-2-unisex,transform,client,needs-decision,image has no alt text
low,media_missing_alt,media,3445,quick-2-unisex,transform,client,needs-decision,image has no alt text
low,media_missing_alt,media,3446,quick-2-unisex,transform,client,needs-decision,image has no alt text
low,media_missing_alt,media,3447,quick-2-unisex,transform,client,needs-decision,image has no alt text
low,media_missing_alt,media,3448,ponale-sweater,transform,client,needs-decision,image has no alt text
low,media_missing_alt,media,3449,ponale-sweater,transform,client,needs-decision,image has no alt text
low,media_missing_alt,media,3450,ponale-sweater,transform,client,needs-decision,image has no alt text
low,media_missing_alt,media,3451,ponale-sweater,transform,client,needs-decision,image has no alt text
low,media_missing_alt,media,3452,ponale-sweater,transform,client,needs-decision,image has no alt text
low,media_missing_alt,media,3453,ponale-sweater,transform,client,needs-decision,image has no alt text
low,media_missing_alt,media,3454,ponale-pants,transform,client,needs-decision,image has no alt text
low,media_missing_alt,media,3455,ponale-pants,transform,client,needs-decision,image has no alt text
low,media_missing_alt,media,3456,ponale-pants,transform,client,needs-decision,image has no alt text
low,media_missing_alt,media,3457,ponale-pants,transform,client,needs-decision,image has no alt text
low,media_missing_alt,media,3459,ponale-jacket,transform,client,needs-decision,image has no alt text
low,media_missing_alt,media,3460,ponale-jacket,transform,client,needs-decision,image has no alt text
low,media_missing_alt,media,3461,ponale-jacket,transform,client,needs-decision,image has no alt text
low,media_missing_alt,media,3462,ponale-jacket,transform,client,needs-decision,image has no alt text
low,media_missing_alt,media,3463,ponale-jacket,transform,client,needs-decision,image has no alt text
low,media_missing_alt,media,3464,ponale-jacket,transform,client,needs-decision,image has no alt text
low,media_missing_alt,media,3465,ora,transform,client,needs-decision,image has no alt text
low,media_missing_alt,media,3466,ora,transform,client,needs-decision,image has no alt text
low,media_missing_alt,media,3467,ora,transform,client,needs-decision,image has no alt text
low,media_missing_alt,media,3469,pipe-2-man,transform,client,needs-decision,image has no alt text
low,media_missing_alt,media,3470,pipe-2-man,transform,client,needs-decision,image has no alt text
low,media_missing_alt,media,3471,pipe-2-man,transform,client,needs-decision,image has no alt text
low,media_missing_alt,media,3472,pipe-2-man,transform,client,needs-decision,image has no alt text
low,media_missing_alt,media,3473,pipe-2-man,transform,client,needs-decision,image has no alt text
low,media_missing_alt,media,3474,pipe-2-man,transform,client,needs-decision,image has no alt text
low,media_missing_alt,media,3475,pipe-2-man,transform,client,needs-decision,image has no alt text
low,media_missing_alt,media,3476,pipe-2-man,transform,client,needs-decision,image has no alt text
low,media_missing_alt,media,3477,pipe-2-man,transform,client,needs-decision,image has no alt text
low,media_missing_alt,media,3478,pipe-2-man,transform,client,needs-decision,image has no alt text
low,media_missing_alt,media,3479,pipe-2-man,transform,client,needs-decision,image has no alt text
low,media_missing_alt,media,3480,pipe-2-woman,transform,client,needs-decision,image has no alt text
low,media_missing_alt,media,3481,pipe-2-woman,transform,client,needs-decision,image has no alt text
low,media_missing_alt,media,3482,pipe-2-woman,transform,client,needs-decision,image has no alt text
low,media_missing_alt,media,3483,pipe-2-woman,transform,client,needs-decision,image has no alt text
low,media_missing_alt,media,3484,pipe-2-woman,transform,client,needs-decision,image has no alt text
low,media_missing_alt,media,3485,pipe-2-woman,transform,client,needs-decision,image has no alt text
low,media_missing_alt,media,3486,pipe-2-woman,transform,client,needs-decision,image has no alt text
low,media_missing_alt,media,3487,pipe-2-woman,transform,client,needs-decision,image has no alt text
low,media_missing_alt,media,3488,pipe-2-woman,transform,client,needs-decision,image has no alt text
low,media_missing_alt,media,3490,arm-sleeves-net,transform,client,needs-decision,image has no alt text
low,media_missing_alt,media,3491,arm-sleeves-net,transform,client,needs-decision,image has no alt text
low,media_missing_alt,media,3492,arm-sleeves-net,transform,client,needs-decision,image has no alt text
low,media_missing_alt,media,3493,arm-sleeves-net,transform,client,needs-decision,image has no alt text
low,media_missing_alt,media,3494,arm-sleeves-net,transform,client,needs-decision,image has no alt text
low,media_missing_alt,media,3495,arm-sleeves-net,transform,client,needs-decision,image has no alt text
low,media_missing_alt,media,3498,baldo-hoodie,transform,client,needs-decision,image has no alt text
low,media_missing_alt,media,3500,baldo-hoodie,transform,client,needs-decision,image has no alt text
low,media_missing_alt,media,3501,baldo-hoodie,transform,client,needs-decision,image has no alt text
low,media_missing_alt,media,3502,baldo-hoodie,transform,client,needs-decision,image has no alt text
low,media_missing_alt,media,3503,baldo-hoodie,transform,client,needs-decision,image has no alt text
low,media_missing_alt,media,3505,baldo-collar-zip,transform,client,needs-decision,image has no alt text
low,media_missing_alt,media,3506,baldo-collar-zip,transform,client,needs-decision,image has no alt text
low,media_missing_alt,media,3507,baldo-collar-zip,transform,client,needs-decision,image has no alt text
low,media_missing_alt,media,3508,baldo-collar-zip,transform,client,needs-decision,image has no alt text
low,media_missing_alt,media,3509,baldo-collar-zip,transform,client,needs-decision,image has no alt text
low,media_missing_alt,media,3510,baldo-collar-zip,transform,client,needs-decision,image has no alt text
low,media_missing_alt,media,3512,baldo-pants,transform,client,needs-decision,image has no alt text
low,media_missing_alt,media,3513,baldo-pants,transform,client,needs-decision,image has no alt text
low,media_missing_alt,media,3514,baldo-pants,transform,client,needs-decision,image has no alt text
low,media_missing_alt,media,3515,baldo-pants,transform,client,needs-decision,image has no alt text
low,media_missing_alt,media,3516,calle-2,transform,client,needs-decision,image has no alt text
low,media_missing_alt,media,3517,calle-2,transform,client,needs-decision,image has no alt text
low,media_missing_alt,media,3518,calle-2,transform,client,needs-decision,image has no alt text
low,media_missing_alt,media,3519,calle-2,transform,client,needs-decision,image has no alt text
low,media_missing_alt,media,3520,calle-2,transform,client,needs-decision,image has no alt text
low,media_missing_alt,media,3521,calle-2,transform,client,needs-decision,image has no alt text
low,media_missing_alt,media,3522,calle-2,transform,client,needs-decision,image has no alt text
low,media_missing_alt,media,3523,calle-2,transform,client,needs-decision,image has no alt text
low,media_missing_alt,media,3524,calle-2,transform,client,needs-decision,image has no alt text
low,media_missing_alt,media,3525,calle-2,transform,client,needs-decision,image has no alt text
low,media_missing_alt,media,3526,nago,transform,client,needs-decision,image has no alt text
low,media_missing_alt,media,3527,nago,transform,client,needs-decision,image has no alt text
low,media_missing_alt,media,3528,nago,transform,client,needs-decision,image has no alt text
low,media_missing_alt,media,3529,nago,transform,client,needs-decision,image has no alt text
low,media_missing_alt,media,3567,provolley-winter-pants-teamwear-2024,transform,client,needs-decision,image has no alt text
low,media_missing_alt,media,3567,hoodie-pants-winter-2024,transform,client,needs-decision,image has no alt text
low,media_missing_alt,media,3584,provolley-winter-pants-teamwear-2024,transform,client,needs-decision,image has no alt text
low,media_missing_alt,media,3596,provolley-winter-hoodie-2024,transform,client,needs-decision,image has no alt text
low,media_missing_alt,media,3596,provolley-winter-pants-teamwear-2024,transform,client,needs-decision,image has no alt text
low,media_missing_alt,media,3606,beach-volley-shorts-ibiza-black,transform,client,needs-decision,image has no alt text
low,media_missing_alt,media,3624,beach-volley-shorts-ibiza-purple,transform,client,needs-decision,image has no alt text
low,media_missing_alt,media,3634,beach-volley-shorts-osaka-man,transform,client,needs-decision,image has no alt text
low,media_missing_alt,media,3635,beach-volley-shorts-ibiza-white,transform,client,needs-decision,image has no alt text
low,media_missing_alt,media,3655,beach-volley-shorts-tijuana-man-black,transform,client,needs-decision,image has no alt text
low,media_missing_alt,media,3735,beach-volley-shorts-tijuana-green,transform,client,needs-decision,image has no alt text
low,media_missing_alt,media,3748,nine-womens-shorts-ibiza,transform,client,needs-decision,image has no alt text
low,media_missing_alt,media,3750,beach-volley-womens-shorts-ibiza,transform,client,needs-decision,image has no alt text
low,media_missing_alt,media,3751,beach-volley-womens-shorts-ibiza-purple,transform,client,needs-decision,image has no alt text
low,media_missing_alt,media,3786,beach-volley-shorts-tijuana-green,transform,client,needs-decision,image has no alt text
low,media_missing_alt,media,3786,beach-volley-mens-shorts-osaka-black-orca,transform,client,needs-decision,image has no alt text
low,media_missing_alt,media,3796,beach-volley-mens-shorts-modena-volley,transform,client,needs-decision,image has no alt text
low,media_missing_alt,media,3797,beach-volley-mens-shorts-modena-volley,transform,client,needs-decision,image has no alt text
low,media_missing_alt,media,3807,beach-volley-mens-shorts-osaka-black-orca,transform,client,needs-decision,image has no alt text
low,media_missing_alt,media,3818,beach-volley-womens-shorts-tijuana-black,transform,client,needs-decision,image has no alt text
low,media_missing_alt,media,3828,beach-volley-womens-shorts-modena-volley,transform,client,needs-decision,image has no alt text
low,media_missing_alt,media,3829,beach-volley-womens-shorts-modena-volley,transform,client,needs-decision,image has no alt text
low,media_missing_alt,media,3830,nine-singlet-modena-volley,transform,client,needs-decision,image has no alt text
low,media_missing_alt,media,3841,beach-volley-singlet-ibiza-purple,transform,client,needs-decision,image has no alt text
low,media_missing_alt,media,3848,beach-volley-singlet-ibiza-white,transform,client,needs-decision,image has no alt text
low,media_missing_alt,media,3856,beach-volley-singlet-osaka-ocean,transform,client,needs-decision,image has no alt text
low,media_missing_alt,media,3861,beach-volley-singlet-tijuana-yellow,transform,client,needs-decision,image has no alt text
low,media_missing_alt,media,3871,beach-volleyball-crop-top-modena-volley,transform,client,needs-decision,image has no alt text
low,media_missing_alt,media,3872,beach-volleyball-crop-top-modena-volley,transform,client,needs-decision,image has no alt text
low,media_missing_alt,media,3873,beach-volleyball-crop-top-modena-volley,transform,client,needs-decision,image has no alt text
low,media_missing_alt,media,3878,beach-volleyball-crop-top-ibiza-white,transform,client,needs-decision,image has no alt text
low,media_missing_alt,media,3885,beach-volleyball-crop-top-ibiza-purple,transform,client,needs-decision,image has no alt text
low,media_missing_alt,media,3896,beach-volleyball-crop-top-ibiza-black,transform,client,needs-decision,image has no alt text
low,media_missing_alt,media,3901,beach-volleyball-crop-top-osaka-river,transform,client,needs-decision,image has no alt text
low,media_missing_alt,media,3904,beach-volleyball-crop-top-osaka-ocean,transform,client,needs-decision,image has no alt text
low,media_missing_alt,media,3914,beach-volleyball-crop-top-tijuana-yeallow,transform,client,needs-decision,image has no alt text
low,media_missing_alt,media,3917,beach-volleyball-crop-top-tijuana-yeallow,transform,client,needs-decision,image has no alt text
low,media_missing_alt,media,3919,beach-volleyball-crop-top-tijuana-green,transform,client,needs-decision,image has no alt text
low,media_missing_alt,media,3927,nine-rain-jacket-osaka-ocean,transform,client,needs-decision,image has no alt text
low,media_missing_alt,media,3929,nine-rain-jacket-osaka-ocean,transform,client,needs-decision,image has no alt text
low,media_missing_alt,media,3933,nine-rain-jacket-ibiza-white,transform,client,needs-decision,image has no alt text
low,media_missing_alt,media,3934,nine-rain-jacket-ibiza-white,transform,client,needs-decision,image has no alt text
low,media_missing_alt,media,3935,nine-rain-jacket-nine,transform,client,needs-decision,image has no alt text
low,media_missing_alt,media,3936,nine-rain-jacket-nine,transform,client,needs-decision,image has no alt text
low,media_missing_alt,media,3945,provolley-training-t-shirt-zero-2-yellow,transform,client,needs-decision,image has no alt text
low,media_missing_alt,media,3946,provolley-training-t-shirt-zero-2-yellow,transform,client,needs-decision,image has no alt text
low,media_missing_alt,media,3963,provolley-training-t-shirt,transform,client,needs-decision,image has no alt text
low,media_missing_alt,media,3964,provolley-training-t-shirt,transform,client,needs-decision,image has no alt text
low,media_missing_alt,media,3971,provolley-premium-t-shirt-cinque-men,transform,client,needs-decision,image has no alt text
low,media_missing_alt,media,3971,provolley-premium-tshirt-cinque-women,transform,client,needs-decision,image has no alt text
low,media_missing_alt,media,3972,provolley-premium-t-shirt-cinque-men,transform,client,needs-decision,image has no alt text
low,media_missing_alt,media,3972,provolley-premium-tshirt-cinque-women,transform,client,needs-decision,image has no alt text
low,media_missing_alt,media,3985,beach-volley-bikini-bottoms-black,transform,client,needs-decision,image has no alt text
low,media_missing_alt,media,3995,beach-volley-bikini-bottoms-white,transform,client,needs-decision,image has no alt text
low,media_missing_alt,media,4002,beach-volley-bikini-bottoms-purple,transform,client,needs-decision,image has no alt text
low,media_missing_alt,media,4010,beach-volley-bikini-bottoms-modenavolley,transform,client,needs-decision,image has no alt text
low,media_missing_alt,media,4016,beach-bikini-bottoms-tijuana-green,transform,client,needs-decision,image has no alt text
low,media_missing_alt,media,4017,beac-volley-bikini-bottoms-women-osaka-river,transform,client,needs-decision,image has no alt text
low,media_missing_alt,media,4018,beach-volley-bikini-bottoms-tijuana-black,transform,client,needs-decision,image has no alt text
low,media_missing_alt,media,4018,beac-volley-bikini-bottoms-women-osaka-river,transform,client,needs-decision,image has no alt text
low,media_missing_alt,media,4024,nine-volleyball-x-tape,transform,client,needs-decision,image has no alt text
low,media_missing_alt,media,4025,nine-volleyball-x-tape,transform,client,needs-decision,image has no alt text
low,media_missing_alt,media,4026,nine-volleyball-x-tape,transform,client,needs-decision,image has no alt text
low,media_missing_alt,media,4027,nine-volleyball-x-tape,transform,client,needs-decision,image has no alt text
low,media_missing_alt,media,4109,coaching-board,transform,client,needs-decision,image has no alt text
low,media_missing_alt,media,4111,coaching-board,transform,client,needs-decision,image has no alt text
low,media_missing_alt,media,4228,nine-rain-jacket-osaka-ocean,transform,client,needs-decision,image has no alt text
low,media_missing_alt,media,4229,nine-rain-jacket-nine,transform,client,needs-decision,image has no alt text
low,media_missing_alt,media,4230,nine-rain-jacket-ibiza-white,transform,client,needs-decision,image has no alt text
low,media_missing_alt,media,4302,pipe-2-man,transform,client,needs-decision,image has no alt text
low,media_missing_alt,media,4304,beach-volley-singlet-ibiza-purple,transform,client,needs-decision,image has no alt text
low,media_missing_alt,media,4305,beach-volley-singlet-tijuana-yellow,transform,client,needs-decision,image has no alt text
low,media_missing_alt,media,4306,beach-volley-singlet-osaka-ocean,transform,client,needs-decision,image has no alt text
low,media_missing_alt,media,4307,beach-volley-singlet-ibiza-white,transform,client,needs-decision,image has no alt text
low,media_missing_alt,media,4308,nine-singlet-modena-volley,transform,client,needs-decision,image has no alt text
low,media_missing_alt,media,4309,beach-volley-bikini-bottoms-modenavolley,transform,client,needs-decision,image has no alt text
low,media_missing_alt,media,4310,beach-volleyball-crop-top-modena-volley,transform,client,needs-decision,image has no alt text
low,media_missing_alt,media,4311,provolley-premium-t-shirt-cinque-men,transform,client,needs-decision,image has no alt text
low,media_missing_alt,media,4311,provolley-premium-tshirt-cinque-women,transform,client,needs-decision,image has no alt text
low,media_missing_alt,media,4877,innerwestvolley-womens-shorts-black-white,transform,client,needs-decision,image has no alt text
low,media_missing_alt,media,4878,innerwestvolley-womens-shorts-black-white,transform,client,needs-decision,image has no alt text
low,media_missing_alt,media,4956,inner-west-volley-mens-jersey-black-white,transform,client,needs-decision,image has no alt text
low,media_missing_alt,media,4958,inner-west-volley-mens-jersey-black-white,transform,client,needs-decision,image has no alt text
low,media_missing_alt,media,4963,inner-west-volley-mens-jersey-black-white,transform,client,needs-decision,image has no alt text
low,media_missing_alt,media,4966,inner-west-volley-men-shorts-black-white,transform,client,needs-decision,image has no alt text
low,media_missing_alt,media,4967,inner-west-volley-men-shorts-black-white,transform,client,needs-decision,image has no alt text
low,media_missing_alt,media,4968,inner-west-volley-men-shorts-black-white,transform,client,needs-decision,image has no alt text
low,media_missing_alt,media,4969,inner-west-volley-men-shorts-black-white,transform,client,needs-decision,image has no alt text
low,media_missing_alt,media,4970,inner-west-volley-mens-jersey-black-white,transform,client,needs-decision,image has no alt text
low,media_missing_alt,media,5577,presser-polo-t-shirt,transform,client,needs-decision,image has no alt text
low,media_missing_alt,media,5578,presser-polo-t-shirt,transform,client,needs-decision,image has no alt text
low,media_missing_alt,media,6452,provolley-winter-hoodie-2024,transform,client,needs-decision,image has no alt text
low,media_missing_alt,media,6455,provolley-winter-pants-teamwear-2024,transform,client,needs-decision,image has no alt text
low,page_duplicate_suffix,page,1687,1687-2,transform,client,needs-decision,slug looks like a WordPress duplicate; confirm the canonical page
low,page_duplicate_suffix,page,221,blog-2,transform,client,needs-decision,slug looks like a WordPress duplicate; confirm the canonical page
low,page_duplicate_suffix,page,4625,wishlist-2,transform,client,needs-decision,slug looks like a WordPress duplicate; confirm the canonical page
low,page_duplicate_suffix,page,47,cart-2,transform,client,needs-decision,slug looks like a WordPress duplicate; confirm the canonical page
low,page_duplicate_suffix,page,48,checkout-2,transform,client,needs-decision,slug looks like a WordPress duplicate; confirm the canonical page
low,page_duplicate_suffix,page,49,my-account-2,transform,client,needs-decision,slug looks like a WordPress duplicate; confirm the canonical page
low,seo_description_missing,product,1581,alex-man,transform,client,needs-decision,no Yoast meta description; Shopify SEO description left empty
low,seo_description_missing,product,1582,alex-woman,transform,client,needs-decision,no Yoast meta description; Shopify SEO description left empty
low,seo_description_missing,product,1601,cinque-t-shirt-man,transform,client,needs-decision,no Yoast meta description; Shopify SEO description left empty
low,seo_description_missing,product,1602,cinque-t-shirt-woman,transform,client,needs-decision,no Yoast meta description; Shopify SEO description left empty
low,seo_description_missing,product,1603,collar-zip-sub-unisex,transform,client,needs-decision,no Yoast meta description; Shopify SEO description left empty
low,seo_description_missing,product,1605,deck-2,transform,client,needs-decision,no Yoast meta description; Shopify SEO description left empty
low,seo_description_missing,product,1606,deva-unisex,transform,client,needs-decision,no Yoast meta description; Shopify SEO description left empty
low,seo_description_missing,product,1633,quick-unisex,transform,client,needs-decision,no Yoast meta description; Shopify SEO description left empty
low,seo_description_missing,product,1634,rich-unisex,transform,client,needs-decision,no Yoast meta description; Shopify SEO description left empty
low,seo_description_missing,product,1648,tre-man,transform,client,needs-decision,no Yoast meta description; Shopify SEO description left empty
low,seo_description_missing,product,1649,tre-woman,transform,client,needs-decision,no Yoast meta description; Shopify SEO description left empty
low,seo_description_missing,product,1650,velo-collar-zip,transform,client,needs-decision,no Yoast meta description; Shopify SEO description left empty
low,seo_description_missing,product,1652,velo-jacket,transform,client,needs-decision,no Yoast meta description; Shopify SEO description left empty
low,seo_description_missing,product,1654,velo-pants,transform,client,needs-decision,no Yoast meta description; Shopify SEO description left empty
low,seo_description_missing,product,5434,presser-polo-t-shirt,transform,client,needs-decision,no Yoast meta description; Shopify SEO description left empty
low,seo_description_missing,product,6242,provolley-brione-full-zip-track-jacket,transform,client,needs-decision,no Yoast meta description; Shopify SEO description left empty
low,seo_description_missing,product,6253,provolley-brione-track-pants,transform,client,needs-decision,no Yoast meta description; Shopify SEO description left empty
low,seo_description_missing,product,6479,carrum-mens-t-shirt,transform,client,needs-decision,no Yoast meta description; Shopify SEO description left empty
low,seo_description_missing,product,6496,carrum-mens-shorts-black-and-yellow,transform,client,needs-decision,no Yoast meta description; Shopify SEO description left empty
low,seo_description_missing,product,6512,carrum-womens-jersey-black-and-yellow,transform,client,needs-decision,no Yoast meta description; Shopify SEO description left empty
low,seo_description_missing,product,6527,carrum-womens-shorts-black-and-yellow,transform,client,needs-decision,no Yoast meta description; Shopify SEO description left empty
low,seo_description_missing,product,6542,inner-west-volley-mens-polo-shirt,transform,client,needs-decision,no Yoast meta description; Shopify SEO description left empty
low,seo_description_missing,product,6548,inner-west-volley-female-polo-shirt,transform,client,needs-decision,no Yoast meta description; Shopify SEO description left empty
low,seo_description_missing,product,6554,royal-male-t-shirt,transform,client,needs-decision,no Yoast meta description; Shopify SEO description left empty
low,seo_description_missing,product,6562,royal-male-t-shirt-2,transform,client,needs-decision,no Yoast meta description; Shopify SEO description left empty
low,seo_description_missing,product,6575,provolley-unisex-hats,transform,client,needs-decision,no Yoast meta description; Shopify SEO description left empty
low,seo_description_missing,product,6577,inner-west-volley-unisex-hats,transform,client,needs-decision,no Yoast meta description; Shopify SEO description left empty
low,seo_description_missing,product,6579,inner-west-volley-womens-old-style,transform,client,needs-decision,no Yoast meta description; Shopify SEO description left empty
low,seo_description_missing,product,6586,provolley-womens-old-style-short,transform,client,needs-decision,no Yoast meta description; Shopify SEO description left empty
low,seo_description_missing,product,6593,royal-unisex-jacket,transform,client,needs-decision,no Yoast meta description; Shopify SEO description left empty
low,seo_description_missing,product,6601,royal-unisex-pants-black,transform,client,needs-decision,no Yoast meta description; Shopify SEO description left empty
low,seo_description_missing,product,6609,modena-unisex-jacket,transform,client,needs-decision,no Yoast meta description; Shopify SEO description left empty
low,seo_description_missing,product,6636,provolley-kids-training-shorts,transform,client,needs-decision,no Yoast meta description; Shopify SEO description left empty
low,seo_description_missing,product,6642,provolley-men-old-style-shorts,transform,client,needs-decision,no Yoast meta description; Shopify SEO description left empty
low,seo_description_missing,product,6648,provolley-kids-training-t-shirt,transform,client,needs-decision,no Yoast meta description; Shopify SEO description left empty
low,seo_description_missing,product,6653,provolley-kids-t-shirt-with-number,transform,client,needs-decision,no Yoast meta description; Shopify SEO description left empty
low,seo_description_missing,product,6692,val-jacket,transform,client,needs-decision,no Yoast meta description; Shopify SEO description left empty
low,seo_description_missing,product,6695,val-polo-mens,transform,client,needs-decision,no Yoast meta description; Shopify SEO description left empty
low,seo_description_missing,product,6697,looney-tunes-kids-short,transform,client,needs-decision,no Yoast meta description; Shopify SEO description left empty
low,seo_description_missing,product,6699,italia-looney-tunes-kid-shirt,transform,client,needs-decision,no Yoast meta description; Shopify SEO description left empty
low,seo_description_missing,product,6701,val-male-t-shirt,transform,client,needs-decision,no Yoast meta description; Shopify SEO description left empty
low,seo_description_missing,product,6706,mizuno-t-shirt,transform,client,needs-decision,no Yoast meta description; Shopify SEO description left empty
low,seo_description_missing,product,6710,petrol-short-light-female,transform,client,needs-decision,no Yoast meta description; Shopify SEO description left empty
low,seo_description_missing,product,6716,spikers-turf-t-shirt,transform,client,needs-decision,no Yoast meta description; Shopify SEO description left empty
low,seo_description_missing,product,6758,provolley-womens-jersey,transform,client,needs-decision,no Yoast meta description; Shopify SEO description left empty
low,seo_description_missing,product,6768,sette-shirt,transform,client,needs-decision,no Yoast meta description; Shopify SEO description left empty
low,seo_description_missing,product,6773,mv-jackets,transform,client,needs-decision,no Yoast meta description; Shopify SEO description left empty
low,seo_description_missing,product,6777,ebayte-unisex,transform,client,needs-decision,no Yoast meta description; Shopify SEO description left empty
low,seo_description_missing,product,6779,tennessee-shirt,transform,client,needs-decision,no Yoast meta description; Shopify SEO description left empty
low,seo_description_missing,product,6781,macron-shirt-kids,transform,client,needs-decision,no Yoast meta description; Shopify SEO description left empty
low,seo_description_missing,product,6783,pallavalo-shirt,transform,client,needs-decision,no Yoast meta description; Shopify SEO description left empty
low,seo_description_missing,product,6787,isol-casa-black,transform,client,needs-decision,no Yoast meta description; Shopify SEO description left empty
low,seo_description_missing,product,6789,kdu-shirt,transform,client,needs-decision,no Yoast meta description; Shopify SEO description left empty
low,seo_description_missing,product,6801,innerwest-volley-brione-jacket,transform,client,needs-decision,no Yoast meta description; Shopify SEO description left empty
low,seo_description_missing,product,6809,innerwest-volley-brione-pants-trousers,transform,client,needs-decision,no Yoast meta description; Shopify SEO description left empty
low,single_value_option_dropped,product,1586,baldo-collar-zip,transform,purpl,resolved,option 'Size' has one value across all variations; dropped so the product is single-variant
low,single_value_option_dropped,product,1588,baldo-hoodie,transform,purpl,resolved,option 'Size' has one value across all variations; dropped so the product is single-variant
low,single_value_option_dropped,product,1589,baldo-jacket,transform,purpl,resolved,option 'Size' has one value across all variations; dropped so the product is single-variant
low,single_value_option_dropped,product,1592,baldo-pants,transform,purpl,resolved,option 'Size' has one value across all variations; dropped so the product is single-variant
low,single_value_option_dropped,product,1627,ponale-jacket,transform,purpl,resolved,option 'Size' has one value across all variations; dropped so the product is single-variant
low,single_value_option_dropped,product,1628,ponale-pants,transform,purpl,resolved,option 'Size' has one value across all variations; dropped so the product is single-variant
low,single_value_option_dropped,product,1630,ponale-sweater,transform,purpl,resolved,option 'Size' has one value across all variations; dropped so the product is single-variant
low,single_value_option_dropped,product,1643,knee-pads-spike,transform,purpl,resolved,option 'Size' has one value across all variations; dropped so the product is single-variant
low,single_value_option_dropped,product,1645,stivo-jacket,transform,purpl,resolved,option 'Colour' has one value across all variations; dropped so the product is single-variant
low,single_value_option_dropped,product,1645,stivo-jacket,transform,purpl,resolved,option 'Size' has one value across all variations; dropped so the product is single-variant
low,single_value_option_dropped,product,1654,velo-pants,transform,purpl,resolved,option 'Size' has one value across all variations; dropped so the product is single-variant
low,single_value_option_dropped,product,3809,beach-volley-womens-shorts-tijuana-black,transform,purpl,resolved,option 'Size' has one value across all variations; dropped so the product is single-variant
low,single_value_option_dropped,product,3819,beach-volley-womens-shorts-modena-volley,transform,purpl,resolved,option 'Size' has one value across all variations; dropped so the product is single-variant
low,single_value_option_dropped,product,3842,beach-volley-singlet-ibiza-white,transform,purpl,resolved,option 'Size' has one value across all variations; dropped so the product is single-variant
low,single_value_option_dropped,product,3858,beach-volley-singlet-tijuana-yellow,transform,purpl,resolved,option 'Size' has one value across all variations; dropped so the product is single-variant
low,single_value_option_dropped,product,3897,beach-volleyball-crop-top-osaka-river,transform,purpl,resolved,option 'Size' has one value across all variations; dropped so the product is single-variant
low,single_value_option_dropped,product,3910,beach-volleyball-crop-top-tijuana-yeallow,transform,purpl,resolved,option 'Size' has one value across all variations; dropped so the product is single-variant
low,single_value_option_dropped,product,3920,beach-volleyball-crop-top-tijuana-green,transform,purpl,resolved,option 'Size' has one value across all variations; dropped so the product is single-variant
low,single_value_option_dropped,product,3930,nine-rain-jacket-ibiza-white,transform,purpl,resolved,option 'Size' has one value across all variations; dropped so the product is single-variant
low,single_value_option_dropped,product,4012,beach-bikini-bottoms-tijuana-green,transform,purpl,resolved,option 'Size' has one value across all variations; dropped so the product is single-variant
low,single_value_option_dropped,product,4019,beach-volley-bikini-bottoms-tijuana-black,transform,purpl,resolved,option 'Size' has one value across all variations; dropped so the product is single-variant
low,single_value_option_dropped,product,4021,beac-volley-bikini-bottoms-women-osaka-river,transform,purpl,resolved,option 'Size' has one value across all variations; dropped so the product is single-variant
low,single_value_option_dropped,product,4910,inner-west-volley-womens-training-t-shirt,transform,purpl,resolved,option 'Colour' has one value across all variations; dropped so the product is single-variant
low,single_value_option_dropped,product,5037,inner-west-volley-mens-training-t-shirt,transform,purpl,resolved,option 'Colour' has one value across all variations; dropped so the product is single-variant
low,single_value_option_dropped,product,5434,presser-polo-t-shirt,transform,purpl,resolved,option 'Colour' has one value across all variations; dropped so the product is single-variant
low,single_value_option_dropped,product,6593,royal-unisex-jacket,transform,purpl,resolved,option 'Colour' has one value across all variations; dropped so the product is single-variant
low,single_value_option_dropped,product,6601,royal-unisex-pants-black,transform,purpl,resolved,option 'Colour' has one value across all variations; dropped so the product is single-variant
low,single_value_option_dropped,product,6653,provolley-kids-t-shirt-with-number,transform,purpl,resolved,option 'Colour' has one value across all variations; dropped so the product is single-variant
low,single_value_option_dropped,product,6692,val-jacket,transform,purpl,resolved,option 'Size' has one value across all variations; dropped so the product is single-variant
low,single_value_option_dropped,product,6695,val-polo-mens,transform,purpl,resolved,option 'Size' has one value across all variations; dropped so the product is single-variant
low,single_value_option_dropped,product,6697,looney-tunes-kids-short,transform,purpl,resolved,option 'Colour' has one value across all variations; dropped so the product is single-variant
low,single_value_option_dropped,product,6699,italia-looney-tunes-kid-shirt,transform,purpl,resolved,option 'Size' has one value across all variations; dropped so the product is single-variant
low,single_value_option_dropped,product,6701,val-male-t-shirt,transform,purpl,resolved,option 'Size' has one value across all variations; dropped so the product is single-variant
low,single_value_option_dropped,product,6706,mizuno-t-shirt,transform,purpl,resolved,option 'Size' has one value across all variations; dropped so the product is single-variant
low,single_value_option_dropped,product,6710,petrol-short-light-female,transform,purpl,resolved,option 'Colour' has one value across all variations; dropped so the product is single-variant
low,single_value_option_dropped,product,6710,petrol-short-light-female,transform,purpl,resolved,option 'Size' has one value across all variations; dropped so the product is single-variant
low,single_value_option_dropped,product,6716,spikers-turf-t-shirt,transform,purpl,resolved,option 'Size' has one value across all variations; dropped so the product is single-variant
low,single_value_option_dropped,product,6716,spikers-turf-t-shirt,transform,purpl,resolved,option 'Colour' has one value across all variations; dropped so the product is single-variant
low,single_value_option_dropped,product,6748,modena-jersey,transform,purpl,resolved,option 'Colour' has one value across all variations; dropped so the product is single-variant
low,single_value_option_dropped,product,6777,ebayte-unisex,transform,purpl,resolved,option 'Size' has one value across all variations; dropped so the product is single-variant
low,single_value_option_dropped,product,6777,ebayte-unisex,transform,purpl,resolved,option 'Colour' has one value across all variations; dropped so the product is single-variant
low,single_value_option_dropped,product,6779,tennessee-shirt,transform,purpl,resolved,option 'Size' has one value across all variations; dropped so the product is single-variant
low,single_value_option_dropped,product,6781,macron-shirt-kids,transform,purpl,resolved,option 'Colour' has one value across all variations; dropped so the product is single-variant
low,single_value_option_dropped,product,6781,macron-shirt-kids,transform,purpl,resolved,option 'Size' has one value across all variations; dropped so the product is single-variant
low,single_value_option_dropped,product,6783,pallavalo-shirt,transform,purpl,resolved,option 'Colour' has one value across all variations; dropped so the product is single-variant
low,single_value_option_dropped,product,6783,pallavalo-shirt,transform,purpl,resolved,option 'Size' has one value across all variations; dropped so the product is single-variant
low,single_value_option_dropped,product,6785,mcos-nsw-short,transform,purpl,resolved,option 'Colour' has one value across all variations; dropped so the product is single-variant
low,single_value_option_dropped,product,6785,mcos-nsw-short,transform,purpl,resolved,option 'Size' has one value across all variations; dropped so the product is single-variant
low,single_value_option_dropped,product,6787,isol-casa-black,transform,purpl,resolved,option 'Size' has one value across all variations; dropped so the product is single-variant
low,single_value_option_dropped,product,6787,isol-casa-black,transform,purpl,resolved,option 'Colour' has one value across all variations; dropped so the product is single-variant
low,single_value_option_dropped,product,6789,kdu-shirt,transform,purpl,resolved,option 'Colour' has one value across all variations; dropped so the product is single-variant
low,single_value_option_dropped,product,6789,kdu-shirt,transform,purpl,resolved,option 'Size' has one value across all variations; dropped so the product is single-variant
low,sku_generated,variant,6044,PS-6027-6044,transform,client,needs-decision,variation had no SKU; generated deterministically as PS-<product>-<variation>
low,sku_generated,variant,6482,PS-6479-6482,transform,client,needs-decision,variation had no SKU; generated deterministically as PS-<product>-<variation>
low,sku_generated,variant,6483,PS-6479-6483,transform,client,needs-decision,variation had no SKU; generated deterministically as PS-<product>-<variation>
low,sku_generated,variant,6484,PS-6479-6484,transform,client,needs-decision,variation had no SKU; generated deterministically as PS-<product>-<variation>
low,sku_generated,variant,6485,PS-6479-6485,transform,client,needs-decision,variation had no SKU; generated deterministically as PS-<product>-<variation>
low,sku_generated,variant,6486,PS-6479-6486,transform,client,needs-decision,variation had no SKU; generated deterministically as PS-<product>-<variation>
low,sku_generated,variant,6487,PS-6479-6487,transform,client,needs-decision,variation had no SKU; generated deterministically as PS-<product>-<variation>
low,sku_generated,variant,6488,PS-6479-6488,transform,client,needs-decision,variation had no SKU; generated deterministically as PS-<product>-<variation>
low,sku_generated,variant,6489,PS-6479-6489,transform,client,needs-decision,variation had no SKU; generated deterministically as PS-<product>-<variation>
low,sku_generated,variant,6490,PS-6479-6490,transform,client,needs-decision,variation had no SKU; generated deterministically as PS-<product>-<variation>
low,sku_generated,variant,6491,PS-6479-6491,transform,client,needs-decision,variation had no SKU; generated deterministically as PS-<product>-<variation>
low,sku_generated,variant,6492,PS-6479-6492,transform,client,needs-decision,variation had no SKU; generated deterministically as PS-<product>-<variation>
low,sku_generated,variant,6493,PS-6479-6493,transform,client,needs-decision,variation had no SKU; generated deterministically as PS-<product>-<variation>
low,sku_generated,variant,6494,PS-6479-6494,transform,client,needs-decision,variation had no SKU; generated deterministically as PS-<product>-<variation>
low,sku_generated,variant,6495,PS-6479-6495,transform,client,needs-decision,variation had no SKU; generated deterministically as PS-<product>-<variation>
low,sku_generated,variant,6497,PS-6496-6497,transform,client,needs-decision,variation had no SKU; generated deterministically as PS-<product>-<variation>
low,sku_generated,variant,6498,PS-6496-6498,transform,client,needs-decision,variation had no SKU; generated deterministically as PS-<product>-<variation>
low,sku_generated,variant,6499,PS-6496-6499,transform,client,needs-decision,variation had no SKU; generated deterministically as PS-<product>-<variation>
low,sku_generated,variant,6500,PS-6496-6500,transform,client,needs-decision,variation had no SKU; generated deterministically as PS-<product>-<variation>
low,sku_generated,variant,6501,PS-6496-6501,transform,client,needs-decision,variation had no SKU; generated deterministically as PS-<product>-<variation>
low,sku_generated,variant,6502,PS-6496-6502,transform,client,needs-decision,variation had no SKU; generated deterministically as PS-<product>-<variation>
low,sku_generated,variant,6503,PS-6496-6503,transform,client,needs-decision,variation had no SKU; generated deterministically as PS-<product>-<variation>
low,sku_generated,variant,6504,PS-6496-6504,transform,client,needs-decision,variation had no SKU; generated deterministically as PS-<product>-<variation>
low,sku_generated,variant,6505,PS-6496-6505,transform,client,needs-decision,variation had no SKU; generated deterministically as PS-<product>-<variation>
low,sku_generated,variant,6506,PS-6496-6506,transform,client,needs-decision,variation had no SKU; generated deterministically as PS-<product>-<variation>
low,sku_generated,variant,6507,PS-6496-6507,transform,client,needs-decision,variation had no SKU; generated deterministically as PS-<product>-<variation>
low,sku_generated,variant,6508,PS-6496-6508,transform,client,needs-decision,variation had no SKU; generated deterministically as PS-<product>-<variation>
low,sku_generated,variant,6509,PS-6496-6509,transform,client,needs-decision,variation had no SKU; generated deterministically as PS-<product>-<variation>
low,sku_generated,variant,6510,PS-6496-6510,transform,client,needs-decision,variation had no SKU; generated deterministically as PS-<product>-<variation>
low,sku_generated,variant,6513,PS-6512-6513,transform,client,needs-decision,variation had no SKU; generated deterministically as PS-<product>-<variation>
low,sku_generated,variant,6514,PS-6512-6514,transform,client,needs-decision,variation had no SKU; generated deterministically as PS-<product>-<variation>
low,sku_generated,variant,6515,PS-6512-6515,transform,client,needs-decision,variation had no SKU; generated deterministically as PS-<product>-<variation>
low,sku_generated,variant,6516,PS-6512-6516,transform,client,needs-decision,variation had no SKU; generated deterministically as PS-<product>-<variation>
low,sku_generated,variant,6517,PS-6512-6517,transform,client,needs-decision,variation had no SKU; generated deterministically as PS-<product>-<variation>
low,sku_generated,variant,6518,PS-6512-6518,transform,client,needs-decision,variation had no SKU; generated deterministically as PS-<product>-<variation>
low,sku_generated,variant,6519,PS-6512-6519,transform,client,needs-decision,variation had no SKU; generated deterministically as PS-<product>-<variation>
low,sku_generated,variant,6520,PS-6512-6520,transform,client,needs-decision,variation had no SKU; generated deterministically as PS-<product>-<variation>
low,sku_generated,variant,6521,PS-6512-6521,transform,client,needs-decision,variation had no SKU; generated deterministically as PS-<product>-<variation>
low,sku_generated,variant,6522,PS-6512-6522,transform,client,needs-decision,variation had no SKU; generated deterministically as PS-<product>-<variation>
low,sku_generated,variant,6523,PS-6512-6523,transform,client,needs-decision,variation had no SKU; generated deterministically as PS-<product>-<variation>
low,sku_generated,variant,6524,PS-6512-6524,transform,client,needs-decision,variation had no SKU; generated deterministically as PS-<product>-<variation>
low,sku_generated,variant,6525,PS-6512-6525,transform,client,needs-decision,variation had no SKU; generated deterministically as PS-<product>-<variation>
low,sku_generated,variant,6526,PS-6512-6526,transform,client,needs-decision,variation had no SKU; generated deterministically as PS-<product>-<variation>
low,sku_generated,variant,6528,PS-6527-6528,transform,client,needs-decision,variation had no SKU; generated deterministically as PS-<product>-<variation>
low,sku_generated,variant,6529,PS-6527-6529,transform,client,needs-decision,variation had no SKU; generated deterministically as PS-<product>-<variation>
low,sku_generated,variant,6530,PS-6527-6530,transform,client,needs-decision,variation had no SKU; generated deterministically as PS-<product>-<variation>
low,sku_generated,variant,6531,PS-6527-6531,transform,client,needs-decision,variation had no SKU; generated deterministically as PS-<product>-<variation>
low,sku_generated,variant,6532,PS-6527-6532,transform,client,needs-decision,variation had no SKU; generated deterministically as PS-<product>-<variation>
low,sku_generated,variant,6533,PS-6527-6533,transform,client,needs-decision,variation had no SKU; generated deterministically as PS-<product>-<variation>
low,sku_generated,variant,6534,PS-6527-6534,transform,client,needs-decision,variation had no SKU; generated deterministically as PS-<product>-<variation>
low,sku_generated,variant,6535,PS-6527-6535,transform,client,needs-decision,variation had no SKU; generated deterministically as PS-<product>-<variation>
low,sku_generated,variant,6536,PS-6527-6536,transform,client,needs-decision,variation had no SKU; generated deterministically as PS-<product>-<variation>
low,sku_generated,variant,6537,PS-6527-6537,transform,client,needs-decision,variation had no SKU; generated deterministically as PS-<product>-<variation>
low,sku_generated,variant,6538,PS-6527-6538,transform,client,needs-decision,variation had no SKU; generated deterministically as PS-<product>-<variation>
low,sku_generated,variant,6539,PS-6527-6539,transform,client,needs-decision,variation had no SKU; generated deterministically as PS-<product>-<variation>
low,sku_generated,variant,6540,PS-6527-6540,transform,client,needs-decision,variation had no SKU; generated deterministically as PS-<product>-<variation>
low,sku_generated,variant,6541,PS-6527-6541,transform,client,needs-decision,variation had no SKU; generated deterministically as PS-<product>-<variation>
low,sku_generated,variant,6543,PS-6542-6543,transform,client,needs-decision,variation had no SKU; generated deterministically as PS-<product>-<variation>
low,sku_generated,variant,6544,PS-6542-6544,transform,client,needs-decision,variation had no SKU; generated deterministically as PS-<product>-<variation>
low,sku_generated,variant,6545,PS-6542-6545,transform,client,needs-decision,variation had no SKU; generated deterministically as PS-<product>-<variation>
low,sku_generated,variant,6546,PS-6542-6546,transform,client,needs-decision,variation had no SKU; generated deterministically as PS-<product>-<variation>
low,sku_generated,variant,6547,PS-6542-6547,transform,client,needs-decision,variation had no SKU; generated deterministically as PS-<product>-<variation>
low,sku_generated,variant,6549,PS-6548-6549,transform,client,needs-decision,variation had no SKU; generated deterministically as PS-<product>-<variation>
low,sku_generated,variant,6550,PS-6548-6550,transform,client,needs-decision,variation had no SKU; generated deterministically as PS-<product>-<variation>
low,sku_generated,variant,6551,PS-6548-6551,transform,client,needs-decision,variation had no SKU; generated deterministically as PS-<product>-<variation>
low,sku_generated,variant,6552,PS-6548-6552,transform,client,needs-decision,variation had no SKU; generated deterministically as PS-<product>-<variation>
low,sku_generated,variant,6553,PS-6548-6553,transform,client,needs-decision,variation had no SKU; generated deterministically as PS-<product>-<variation>
low,sku_generated,variant,6555,PS-6554-6555,transform,client,needs-decision,variation had no SKU; generated deterministically as PS-<product>-<variation>
low,sku_generated,variant,6556,PS-6554-6556,transform,client,needs-decision,variation had no SKU; generated deterministically as PS-<product>-<variation>
low,sku_generated,variant,6557,PS-6554-6557,transform,client,needs-decision,variation had no SKU; generated deterministically as PS-<product>-<variation>
low,sku_generated,variant,6558,PS-6554-6558,transform,client,needs-decision,variation had no SKU; generated deterministically as PS-<product>-<variation>
low,sku_generated,variant,6559,PS-6554-6559,transform,client,needs-decision,variation had no SKU; generated deterministically as PS-<product>-<variation>
low,sku_generated,variant,6560,PS-6554-6560,transform,client,needs-decision,variation had no SKU; generated deterministically as PS-<product>-<variation>
low,sku_generated,variant,6563,PS-6562-6563,transform,client,needs-decision,variation had no SKU; generated deterministically as PS-<product>-<variation>
low,sku_generated,variant,6564,PS-6562-6564,transform,client,needs-decision,variation had no SKU; generated deterministically as PS-<product>-<variation>
low,sku_generated,variant,6565,PS-6562-6565,transform,client,needs-decision,variation had no SKU; generated deterministically as PS-<product>-<variation>
low,sku_generated,variant,6566,PS-6562-6566,transform,client,needs-decision,variation had no SKU; generated deterministically as PS-<product>-<variation>
low,sku_generated,variant,6567,PS-6562-6567,transform,client,needs-decision,variation had no SKU; generated deterministically as PS-<product>-<variation>
low,sku_generated,variant,6568,PS-6562-6568,transform,client,needs-decision,variation had no SKU; generated deterministically as PS-<product>-<variation>
low,sku_generated,variant,6569,PS-6562-6569,transform,client,needs-decision,variation had no SKU; generated deterministically as PS-<product>-<variation>
low,sku_generated,variant,6570,PS-6562-6570,transform,client,needs-decision,variation had no SKU; generated deterministically as PS-<product>-<variation>
low,sku_generated,variant,6571,PS-6562-6571,transform,client,needs-decision,variation had no SKU; generated deterministically as PS-<product>-<variation>
low,sku_generated,variant,6572,PS-6562-6572,transform,client,needs-decision,variation had no SKU; generated deterministically as PS-<product>-<variation>
low,sku_generated,variant,6573,PS-6562-6573,transform,client,needs-decision,variation had no SKU; generated deterministically as PS-<product>-<variation>
low,sku_generated,variant,6574,PS-6562-6574,transform,client,needs-decision,variation had no SKU; generated deterministically as PS-<product>-<variation>
low,sku_generated,variant,6576,PS-6575-6576,transform,client,needs-decision,variation had no SKU; generated deterministically as PS-<product>-<variation>
low,sku_generated,variant,6578,PS-6577-6578,transform,client,needs-decision,variation had no SKU; generated deterministically as PS-<product>-<variation>
low,sku_generated,variant,6580,PS-6579-6580,transform,client,needs-decision,variation had no SKU; generated deterministically as PS-<product>-<variation>
low,sku_generated,variant,6581,PS-6579-6581,transform,client,needs-decision,variation had no SKU; generated deterministically as PS-<product>-<variation>
low,sku_generated,variant,6582,PS-6579-6582,transform,client,needs-decision,variation had no SKU; generated deterministically as PS-<product>-<variation>
low,sku_generated,variant,6583,PS-6579-6583,transform,client,needs-decision,variation had no SKU; generated deterministically as PS-<product>-<variation>
low,sku_generated,variant,6584,PS-6579-6584,transform,client,needs-decision,variation had no SKU; generated deterministically as PS-<product>-<variation>
low,sku_generated,variant,6585,PS-6579-6585,transform,client,needs-decision,variation had no SKU; generated deterministically as PS-<product>-<variation>
low,sku_generated,variant,6587,PS-6586-6587,transform,client,needs-decision,variation had no SKU; generated deterministically as PS-<product>-<variation>
low,sku_generated,variant,6588,PS-6586-6588,transform,client,needs-decision,variation had no SKU; generated deterministically as PS-<product>-<variation>
low,sku_generated,variant,6589,PS-6586-6589,transform,client,needs-decision,variation had no SKU; generated deterministically as PS-<product>-<variation>
low,sku_generated,variant,6590,PS-6586-6590,transform,client,needs-decision,variation had no SKU; generated deterministically as PS-<product>-<variation>
low,sku_generated,variant,6591,PS-6586-6591,transform,client,needs-decision,variation had no SKU; generated deterministically as PS-<product>-<variation>
low,sku_generated,variant,6592,PS-6586-6592,transform,client,needs-decision,variation had no SKU; generated deterministically as PS-<product>-<variation>
low,sku_generated,variant,6594,PS-6593-6594,transform,client,needs-decision,variation had no SKU; generated deterministically as PS-<product>-<variation>
low,sku_generated,variant,6595,PS-6593-6595,transform,client,needs-decision,variation had no SKU; generated deterministically as PS-<product>-<variation>
low,sku_generated,variant,6596,PS-6593-6596,transform,client,needs-decision,variation had no SKU; generated deterministically as PS-<product>-<variation>
low,sku_generated,variant,6597,PS-6593-6597,transform,client,needs-decision,variation had no SKU; generated deterministically as PS-<product>-<variation>
low,sku_generated,variant,6598,PS-6593-6598,transform,client,needs-decision,variation had no SKU; generated deterministically as PS-<product>-<variation>
low,sku_generated,variant,6599,PS-6593-6599,transform,client,needs-decision,variation had no SKU; generated deterministically as PS-<product>-<variation>
low,sku_generated,variant,6600,PS-6593-6600,transform,client,needs-decision,variation had no SKU; generated deterministically as PS-<product>-<variation>
low,sku_generated,variant,6602,PS-6601-6602,transform,client,needs-decision,variation had no SKU; generated deterministically as PS-<product>-<variation>
low,sku_generated,variant,6603,PS-6601-6603,transform,client,needs-decision,variation had no SKU; generated deterministically as PS-<product>-<variation>
low,sku_generated,variant,6604,PS-6601-6604,transform,client,needs-decision,variation had no SKU; generated deterministically as PS-<product>-<variation>
low,sku_generated,variant,6605,PS-6601-6605,transform,client,needs-decision,variation had no SKU; generated deterministically as PS-<product>-<variation>
low,sku_generated,variant,6606,PS-6601-6606,transform,client,needs-decision,variation had no SKU; generated deterministically as PS-<product>-<variation>
low,sku_generated,variant,6607,PS-6601-6607,transform,client,needs-decision,variation had no SKU; generated deterministically as PS-<product>-<variation>
low,sku_generated,variant,6608,PS-6601-6608,transform,client,needs-decision,variation had no SKU; generated deterministically as PS-<product>-<variation>
low,sku_generated,variant,6610,PS-6609-6610,transform,client,needs-decision,variation had no SKU; generated deterministically as PS-<product>-<variation>
low,sku_generated,variant,6611,PS-6609-6611,transform,client,needs-decision,variation had no SKU; generated deterministically as PS-<product>-<variation>
low,sku_generated,variant,6637,PS-6636-6637,transform,client,needs-decision,variation had no SKU; generated deterministically as PS-<product>-<variation>
low,sku_generated,variant,6638,PS-6636-6638,transform,client,needs-decision,variation had no SKU; generated deterministically as PS-<product>-<variation>
low,sku_generated,variant,6639,PS-6636-6639,transform,client,needs-decision,variation had no SKU; generated deterministically as PS-<product>-<variation>
low,sku_generated,variant,6640,PS-6636-6640,transform,client,needs-decision,variation had no SKU; generated deterministically as PS-<product>-<variation>
low,sku_generated,variant,6641,PS-6636-6641,transform,client,needs-decision,variation had no SKU; generated deterministically as PS-<product>-<variation>
low,sku_generated,variant,6643,PS-6642-6643,transform,client,needs-decision,variation had no SKU; generated deterministically as PS-<product>-<variation>
low,sku_generated,variant,6644,PS-6642-6644,transform,client,needs-decision,variation had no SKU; generated deterministically as PS-<product>-<variation>
low,sku_generated,variant,6645,PS-6642-6645,transform,client,needs-decision,variation had no SKU; generated deterministically as PS-<product>-<variation>
low,sku_generated,variant,6646,PS-6642-6646,transform,client,needs-decision,variation had no SKU; generated deterministically as PS-<product>-<variation>
low,sku_generated,variant,6647,PS-6642-6647,transform,client,needs-decision,variation had no SKU; generated deterministically as PS-<product>-<variation>
low,sku_generated,variant,6649,PS-6648-6649,transform,client,needs-decision,variation had no SKU; generated deterministically as PS-<product>-<variation>
low,sku_generated,variant,6650,PS-6648-6650,transform,client,needs-decision,variation had no SKU; generated deterministically as PS-<product>-<variation>
low,sku_generated,variant,6651,PS-6648-6651,transform,client,needs-decision,variation had no SKU; generated deterministically as PS-<product>-<variation>
low,sku_generated,variant,6652,PS-6648-6652,transform,client,needs-decision,variation had no SKU; generated deterministically as PS-<product>-<variation>
low,sku_generated,variant,6660,PS-6653-6660,transform,client,needs-decision,variation had no SKU; generated deterministically as PS-<product>-<variation>
low,sku_generated,variant,6661,PS-6653-6661,transform,client,needs-decision,variation had no SKU; generated deterministically as PS-<product>-<variation>
low,sku_generated,variant,6662,PS-6653-6662,transform,client,needs-decision,variation had no SKU; generated deterministically as PS-<product>-<variation>
low,sku_generated,variant,6693,PS-6692-6693,transform,client,needs-decision,variation had no SKU; generated deterministically as PS-<product>-<variation>
low,sku_generated,variant,6696,PS-6695-6696,transform,client,needs-decision,variation had no SKU; generated deterministically as PS-<product>-<variation>
low,sku_generated,variant,6698,PS-6697-6698,transform,client,needs-decision,variation had no SKU; generated deterministically as PS-<product>-<variation>
low,sku_generated,variant,6700,PS-6699-6700,transform,client,needs-decision,variation had no SKU; generated deterministically as PS-<product>-<variation>
low,sku_generated,variant,6704,PS-6701-6704,transform,client,needs-decision,variation had no SKU; generated deterministically as PS-<product>-<variation>
low,sku_generated,variant,6705,PS-6701-6705,transform,client,needs-decision,variation had no SKU; generated deterministically as PS-<product>-<variation>
low,sku_generated,variant,6707,PS-6706-6707,transform,client,needs-decision,variation had no SKU; generated deterministically as PS-<product>-<variation>
low,sku_generated,variant,6711,PS-6710-6711,transform,client,needs-decision,variation had no SKU; generated deterministically as PS-<product>-<variation>
low,sku_generated,variant,6712,PS-6701-6712,transform,client,needs-decision,variation had no SKU; generated deterministically as PS-<product>-<variation>
low,sku_generated,variant,6717,PS-6716-6717,transform,client,needs-decision,variation had no SKU; generated deterministically as PS-<product>-<variation>
low,sku_generated,variant,6719,PS-6718-6719,transform,client,needs-decision,variation had no SKU; generated deterministically as PS-<product>-<variation>
low,sku_generated,variant,6720,PS-6718-6720,transform,client,needs-decision,variation had no SKU; generated deterministically as PS-<product>-<variation>
low,sku_generated,variant,6721,PS-6718-6721,transform,client,needs-decision,variation had no SKU; generated deterministically as PS-<product>-<variation>
low,sku_generated,variant,6722,PS-6718-6722,transform,client,needs-decision,variation had no SKU; generated deterministically as PS-<product>-<variation>
low,sku_generated,variant,6723,PS-6718-6723,transform,client,needs-decision,variation had no SKU; generated deterministically as PS-<product>-<variation>
low,sku_generated,variant,6724,PS-6718-6724,transform,client,needs-decision,variation had no SKU; generated deterministically as PS-<product>-<variation>
low,sku_generated,variant,6725,PS-6718-6725,transform,client,needs-decision,variation had no SKU; generated deterministically as PS-<product>-<variation>
low,sku_generated,variant,6726,PS-6718-6726,transform,client,needs-decision,variation had no SKU; generated deterministically as PS-<product>-<variation>
low,sku_generated,variant,6727,PS-6718-6727,transform,client,needs-decision,variation had no SKU; generated deterministically as PS-<product>-<variation>
low,sku_generated,variant,6728,PS-6718-6728,transform,client,needs-decision,variation had no SKU; generated deterministically as PS-<product>-<variation>
low,sku_generated,variant,6729,PS-6718-6729,transform,client,needs-decision,variation had no SKU; generated deterministically as PS-<product>-<variation>
low,sku_generated,variant,6730,PS-6718-6730,transform,client,needs-decision,variation had no SKU; generated deterministically as PS-<product>-<variation>
low,sku_generated,variant,6731,PS-6718-6731,transform,client,needs-decision,variation had no SKU; generated deterministically as PS-<product>-<variation>
low,sku_generated,variant,6732,PS-6718-6732,transform,client,needs-decision,variation had no SKU; generated deterministically as PS-<product>-<variation>
low,sku_generated,variant,6733,PS-6718-6733,transform,client,needs-decision,variation had no SKU; generated deterministically as PS-<product>-<variation>
low,sku_generated,variant,6734,PS-6718-6734,transform,client,needs-decision,variation had no SKU; generated deterministically as PS-<product>-<variation>
low,sku_generated,variant,6735,PS-6718-6735,transform,client,needs-decision,variation had no SKU; generated deterministically as PS-<product>-<variation>
low,sku_generated,variant,6736,PS-6718-6736,transform,client,needs-decision,variation had no SKU; generated deterministically as PS-<product>-<variation>
low,sku_generated,variant,6737,PS-6718-6737,transform,client,needs-decision,variation had no SKU; generated deterministically as PS-<product>-<variation>
low,sku_generated,variant,6738,PS-6718-6738,transform,client,needs-decision,variation had no SKU; generated deterministically as PS-<product>-<variation>
low,sku_generated,variant,6739,PS-6718-6739,transform,client,needs-decision,variation had no SKU; generated deterministically as PS-<product>-<variation>
low,sku_generated,variant,6740,PS-6718-6740,transform,client,needs-decision,variation had no SKU; generated deterministically as PS-<product>-<variation>
low,sku_generated,variant,6741,PS-6718-6741,transform,client,needs-decision,variation had no SKU; generated deterministically as PS-<product>-<variation>
low,sku_generated,variant,6742,PS-6718-6742,transform,client,needs-decision,variation had no SKU; generated deterministically as PS-<product>-<variation>
low,sku_generated,variant,6743,PS-6718-6743,transform,client,needs-decision,variation had no SKU; generated deterministically as PS-<product>-<variation>
low,sku_generated,variant,6744,PS-6718-6744,transform,client,needs-decision,variation had no SKU; generated deterministically as PS-<product>-<variation>
low,sku_generated,variant,6745,PS-6718-6745,transform,client,needs-decision,variation had no SKU; generated deterministically as PS-<product>-<variation>
low,sku_generated,variant,6746,PS-6718-6746,transform,client,needs-decision,variation had no SKU; generated deterministically as PS-<product>-<variation>
low,sku_generated,variant,6747,PS-6718-6747,transform,client,needs-decision,variation had no SKU; generated deterministically as PS-<product>-<variation>
low,sku_generated,variant,6749,PS-6748-6749,transform,client,needs-decision,variation had no SKU; generated deterministically as PS-<product>-<variation>
low,sku_generated,variant,6750,PS-6748-6750,transform,client,needs-decision,variation had no SKU; generated deterministically as PS-<product>-<variation>
low,sku_generated,variant,6751,PS-6748-6751,transform,client,needs-decision,variation had no SKU; generated deterministically as PS-<product>-<variation>
low,sku_generated,variant,6752,PS-6748-6752,transform,client,needs-decision,variation had no SKU; generated deterministically as PS-<product>-<variation>
low,sku_generated,variant,6753,PS-6748-6753,transform,client,needs-decision,variation had no SKU; generated deterministically as PS-<product>-<variation>
low,sku_generated,variant,6754,PS-6748-6754,transform,client,needs-decision,variation had no SKU; generated deterministically as PS-<product>-<variation>
low,sku_generated,variant,6755,PS-6748-6755,transform,client,needs-decision,variation had no SKU; generated deterministically as PS-<product>-<variation>
low,sku_generated,variant,6756,PS-6748-6756,transform,client,needs-decision,variation had no SKU; generated deterministically as PS-<product>-<variation>
low,sku_generated,variant,6757,PS-6748-6757,transform,client,needs-decision,variation had no SKU; generated deterministically as PS-<product>-<variation>
low,sku_generated,variant,6759,PS-6758-6759,transform,client,needs-decision,variation had no SKU; generated deterministically as PS-<product>-<variation>
low,sku_generated,variant,6760,PS-6758-6760,transform,client,needs-decision,variation had no SKU; generated deterministically as PS-<product>-<variation>
low,sku_generated,variant,6761,PS-6758-6761,transform,client,needs-decision,variation had no SKU; generated deterministically as PS-<product>-<variation>
low,sku_generated,variant,6762,PS-6758-6762,transform,client,needs-decision,variation had no SKU; generated deterministically as PS-<product>-<variation>
low,sku_generated,variant,6765,PS-6763-6765,transform,client,needs-decision,variation had no SKU; generated deterministically as PS-<product>-<variation>
low,sku_generated,variant,6766,PS-6763-6766,transform,client,needs-decision,variation had no SKU; generated deterministically as PS-<product>-<variation>
low,sku_generated,variant,6769,PS-6768-6769,transform,client,needs-decision,variation had no SKU; generated deterministically as PS-<product>-<variation>
low,sku_generated,variant,6770,PS-6768-6770,transform,client,needs-decision,variation had no SKU; generated deterministically as PS-<product>-<variation>
low,sku_generated,variant,6771,PS-6768-6771,transform,client,needs-decision,variation had no SKU; generated deterministically as PS-<product>-<variation>
low,sku_generated,variant,6772,PS-6768-6772,transform,client,needs-decision,variation had no SKU; generated deterministically as PS-<product>-<variation>
low,sku_generated,variant,6774,PS-6773-6774,transform,client,needs-decision,variation had no SKU; generated deterministically as PS-<product>-<variation>
low,sku_generated,variant,6775,PS-6773-6775,transform,client,needs-decision,variation had no SKU; generated deterministically as PS-<product>-<variation>
low,sku_generated,variant,6776,PS-6773-6776,transform,client,needs-decision,variation had no SKU; generated deterministically as PS-<product>-<variation>
low,sku_generated,variant,6778,PS-6777-6778,transform,client,needs-decision,variation had no SKU; generated deterministically as PS-<product>-<variation>
low,sku_generated,variant,6780,PS-6779-6780,transform,client,needs-decision,variation had no SKU; generated deterministically as PS-<product>-<variation>
low,sku_generated,variant,6782,PS-6781-6782,transform,client,needs-decision,variation had no SKU; generated deterministically as PS-<product>-<variation>
low,sku_generated,variant,6784,PS-6783-6784,transform,client,needs-decision,variation had no SKU; generated deterministically as PS-<product>-<variation>
low,sku_generated,variant,6786,PS-6785-6786,transform,client,needs-decision,variation had no SKU; generated deterministically as PS-<product>-<variation>
low,sku_generated,variant,6788,PS-6787-6788,transform,client,needs-decision,variation had no SKU; generated deterministically as PS-<product>-<variation>
low,sku_generated,variant,6790,PS-6789-6790,transform,client,needs-decision,variation had no SKU; generated deterministically as PS-<product>-<variation>
low,sku_generated,variant,6802,PS-6801-6802,transform,client,needs-decision,variation had no SKU; generated deterministically as PS-<product>-<variation>
low,sku_generated,variant,6803,PS-6801-6803,transform,client,needs-decision,variation had no SKU; generated deterministically as PS-<product>-<variation>
low,sku_generated,variant,6804,PS-6801-6804,transform,client,needs-decision,variation had no SKU; generated deterministically as PS-<product>-<variation>
low,sku_generated,variant,6805,PS-6801-6805,transform,client,needs-decision,variation had no SKU; generated deterministically as PS-<product>-<variation>
low,sku_generated,variant,6806,PS-6801-6806,transform,client,needs-decision,variation had no SKU; generated deterministically as PS-<product>-<variation>
low,sku_generated,variant,6807,PS-6801-6807,transform,client,needs-decision,variation had no SKU; generated deterministically as PS-<product>-<variation>
low,sku_generated,variant,6808,PS-6801-6808,transform,client,needs-decision,variation had no SKU; generated deterministically as PS-<product>-<variation>
low,sku_generated,variant,6810,PS-6809-6810,transform,client,needs-decision,variation had no SKU; generated deterministically as PS-<product>-<variation>
low,sku_generated,variant,6811,PS-6809-6811,transform,client,needs-decision,variation had no SKU; generated deterministically as PS-<product>-<variation>
low,sku_generated,variant,6812,PS-6809-6812,transform,client,needs-decision,variation had no SKU; generated deterministically as PS-<product>-<variation>
low,sku_generated,variant,6813,PS-6809-6813,transform,client,needs-decision,variation had no SKU; generated deterministically as PS-<product>-<variation>
low,sku_generated,variant,6814,PS-6809-6814,transform,client,needs-decision,variation had no SKU; generated deterministically as PS-<product>-<variation>
low,sku_generated,variant,6815,PS-6809-6815,transform,client,needs-decision,variation had no SKU; generated deterministically as PS-<product>-<variation>
low,sku_generated,variant,6852,PS-6851-6852,transform,client,needs-decision,variation had no SKU; generated deterministically as PS-<product>-<variation>
low,sku_generated,variant,6853,PS-6851-6853,transform,client,needs-decision,variation had no SKU; generated deterministically as PS-<product>-<variation>
low,sku_generated,variant,6854,PS-6851-6854,transform,client,needs-decision,variation had no SKU; generated deterministically as PS-<product>-<variation>
low,sku_generated,variant,6856,PS-6855-6856,transform,client,needs-decision,variation had no SKU; generated deterministically as PS-<product>-<variation>
low,sku_generated,variant,6857,PS-6855-6857,transform,client,needs-decision,variation had no SKU; generated deterministically as PS-<product>-<variation>
low,sku_generated,variant,6858,PS-6855-6858,transform,client,needs-decision,variation had no SKU; generated deterministically as PS-<product>-<variation>
low,variant_missing_weight,variant,1615,PROT03NGU,transform,client,needs-decision,no weight on the variation or its parent; shipping rates that depend on weight cannot be calculated
low,variant_missing_weight,variant,1635,PROT00SEM,transform,client,needs-decision,no weight on the variation or its parent; shipping rates that depend on weight cannot be calculated
low,variant_missing_weight,variant,1636,PROT00SEF,transform,client,needs-decision,no weight on the variation or its parent; shipping rates that depend on weight cannot be calculated
low,variant_missing_weight,variant,1930,PROS-PROT03Z2U-1930,transform,client,needs-decision,no weight on the variation or its parent; shipping rates that depend on weight cannot be calculated
low,variant_missing_weight,variant,1933,PROS-PROT03Z2U-1933,transform,client,needs-decision,no weight on the variation or its parent; shipping rates that depend on weight cannot be calculated
low,variant_missing_weight,variant,1941,PROS-PROT03Z2U-1941,transform,client,needs-decision,no weight on the variation or its parent; shipping rates that depend on weight cannot be calculated
low,variant_missing_weight,variant,1945,PROS-PROT03Z2U-1945,transform,client,needs-decision,no weight on the variation or its parent; shipping rates that depend on weight cannot be calculated
low,variant_missing_weight,variant,1961,PROS-PROT03Z2U-1961,transform,client,needs-decision,no weight on the variation or its parent; shipping rates that depend on weight cannot be calculated
low,variant_missing_weight,variant,1965,PROS-PROT00WAM-1965,transform,client,needs-decision,no weight on the variation or its parent; shipping rates that depend on weight cannot be calculated
low,variant_missing_weight,variant,1967,PROS-PROT00WAM-1967,transform,client,needs-decision,no weight on the variation or its parent; shipping rates that depend on weight cannot be calculated
low,variant_missing_weight,variant,1970,PROS-PROT00WAM-1970,transform,client,needs-decision,no weight on the variation or its parent; shipping rates that depend on weight cannot be calculated
low,variant_missing_weight,variant,1986,PROS-PROT03VPU-1986,transform,client,needs-decision,no weight on the variation or its parent; shipping rates that depend on weight cannot be calculated
low,variant_missing_weight,variant,1988,PROS-PROT03VPU-1988,transform,client,needs-decision,no weight on the variation or its parent; shipping rates that depend on weight cannot be calculated
low,variant_missing_weight,variant,1998,PROS-PROT03VJU-1998,transform,client,needs-decision,no weight on the variation or its parent; shipping rates that depend on weight cannot be calculated
low,variant_missing_weight,variant,1999,PROS-PROT03VJU-1999,transform,client,needs-decision,no weight on the variation or its parent; shipping rates that depend on weight cannot be calculated
low,variant_missing_weight,variant,2006,PROS-PROT03VCZ-2006,transform,client,needs-decision,no weight on the variation or its parent; shipping rates that depend on weight cannot be calculated
low,variant_missing_weight,variant,2007,PROS-PROT03VCZ-2007,transform,client,needs-decision,no weight on the variation or its parent; shipping rates that depend on weight cannot be calculated
low,variant_missing_weight,variant,2013,PROS-PROT03TRW-2013,transform,client,needs-decision,no weight on the variation or its parent; shipping rates that depend on weight cannot be calculated
low,variant_missing_weight,variant,2014,PROS-PROT03TRW-2014,transform,client,needs-decision,no weight on the variation or its parent; shipping rates that depend on weight cannot be calculated
low,variant_missing_weight,variant,2015,PROS-PROT03TRW-2015,transform,client,needs-decision,no weight on the variation or its parent; shipping rates that depend on weight cannot be calculated
low,variant_missing_weight,variant,2016,PROS-PROT03TRW-2016,transform,client,needs-decision,no weight on the variation or its parent; shipping rates that depend on weight cannot be calculated
low,variant_missing_weight,variant,2017,PROS-PROT03TRW-2017,transform,client,needs-decision,no weight on the variation or its parent; shipping rates that depend on weight cannot be calculated
low,variant_missing_weight,variant,2018,PROS-PROT03TRW-2018,transform,client,needs-decision,no weight on the variation or its parent; shipping rates that depend on weight cannot be calculated
low,variant_missing_weight,variant,2031,PROS-T03TRM-2031,transform,client,needs-decision,no weight on the variation or its parent; shipping rates that depend on weight cannot be calculated
low,variant_missing_weight,variant,2032,PROS-T03TRM-2032,transform,client,needs-decision,no weight on the variation or its parent; shipping rates that depend on weight cannot be calculated
low,variant_missing_weight,variant,2033,PROS-T03TRM-2033,transform,client,needs-decision,no weight on the variation or its parent; shipping rates that depend on weight cannot be calculated
low,variant_missing_weight,variant,2034,PROS-T03TRM-2034,transform,client,needs-decision,no weight on the variation or its parent; shipping rates that depend on weight cannot be calculated
low,variant_missing_weight,variant,2035,PROS-PROT03VCZ-2035,transform,client,needs-decision,no weight on the variation or its parent; shipping rates that depend on weight cannot be calculated
low,variant_missing_weight,variant,2036,PROS-PROT03VCZ-2036,transform,client,needs-decision,no weight on the variation or its parent; shipping rates that depend on weight cannot be calculated
low,variant_missing_weight,variant,2037,PROS-PROT03VCZ-2037,transform,client,needs-decision,no weight on the variation or its parent; shipping rates that depend on weight cannot be calculated
low,variant_missing_weight,variant,2038,PROS-T03TRM-2038,transform,client,needs-decision,no weight on the variation or its parent; shipping rates that depend on weight cannot be calculated
low,variant_missing_weight,variant,2052,PROS-PROT03SPU-2052,transform,client,needs-decision,no weight on the variation or its parent; shipping rates that depend on weight cannot be calculated
low,variant_missing_weight,variant,2053,PROS-PROT03SJU-2053,transform,client,needs-decision,no weight on the variation or its parent; shipping rates that depend on weight cannot be calculated
low,variant_missing_weight,variant,2057,PROS-PROT03SKU-2057,transform,client,needs-decision,no weight on the variation or its parent; shipping rates that depend on weight cannot be calculated
low,variant_missing_weight,variant,2058,PROS-PROT03SKU-2058,transform,client,needs-decision,no weight on the variation or its parent; shipping rates that depend on weight cannot be calculated
low,variant_missing_weight,variant,2059,PROS-PROT03SKU-2059,transform,client,needs-decision,no weight on the variation or its parent; shipping rates that depend on weight cannot be calculated
low,variant_missing_weight,variant,2066,PROS-PROT00SZU-2066,transform,client,needs-decision,no weight on the variation or its parent; shipping rates that depend on weight cannot be calculated
low,variant_missing_weight,variant,2067,PROS-PROT00SZU-2067,transform,client,needs-decision,no weight on the variation or its parent; shipping rates that depend on weight cannot be calculated
low,variant_missing_weight,variant,2074,PROS-PROT00SLM-2074,transform,client,needs-decision,no weight on the variation or its parent; shipping rates that depend on weight cannot be calculated
low,variant_missing_weight,variant,2075,PROS-PROT00SLM-2075,transform,client,needs-decision,no weight on the variation or its parent; shipping rates that depend on weight cannot be calculated
low,variant_missing_weight,variant,2083,PROT03SLU-NBLUE-S,transform,client,needs-decision,no weight on the variation or its parent; shipping rates that depend on weight cannot be calculated
low,variant_missing_weight,variant,2093,PROS-1634-2093,transform,client,needs-decision,no weight on the variation or its parent; shipping rates that depend on weight cannot be calculated
low,variant_missing_weight,variant,2094,PROS-1634-2094,transform,client,needs-decision,no weight on the variation or its parent; shipping rates that depend on weight cannot be calculated
low,variant_missing_weight,variant,2097,PROS-PROT00QUU-2097,transform,client,needs-decision,no weight on the variation or its parent; shipping rates that depend on weight cannot be calculated
low,variant_missing_weight,variant,2098,PROS-PROT00QUU-2098,transform,client,needs-decision,no weight on the variation or its parent; shipping rates that depend on weight cannot be calculated
low,variant_missing_weight,variant,2099,PROS-PROT00QUU-2099,transform,client,needs-decision,no weight on the variation or its parent; shipping rates that depend on weight cannot be calculated
low,variant_missing_weight,variant,2106,PROS-PROT03QU2U-2106,transform,client,needs-decision,no weight on the variation or its parent; shipping rates that depend on weight cannot be calculated
low,variant_missing_weight,variant,2107,PROS-PROT03QU2U-2107,transform,client,needs-decision,no weight on the variation or its parent; shipping rates that depend on weight cannot be calculated
low,variant_missing_weight,variant,2108,PROS-PROT03QU2U-2108,transform,client,needs-decision,no weight on the variation or its parent; shipping rates that depend on weight cannot be calculated
low,variant_missing_weight,variant,2109,PROS-PROT03QU2U-2109,transform,client,needs-decision,no weight on the variation or its parent; shipping rates that depend on weight cannot be calculated
low,variant_missing_weight,variant,2118,PROS-PROT03PNSU-2118,transform,client,needs-decision,no weight on the variation or its parent; shipping rates that depend on weight cannot be calculated
low,variant_missing_weight,variant,2119,PROS-PROT03PNSU-2119,transform,client,needs-decision,no weight on the variation or its parent; shipping rates that depend on weight cannot be calculated
low,variant_missing_weight,variant,2124,PROS-PROT03PNPU-2124,transform,client,needs-decision,no weight on the variation or its parent; shipping rates that depend on weight cannot be calculated
low,variant_missing_weight,variant,2125,PROS-PROT03PNPU-2125,transform,client,needs-decision,no weight on the variation or its parent; shipping rates that depend on weight cannot be calculated
low,variant_missing_weight,variant,2130,PROS-PROT03PNJU-2130,transform,client,needs-decision,no weight on the variation or its parent; shipping rates that depend on weight cannot be calculated
low,variant_missing_weight,variant,2131,PROS-PROT03PNJU-2131,transform,client,needs-decision,no weight on the variation or its parent; shipping rates that depend on weight cannot be calculated
low,variant_missing_weight,variant,2141,PROS-1626-2141,transform,client,needs-decision,no weight on the variation or its parent; shipping rates that depend on weight cannot be calculated
low,variant_missing_weight,variant,2142,PROS-1626-2142,transform,client,needs-decision,no weight on the variation or its parent; shipping rates that depend on weight cannot be calculated
low,variant_missing_weight,variant,2143,PROS-1626-2143,transform,client,needs-decision,no weight on the variation or its parent; shipping rates that depend on weight cannot be calculated
low,variant_missing_weight,variant,2144,PROS-1626-2144,transform,client,needs-decision,no weight on the variation or its parent; shipping rates that depend on weight cannot be calculated
low,variant_missing_weight,variant,2145,PROS-1626-2145,transform,client,needs-decision,no weight on the variation or its parent; shipping rates that depend on weight cannot be calculated
low,variant_missing_weight,variant,2158,PROS-PROT03PIM-2158,transform,client,needs-decision,no weight on the variation or its parent; shipping rates that depend on weight cannot be calculated
low,variant_missing_weight,variant,2159,PROS-PROT03PIM-2159,transform,client,needs-decision,no weight on the variation or its parent; shipping rates that depend on weight cannot be calculated
low,variant_missing_weight,variant,2160,PROS-PROT03PIM-2160,transform,client,needs-decision,no weight on the variation or its parent; shipping rates that depend on weight cannot be calculated
low,variant_missing_weight,variant,2161,PROS-PROT03PIM-2161,transform,client,needs-decision,no weight on the variation or its parent; shipping rates that depend on weight cannot be calculated
low,variant_missing_weight,variant,2162,PROS-PROT03PIM-2162,transform,client,needs-decision,no weight on the variation or its parent; shipping rates that depend on weight cannot be calculated
low,variant_missing_weight,variant,2173,PROS-PROT03ORU-2173,transform,client,needs-decision,no weight on the variation or its parent; shipping rates that depend on weight cannot be calculated
low,variant_missing_weight,variant,2174,PROS-PROT03ORU-2174,transform,client,needs-decision,no weight on the variation or its parent; shipping rates that depend on weight cannot be calculated
low,variant_missing_weight,variant,2175,PROS-PROT03ORU-2175,transform,client,needs-decision,no weight on the variation or its parent; shipping rates that depend on weight cannot be calculated
low,variant_missing_weight,variant,2181,PROS-T00SH2-2181,transform,client,needs-decision,no weight on the variation or its parent; shipping rates that depend on weight cannot be calculated
low,variant_missing_weight,variant,2188,PROS-PROT03NTU-2188,transform,client,needs-decision,no weight on the variation or its parent; shipping rates that depend on weight cannot be calculated
low,variant_missing_weight,variant,2207,PROS-PROT00JUU-2207,transform,client,needs-decision,no weight on the variation or its parent; shipping rates that depend on weight cannot be calculated
low,variant_missing_weight,variant,2208,PROS-PROT00JUU-2208,transform,client,needs-decision,no weight on the variation or its parent; shipping rates that depend on weight cannot be calculated
low,variant_missing_weight,variant,2224,PROS-PROT00JOM-2224,transform,client,needs-decision,no weight on the variation or its parent; shipping rates that depend on weight cannot be calculated
low,variant_missing_weight,variant,2225,PROS-PROT00JOM-2225,transform,client,needs-decision,no weight on the variation or its parent; shipping rates that depend on weight cannot be calculated
low,variant_missing_weight,variant,2238,PROS-PROT03FAF-2238,transform,client,needs-decision,no weight on the variation or its parent; shipping rates that depend on weight cannot be calculated
low,variant_missing_weight,variant,2239,PROS-PROT03FAF-2239,transform,client,needs-decision,no weight on the variation or its parent; shipping rates that depend on weight cannot be calculated
low,variant_missing_weight,variant,2240,PROS-PROT00EPU-2240,transform,client,needs-decision,no weight on the variation or its parent; shipping rates that depend on weight cannot be calculated
low,variant_missing_weight,variant,2255,PROS-PROT03DVU-2255,transform,client,needs-decision,no weight on the variation or its parent; shipping rates that depend on weight cannot be calculated
low,variant_missing_weight,variant,2256,PROS-PROT03DVU-2256,transform,client,needs-decision,no weight on the variation or its parent; shipping rates that depend on weight cannot be calculated
low,variant_missing_weight,variant,2265,PROS-PROT03D2U-2265,transform,client,needs-decision,no weight on the variation or its parent; shipping rates that depend on weight cannot be calculated
low,variant_missing_weight,variant,2266,PROS-PROT03D2U-2266,transform,client,needs-decision,no weight on the variation or its parent; shipping rates that depend on weight cannot be calculated
low,variant_missing_weight,variant,2278,PROS-PROT00CIF-2278,transform,client,needs-decision,no weight on the variation or its parent; shipping rates that depend on weight cannot be calculated
low,variant_missing_weight,variant,2282,PROS-PROT00CIM-2282,transform,client,needs-decision,no weight on the variation or its parent; shipping rates that depend on weight cannot be calculated
low,variant_missing_weight,variant,2287,PROS-PROT00CEU-2287,transform,client,needs-decision,no weight on the variation or its parent; shipping rates that depend on weight cannot be calculated
low,variant_missing_weight,variant,2288,PROS-PROT00CEU-2288,transform,client,needs-decision,no weight on the variation or its parent; shipping rates that depend on weight cannot be calculated
low,variant_missing_weight,variant,2297,PROS-PROT03BPU-2297,transform,client,needs-decision,no weight on the variation or its parent; shipping rates that depend on weight cannot be calculated
low,variant_missing_weight,variant,2298,PROS-PROT03BPU-2298,transform,client,needs-decision,no weight on the variation or its parent; shipping rates that depend on weight cannot be calculated
low,variant_missing_weight,variant,2303,PROS-PROT03CL2U-2303,transform,client,needs-decision,no weight on the variation or its parent; shipping rates that depend on weight cannot be calculated
low,variant_missing_weight,variant,2304,PROS-PROT03CL2U-2304,transform,client,needs-decision,no weight on the variation or its parent; shipping rates that depend on weight cannot be calculated
low,variant_missing_weight,variant,2315,PROS-PROT03BJU-2315,transform,client,needs-decision,no weight on the variation or its parent; shipping rates that depend on weight cannot be calculated
low,variant_missing_weight,variant,2316,PROS-PROT03BJU-2316,transform,client,needs-decision,no weight on the variation or its parent; shipping rates that depend on weight cannot be calculated
low,variant_missing_weight,variant,2321,PROS-PROT03BHU-2321,transform,client,needs-decision,no weight on the variation or its parent; shipping rates that depend on weight cannot be calculated
low,variant_missing_weight,variant,2322,PROS-PROT03BHU-2322,transform,client,needs-decision,no weight on the variation or its parent; shipping rates that depend on weight cannot be calculated
low,variant_missing_weight,variant,2329,PROS-PROT03BCU-2329,transform,client,needs-decision,no weight on the variation or its parent; shipping rates that depend on weight cannot be calculated
low,variant_missing_weight,variant,2330,PROS-PROT03BCU-2330,transform,client,needs-decision,no weight on the variation or its parent; shipping rates that depend on weight cannot be calculated
low,variant_missing_weight,variant,2340,PROS-PROT00ARU-2340,transform,client,needs-decision,no weight on the variation or its parent; shipping rates that depend on weight cannot be calculated
low,variant_missing_weight,variant,2342,PROS-PROT00ARU-2342,transform,client,needs-decision,no weight on the variation or its parent; shipping rates that depend on weight cannot be calculated
low,variant_missing_weight,variant,2343,PROS-PROT00ARU-2343,transform,client,needs-decision,no weight on the variation or its parent; shipping rates that depend on weight cannot be calculated
low,variant_missing_weight,variant,2353,PROS-PROT00ALF-2353,transform,client,needs-decision,no weight on the variation or its parent; shipping rates that depend on weight cannot be calculated
low,variant_missing_weight,variant,2354,PROS-PROT00ALF-2354,transform,client,needs-decision,no weight on the variation or its parent; shipping rates that depend on weight cannot be calculated
low,variant_missing_weight,variant,2355,PROS-PROT00ALF-2355,transform,client,needs-decision,no weight on the variation or its parent; shipping rates that depend on weight cannot be calculated
low,variant_missing_weight,variant,2363,PROS-PROT00ALM-2363,transform,client,needs-decision,no weight on the variation or its parent; shipping rates that depend on weight cannot be calculated
low,variant_missing_weight,variant,2364,PROS-PROT00ALM-2364,transform,client,needs-decision,no weight on the variation or its parent; shipping rates that depend on weight cannot be calculated
low,variant_missing_weight,variant,2370,PROS-PROT00ACU-2370,transform,client,needs-decision,no weight on the variation or its parent; shipping rates that depend on weight cannot be calculated
low,variant_missing_weight,variant,2372,PROS-PROT03CZU-2372,transform,client,needs-decision,no weight on the variation or its parent; shipping rates that depend on weight cannot be calculated
low,variant_missing_weight,variant,2658,PROS-T00SH2-2658,transform,client,needs-decision,no weight on the variation or its parent; shipping rates that depend on weight cannot be calculated
low,variant_missing_weight,variant,2660,PROS-T00SH2-2660,transform,client,needs-decision,no weight on the variation or its parent; shipping rates that depend on weight cannot be calculated
low,variant_missing_weight,variant,2661,PROS-T00SH2-2661,transform,client,needs-decision,no weight on the variation or its parent; shipping rates that depend on weight cannot be calculated
low,variant_missing_weight,variant,2662,PROT03SLU-NBLUE-M,transform,client,needs-decision,no weight on the variation or its parent; shipping rates that depend on weight cannot be calculated
low,variant_missing_weight,variant,2663,PROT03SLU-NBLUE-XL,transform,client,needs-decision,no weight on the variation or its parent; shipping rates that depend on weight cannot be calculated
low,variant_missing_weight,variant,2664,PROT03SLU-BLACK-S,transform,client,needs-decision,no weight on the variation or its parent; shipping rates that depend on weight cannot be calculated
low,variant_missing_weight,variant,2665,PROT03SLU-BLACK-M,transform,client,needs-decision,no weight on the variation or its parent; shipping rates that depend on weight cannot be calculated
low,variant_missing_weight,variant,2666,PROT03SLU-BLACK-XL,transform,client,needs-decision,no weight on the variation or its parent; shipping rates that depend on weight cannot be calculated
low,variant_missing_weight,variant,2667,PROT03SLU-WHITE-S,transform,client,needs-decision,no weight on the variation or its parent; shipping rates that depend on weight cannot be calculated
low,variant_missing_weight,variant,2668,PROT03SLU-WHITE-M,transform,client,needs-decision,no weight on the variation or its parent; shipping rates that depend on weight cannot be calculated
low,variant_missing_weight,variant,2669,PROT03SLU-WHITE-XL,transform,client,needs-decision,no weight on the variation or its parent; shipping rates that depend on weight cannot be calculated
low,variant_missing_weight,variant,2671,PROS-PROT00EPU-2671,transform,client,needs-decision,no weight on the variation or its parent; shipping rates that depend on weight cannot be calculated
low,variant_missing_weight,variant,2672,PROS-PROT00EPU-2672,transform,client,needs-decision,no weight on the variation or its parent; shipping rates that depend on weight cannot be calculated
low,variant_missing_weight,variant,2673,PROS-PROT00EPU-2673,transform,client,needs-decision,no weight on the variation or its parent; shipping rates that depend on weight cannot be calculated
low,variant_missing_weight,variant,2674,PROS-PROT00EPU-2674,transform,client,needs-decision,no weight on the variation or its parent; shipping rates that depend on weight cannot be calculated
low,variant_missing_weight,variant,2675,PROS-PROT00EPU-2675,transform,client,needs-decision,no weight on the variation or its parent; shipping rates that depend on weight cannot be calculated
low,variant_missing_weight,variant,2676,PROS-PROT00ACU-2676,transform,client,needs-decision,no weight on the variation or its parent; shipping rates that depend on weight cannot be calculated
low,variant_missing_weight,variant,2677,PROS-PROT00ACU-2677,transform,client,needs-decision,no weight on the variation or its parent; shipping rates that depend on weight cannot be calculated
low,variant_missing_weight,variant,2678,PROS-PROT03NTU-2678,transform,client,needs-decision,no weight on the variation or its parent; shipping rates that depend on weight cannot be calculated
low,variant_missing_weight,variant,2679,PROS-PROT03NTU-2679,transform,client,needs-decision,no weight on the variation or its parent; shipping rates that depend on weight cannot be calculated
low,variant_missing_weight,variant,2681,PROS-PROT00ACU-2681,transform,client,needs-decision,no weight on the variation or its parent; shipping rates that depend on weight cannot be calculated
low,variant_missing_weight,variant,2683,PROS-PROT00ACU-2683,transform,client,needs-decision,no weight on the variation or its parent; shipping rates that depend on weight cannot be calculated
low,variant_missing_weight,variant,2684,PROS-PROT00ACU-2684,transform,client,needs-decision,no weight on the variation or its parent; shipping rates that depend on weight cannot be calculated
low,variant_missing_weight,variant,2685,PROS-PROT00ACU-2685,transform,client,needs-decision,no weight on the variation or its parent; shipping rates that depend on weight cannot be calculated
low,variant_missing_weight,variant,2686,PROS-PROT00ACU-2686,transform,client,needs-decision,no weight on the variation or its parent; shipping rates that depend on weight cannot be calculated
low,variant_missing_weight,variant,2687,PROS-PROT00ACU-2687,transform,client,needs-decision,no weight on the variation or its parent; shipping rates that depend on weight cannot be calculated
low,variant_missing_weight,variant,2689,PROS-PROT00ACU-2689,transform,client,needs-decision,no weight on the variation or its parent; shipping rates that depend on weight cannot be calculated
low,variant_missing_weight,variant,2785,PROS-PROT03PIM-2785,transform,client,needs-decision,no weight on the variation or its parent; shipping rates that depend on weight cannot be calculated
low,variant_missing_weight,variant,3167,PROS-PROT00SEM1-3167,transform,client,needs-decision,no weight on the variation or its parent; shipping rates that depend on weight cannot be calculated
low,variant_missing_weight,variant,3176,PROS-PROSETTEMO-3176,transform,client,needs-decision,no weight on the variation or its parent; shipping rates that depend on weight cannot be calculated
low,variant_missing_weight,variant,3177,PROS-PROSETTEMO-3177,transform,client,needs-decision,no weight on the variation or its parent; shipping rates that depend on weight cannot be calculated
low,variant_missing_weight,variant,3178,PROS-PROSETTEMO-3178,transform,client,needs-decision,no weight on the variation or its parent; shipping rates that depend on weight cannot be calculated
low,variant_missing_weight,variant,3542,PROS-PROT03NTU-3542,transform,client,needs-decision,no weight on the variation or its parent; shipping rates that depend on weight cannot be calculated
low,variant_missing_weight,variant,3543,PROS-PROT03NTU-3543,transform,client,needs-decision,no weight on the variation or its parent; shipping rates that depend on weight cannot be calculated
low,variant_missing_weight,variant,3544,PROS-T00SH2-3544,transform,client,needs-decision,no weight on the variation or its parent; shipping rates that depend on weight cannot be calculated
low,variant_missing_weight,variant,3545,PROS-T00SH2-3545,transform,client,needs-decision,no weight on the variation or its parent; shipping rates that depend on weight cannot be calculated
low,variant_missing_weight,variant,3546,PROS-T00SH2-3546,transform,client,needs-decision,no weight on the variation or its parent; shipping rates that depend on weight cannot be calculated
low,variant_missing_weight,variant,3547,PROS-T00SH2-3547,transform,client,needs-decision,no weight on the variation or its parent; shipping rates that depend on weight cannot be calculated
low,variant_missing_weight,variant,3548,PROS-T00SH2-3548,transform,client,needs-decision,no weight on the variation or its parent; shipping rates that depend on weight cannot be calculated
low,variant_missing_weight,variant,3559,PROS-T00SH2-3559,transform,client,needs-decision,no weight on the variation or its parent; shipping rates that depend on weight cannot be calculated
low,variant_missing_weight,variant,3560,PROS-T00SH2-3560,transform,client,needs-decision,no weight on the variation or its parent; shipping rates that depend on weight cannot be calculated
low,variant_missing_weight,variant,3908,PROS-3906-3908,transform,client,needs-decision,no weight on the variation or its parent; shipping rates that depend on weight cannot be calculated
low,variant_missing_weight,variant,4023,PROS-NINEVOLLEY-4023,transform,client,needs-decision,no weight on the variation or its parent; shipping rates that depend on weight cannot be calculated
low,variant_missing_weight,variant,4032,PROS-4031-4032,transform,client,needs-decision,no weight on the variation or its parent; shipping rates that depend on weight cannot be calculated
low,variant_missing_weight,variant,4107,PROS-COACHINGBO-4107,transform,client,needs-decision,no weight on the variation or its parent; shipping rates that depend on weight cannot be calculated
low,variant_missing_weight,variant,4355,PROS-PROT00STM-4355,transform,client,needs-decision,no weight on the variation or its parent; shipping rates that depend on weight cannot be calculated
low,variant_missing_weight,variant,4356,PROT00STM-White,transform,client,needs-decision,no weight on the variation or its parent; shipping rates that depend on weight cannot be calculated
low,variant_missing_weight,variant,4357,PROT00STM-Yellow,transform,client,needs-decision,no weight on the variation or its parent; shipping rates that depend on weight cannot be calculated
low,variant_missing_weight,variant,4358,PROS-PROT00STM-4358,transform,client,needs-decision,no weight on the variation or its parent; shipping rates that depend on weight cannot be calculated
low,variant_missing_weight,variant,4359,PROS-PROT00STM-4359,transform,client,needs-decision,no weight on the variation or its parent; shipping rates that depend on weight cannot be calculated
low,variant_missing_weight,variant,4360,PROS-PROT00STM-4360,transform,client,needs-decision,no weight on the variation or its parent; shipping rates that depend on weight cannot be calculated
low,variant_missing_weight,variant,4361,PROS-PROT00STM-4361,transform,client,needs-decision,no weight on the variation or its parent; shipping rates that depend on weight cannot be calculated
low,variant_missing_weight,variant,4362,PROS-PROT00STM-4362,transform,client,needs-decision,no weight on the variation or its parent; shipping rates that depend on weight cannot be calculated
low,variant_missing_weight,variant,4363,PROS-PROT00STM-4363,transform,client,needs-decision,no weight on the variation or its parent; shipping rates that depend on weight cannot be calculated
low,variant_missing_weight,variant,4364,PROS-PROT00STM-4364,transform,client,needs-decision,no weight on the variation or its parent; shipping rates that depend on weight cannot be calculated
low,variant_missing_weight,variant,4365,PROS-PROT00STM-4365,transform,client,needs-decision,no weight on the variation or its parent; shipping rates that depend on weight cannot be calculated
low,variant_missing_weight,variant,4366,PROS-PROT00STM-4366,transform,client,needs-decision,no weight on the variation or its parent; shipping rates that depend on weight cannot be calculated
low,variant_missing_weight,variant,4367,PROS-PROT00STM-4367,transform,client,needs-decision,no weight on the variation or its parent; shipping rates that depend on weight cannot be calculated
low,variant_missing_weight,variant,4368,PROS-PROT00STM-4368,transform,client,needs-decision,no weight on the variation or its parent; shipping rates that depend on weight cannot be calculated
low,variant_missing_weight,variant,4369,PROS-PROT00STM-4369,transform,client,needs-decision,no weight on the variation or its parent; shipping rates that depend on weight cannot be calculated
low,variant_missing_weight,variant,4370,PROS-PROT00STM-4370,transform,client,needs-decision,no weight on the variation or its parent; shipping rates that depend on weight cannot be calculated
low,variant_missing_weight,variant,4371,PROS-PROT00STM-4371,transform,client,needs-decision,no weight on the variation or its parent; shipping rates that depend on weight cannot be calculated
low,variant_missing_weight,variant,4372,PROS-PROT00STM-4372,transform,client,needs-decision,no weight on the variation or its parent; shipping rates that depend on weight cannot be calculated
low,variant_missing_weight,variant,4373,PROS-PROT00STM-4373,transform,client,needs-decision,no weight on the variation or its parent; shipping rates that depend on weight cannot be calculated
low,variant_missing_weight,variant,4374,PROS-PROT00STM-4374,transform,client,needs-decision,no weight on the variation or its parent; shipping rates that depend on weight cannot be calculated
low,variant_missing_weight,variant,4375,PROS-PROT00STM-4375,transform,client,needs-decision,no weight on the variation or its parent; shipping rates that depend on weight cannot be calculated
low,variant_missing_weight,variant,4376,PROS-PROT00STM-4376,transform,client,needs-decision,no weight on the variation or its parent; shipping rates that depend on weight cannot be calculated
low,variant_missing_weight,variant,4377,PROS-PROT00STM-4377,transform,client,needs-decision,no weight on the variation or its parent; shipping rates that depend on weight cannot be calculated
low,variant_missing_weight,variant,4378,PROS-PROT00STM-4378,transform,client,needs-decision,no weight on the variation or its parent; shipping rates that depend on weight cannot be calculated
low,variant_missing_weight,variant,4389,PROS-PROT00STMS-4389,transform,client,needs-decision,no weight on the variation or its parent; shipping rates that depend on weight cannot be calculated
low,variant_missing_weight,variant,4390,PROS-PROT00STMS-4390,transform,client,needs-decision,no weight on the variation or its parent; shipping rates that depend on weight cannot be calculated
low,variant_missing_weight,variant,4391,PROS-PROT00STMS-4391,transform,client,needs-decision,no weight on the variation or its parent; shipping rates that depend on weight cannot be calculated
low,variant_missing_weight,variant,4392,PROS-PROT00STMS-4392,transform,client,needs-decision,no weight on the variation or its parent; shipping rates that depend on weight cannot be calculated
low,variant_missing_weight,variant,4393,PROS-PROT00STMS-4393,transform,client,needs-decision,no weight on the variation or its parent; shipping rates that depend on weight cannot be calculated
low,variant_missing_weight,variant,4394,PROS-PROT00STMS-4394,transform,client,needs-decision,no weight on the variation or its parent; shipping rates that depend on weight cannot be calculated
low,variant_missing_weight,variant,4395,PROS-PROT00STMS-4395,transform,client,needs-decision,no weight on the variation or its parent; shipping rates that depend on weight cannot be calculated
low,variant_missing_weight,variant,4396,PROS-PROT00STMS-4396,transform,client,needs-decision,no weight on the variation or its parent; shipping rates that depend on weight cannot be calculated
low,variant_missing_weight,variant,4397,PROS-PROT00STMS-4397,transform,client,needs-decision,no weight on the variation or its parent; shipping rates that depend on weight cannot be calculated
low,variant_missing_weight,variant,4398,PROS-PROT00STMS-4398,transform,client,needs-decision,no weight on the variation or its parent; shipping rates that depend on weight cannot be calculated
low,variant_missing_weight,variant,4399,PROS-PROT00STMS-4399,transform,client,needs-decision,no weight on the variation or its parent; shipping rates that depend on weight cannot be calculated
low,variant_missing_weight,variant,4400,PROS-PROT00STMS-4400,transform,client,needs-decision,no weight on the variation or its parent; shipping rates that depend on weight cannot be calculated
low,variant_missing_weight,variant,4401,PROS-PROT00STMS-4401,transform,client,needs-decision,no weight on the variation or its parent; shipping rates that depend on weight cannot be calculated
low,variant_missing_weight,variant,4402,PROS-PROT00STMS-4402,transform,client,needs-decision,no weight on the variation or its parent; shipping rates that depend on weight cannot be calculated
low,variant_missing_weight,variant,4403,PROS-PROT00STMS-4403,transform,client,needs-decision,no weight on the variation or its parent; shipping rates that depend on weight cannot be calculated
low,variant_missing_weight,variant,4404,PROS-PROT00STMS-4404,transform,client,needs-decision,no weight on the variation or its parent; shipping rates that depend on weight cannot be calculated
low,variant_missing_weight,variant,4405,PROS-PROT00STMS-4405,transform,client,needs-decision,no weight on the variation or its parent; shipping rates that depend on weight cannot be calculated
low,variant_missing_weight,variant,4406,PROS-PROT00STMS-4406,transform,client,needs-decision,no weight on the variation or its parent; shipping rates that depend on weight cannot be calculated
low,variant_missing_weight,variant,4407,PROS-PROT00STMS-4407,transform,client,needs-decision,no weight on the variation or its parent; shipping rates that depend on weight cannot be calculated
low,variant_missing_weight,variant,4408,PROS-PROT00STMS-4408,transform,client,needs-decision,no weight on the variation or its parent; shipping rates that depend on weight cannot be calculated
low,variant_missing_weight,variant,4409,PROS-PROT00STMS-4409,transform,client,needs-decision,no weight on the variation or its parent; shipping rates that depend on weight cannot be calculated
low,variant_missing_weight,variant,4423,PROT00STW-Navy,transform,client,needs-decision,no weight on the variation or its parent; shipping rates that depend on weight cannot be calculated
low,variant_missing_weight,variant,4424,PROT00STW-White,transform,client,needs-decision,no weight on the variation or its parent; shipping rates that depend on weight cannot be calculated
low,variant_missing_weight,variant,4425,PROT00STW-Yellow,transform,client,needs-decision,no weight on the variation or its parent; shipping rates that depend on weight cannot be calculated
low,variant_missing_weight,variant,4426,PROS-PROT00STW-4426,transform,client,needs-decision,no weight on the variation or its parent; shipping rates that depend on weight cannot be calculated
low,variant_missing_weight,variant,4427,PROS-PROT00STW-4427,transform,client,needs-decision,no weight on the variation or its parent; shipping rates that depend on weight cannot be calculated
low,variant_missing_weight,variant,4428,PROS-PROT00STW-4428,transform,client,needs-decision,no weight on the variation or its parent; shipping rates that depend on weight cannot be calculated
low,variant_missing_weight,variant,4429,PROS-PROT00STW-4429,transform,client,needs-decision,no weight on the variation or its parent; shipping rates that depend on weight cannot be calculated
low,variant_missing_weight,variant,4430,PROS-PROT00STW-4430,transform,client,needs-decision,no weight on the variation or its parent; shipping rates that depend on weight cannot be calculated
low,variant_missing_weight,variant,4431,PROS-PROT00STW-4431,transform,client,needs-decision,no weight on the variation or its parent; shipping rates that depend on weight cannot be calculated
low,variant_missing_weight,variant,4432,PROS-PROT00STW-4432,transform,client,needs-decision,no weight on the variation or its parent; shipping rates that depend on weight cannot be calculated
low,variant_missing_weight,variant,4433,PROS-PROT00STW-4433,transform,client,needs-decision,no weight on the variation or its parent; shipping rates that depend on weight cannot be calculated
low,variant_missing_weight,variant,4434,PROS-PROT00STW-4434,transform,client,needs-decision,no weight on the variation or its parent; shipping rates that depend on weight cannot be calculated
low,variant_missing_weight,variant,4435,PROS-PROT00STW-4435,transform,client,needs-decision,no weight on the variation or its parent; shipping rates that depend on weight cannot be calculated
low,variant_missing_weight,variant,4436,PROS-PROT00STW-4436,transform,client,needs-decision,no weight on the variation or its parent; shipping rates that depend on weight cannot be calculated
low,variant_missing_weight,variant,4437,PROS-PROT00STW-4437,transform,client,needs-decision,no weight on the variation or its parent; shipping rates that depend on weight cannot be calculated
low,variant_missing_weight,variant,4438,PROS-PROT00STW-4438,transform,client,needs-decision,no weight on the variation or its parent; shipping rates that depend on weight cannot be calculated
low,variant_missing_weight,variant,4439,PROS-PROT00STW-4439,transform,client,needs-decision,no weight on the variation or its parent; shipping rates that depend on weight cannot be calculated
low,variant_missing_weight,variant,4440,PROS-PROT00STW-4440,transform,client,needs-decision,no weight on the variation or its parent; shipping rates that depend on weight cannot be calculated
low,variant_missing_weight,variant,4441,PROS-PROT00STW-4441,transform,client,needs-decision,no weight on the variation or its parent; shipping rates that depend on weight cannot be calculated
low,variant_missing_weight,variant,4442,PROS-PROT00STW-4442,transform,client,needs-decision,no weight on the variation or its parent; shipping rates that depend on weight cannot be calculated
low,variant_missing_weight,variant,4443,PROS-PROT00STW-4443,transform,client,needs-decision,no weight on the variation or its parent; shipping rates that depend on weight cannot be calculated
low,variant_missing_weight,variant,4457,PROS-PROT00SSW-4457,transform,client,needs-decision,no weight on the variation or its parent; shipping rates that depend on weight cannot be calculated
low,variant_missing_weight,variant,4458,PROT00SSW-White,transform,client,needs-decision,no weight on the variation or its parent; shipping rates that depend on weight cannot be calculated
low,variant_missing_weight,variant,4459,PROT00SSW-Yellow,transform,client,needs-decision,no weight on the variation or its parent; shipping rates that depend on weight cannot be calculated
low,variant_missing_weight,variant,4460,PROS-PROT00SSW-4460,transform,client,needs-decision,no weight on the variation or its parent; shipping rates that depend on weight cannot be calculated
low,variant_missing_weight,variant,4461,PROS-PROT00SSW-4461,transform,client,needs-decision,no weight on the variation or its parent; shipping rates that depend on weight cannot be calculated
low,variant_missing_weight,variant,4462,PROS-PROT00SSW-4462,transform,client,needs-decision,no weight on the variation or its parent; shipping rates that depend on weight cannot be calculated
low,variant_missing_weight,variant,4463,PROS-PROT00SSW-4463,transform,client,needs-decision,no weight on the variation or its parent; shipping rates that depend on weight cannot be calculated
low,variant_missing_weight,variant,4464,PROS-PROT00SSW-4464,transform,client,needs-decision,no weight on the variation or its parent; shipping rates that depend on weight cannot be calculated
low,variant_missing_weight,variant,4465,PROS-PROT00SSW-4465,transform,client,needs-decision,no weight on the variation or its parent; shipping rates that depend on weight cannot be calculated
low,variant_missing_weight,variant,4466,PROS-PROT00SSW-4466,transform,client,needs-decision,no weight on the variation or its parent; shipping rates that depend on weight cannot be calculated
low,variant_missing_weight,variant,4467,PROS-PROT00SSW-4467,transform,client,needs-decision,no weight on the variation or its parent; shipping rates that depend on weight cannot be calculated
low,variant_missing_weight,variant,4468,PROS-PROT00SSW-4468,transform,client,needs-decision,no weight on the variation or its parent; shipping rates that depend on weight cannot be calculated
low,variant_missing_weight,variant,4469,PROS-PROT00SSW-4469,transform,client,needs-decision,no weight on the variation or its parent; shipping rates that depend on weight cannot be calculated
low,variant_missing_weight,variant,4470,PROS-PROT00SSW-4470,transform,client,needs-decision,no weight on the variation or its parent; shipping rates that depend on weight cannot be calculated
low,variant_missing_weight,variant,4471,PROS-PROT00SSW-4471,transform,client,needs-decision,no weight on the variation or its parent; shipping rates that depend on weight cannot be calculated
low,variant_missing_weight,variant,4472,PROT00SSW-Navy,transform,client,needs-decision,no weight on the variation or its parent; shipping rates that depend on weight cannot be calculated
low,variant_missing_weight,variant,4473,PROS-PROT00SSW-4473,transform,client,needs-decision,no weight on the variation or its parent; shipping rates that depend on weight cannot be calculated
low,variant_missing_weight,variant,4474,PROS-PROT00SSW-4474,transform,client,needs-decision,no weight on the variation or its parent; shipping rates that depend on weight cannot be calculated
low,variant_missing_weight,variant,4475,PROS-PROT00SSW-4475,transform,client,needs-decision,no weight on the variation or its parent; shipping rates that depend on weight cannot be calculated
low,variant_missing_weight,variant,4476,PROS-PROT00SSW-4476,transform,client,needs-decision,no weight on the variation or its parent; shipping rates that depend on weight cannot be calculated
low,variant_missing_weight,variant,4477,PROS-PROT00SSW-4477,transform,client,needs-decision,no weight on the variation or its parent; shipping rates that depend on weight cannot be calculated
low,variant_missing_weight,variant,4491,PROS-PROT00JUU-4491,transform,client,needs-decision,no weight on the variation or its parent; shipping rates that depend on weight cannot be calculated
low,variant_missing_weight,variant,4493,PROS-PROT00JUU-4493,transform,client,needs-decision,no weight on the variation or its parent; shipping rates that depend on weight cannot be calculated
low,variant_missing_weight,variant,4494,PROS-PROT00JUU-4494,transform,client,needs-decision,no weight on the variation or its parent; shipping rates that depend on weight cannot be calculated
low,variant_missing_weight,variant,4495,PROS-PROT00JUU-4495,transform,client,needs-decision,no weight on the variation or its parent; shipping rates that depend on weight cannot be calculated
low,variant_missing_weight,variant,4496,PROS-PROT00JUU-4496,transform,client,needs-decision,no weight on the variation or its parent; shipping rates that depend on weight cannot be calculated
low,variant_missing_weight,variant,4497,PROS-PROT00JUU-4497,transform,client,needs-decision,no weight on the variation or its parent; shipping rates that depend on weight cannot be calculated
low,variant_missing_weight,variant,4499,PROT00JMU-Black,transform,client,needs-decision,no weight on the variation or its parent; shipping rates that depend on weight cannot be calculated
low,variant_missing_weight,variant,4500,PROS-PROT00JMU-4500,transform,client,needs-decision,no weight on the variation or its parent; shipping rates that depend on weight cannot be calculated
low,variant_missing_weight,variant,4501,PROS-PROT00JMU-4501,transform,client,needs-decision,no weight on the variation or its parent; shipping rates that depend on weight cannot be calculated
low,variant_missing_weight,variant,4502,PROT00JMU-Navy,transform,client,needs-decision,no weight on the variation or its parent; shipping rates that depend on weight cannot be calculated
low,variant_missing_weight,variant,4503,PROS-PROT00JMU-4503,transform,client,needs-decision,no weight on the variation or its parent; shipping rates that depend on weight cannot be calculated
low,variant_missing_weight,variant,4504,PROS-PROT00JMU-4504,transform,client,needs-decision,no weight on the variation or its parent; shipping rates that depend on weight cannot be calculated
low,variant_missing_weight,variant,4514,PROS-PROT00PSS-4514,transform,client,needs-decision,no weight on the variation or its parent; shipping rates that depend on weight cannot be calculated
low,variant_missing_weight,variant,4515,PROS-PROT00PSS-4515,transform,client,needs-decision,no weight on the variation or its parent; shipping rates that depend on weight cannot be calculated
low,variant_missing_weight,variant,4516,PROS-PROT00PSS-4516,transform,client,needs-decision,no weight on the variation or its parent; shipping rates that depend on weight cannot be calculated
low,variant_missing_weight,variant,4807,PROS-PROT03NTU-4807,transform,client,needs-decision,no weight on the variation or its parent; shipping rates that depend on weight cannot be calculated
low,variant_missing_weight,variant,4811,PROT03SLU-NBLUE-L,transform,client,needs-decision,no weight on the variation or its parent; shipping rates that depend on weight cannot be calculated
low,variant_missing_weight,variant,4850,PROT00SSW-Black-1,transform,client,needs-decision,no weight on the variation or its parent; shipping rates that depend on weight cannot be calculated
low,variant_missing_weight,variant,4851,PROT00SSW-White-1,transform,client,needs-decision,no weight on the variation or its parent; shipping rates that depend on weight cannot be calculated
low,variant_missing_weight,variant,4852,PROT00SSW-Yellow-1,transform,client,needs-decision,no weight on the variation or its parent; shipping rates that depend on weight cannot be calculated
low,variant_missing_weight,variant,4853,PROS-PROT00SSW1-4853,transform,client,needs-decision,no weight on the variation or its parent; shipping rates that depend on weight cannot be calculated
low,variant_missing_weight,variant,4854,PROS-PROT00SSW1-4854,transform,client,needs-decision,no weight on the variation or its parent; shipping rates that depend on weight cannot be calculated
low,variant_missing_weight,variant,4855,PROS-PROT00SSW1-4855,transform,client,needs-decision,no weight on the variation or its parent; shipping rates that depend on weight cannot be calculated
low,variant_missing_weight,variant,4856,PROS-PROT00SSW1-4856,transform,client,needs-decision,no weight on the variation or its parent; shipping rates that depend on weight cannot be calculated
low,variant_missing_weight,variant,4857,PROS-PROT00SSW1-4857,transform,client,needs-decision,no weight on the variation or its parent; shipping rates that depend on weight cannot be calculated
low,variant_missing_weight,variant,4858,PROS-PROT00SSW1-4858,transform,client,needs-decision,no weight on the variation or its parent; shipping rates that depend on weight cannot be calculated
low,variant_missing_weight,variant,4859,PROS-PROT00SSW1-4859,transform,client,needs-decision,no weight on the variation or its parent; shipping rates that depend on weight cannot be calculated
low,variant_missing_weight,variant,4860,PROS-PROT00SSW1-4860,transform,client,needs-decision,no weight on the variation or its parent; shipping rates that depend on weight cannot be calculated
low,variant_missing_weight,variant,4861,PROS-PROT00SSW1-4861,transform,client,needs-decision,no weight on the variation or its parent; shipping rates that depend on weight cannot be calculated
low,variant_missing_weight,variant,4862,PROS-PROT00SSW1-4862,transform,client,needs-decision,no weight on the variation or its parent; shipping rates that depend on weight cannot be calculated
low,variant_missing_weight,variant,4863,PROS-PROT00SSW1-4863,transform,client,needs-decision,no weight on the variation or its parent; shipping rates that depend on weight cannot be calculated
low,variant_missing_weight,variant,4864,PROS-PROT00SSW1-4864,transform,client,needs-decision,no weight on the variation or its parent; shipping rates that depend on weight cannot be calculated
low,variant_missing_weight,variant,4865,PROT00SSW-Navy-1,transform,client,needs-decision,no weight on the variation or its parent; shipping rates that depend on weight cannot be calculated
low,variant_missing_weight,variant,4866,PROS-PROT00SSW1-4866,transform,client,needs-decision,no weight on the variation or its parent; shipping rates that depend on weight cannot be calculated
low,variant_missing_weight,variant,4867,PROS-PROT00SSW1-4867,transform,client,needs-decision,no weight on the variation or its parent; shipping rates that depend on weight cannot be calculated
low,variant_missing_weight,variant,4868,PROS-PROT00SSW1-4868,transform,client,needs-decision,no weight on the variation or its parent; shipping rates that depend on weight cannot be calculated
low,variant_missing_weight,variant,4869,PROS-PROT00SSW1-4869,transform,client,needs-decision,no weight on the variation or its parent; shipping rates that depend on weight cannot be calculated
low,variant_missing_weight,variant,4870,PROS-PROT00SSW1-4870,transform,client,needs-decision,no weight on the variation or its parent; shipping rates that depend on weight cannot be calculated
low,variant_missing_weight,variant,4889,PROT00STW-Black-1,transform,client,needs-decision,no weight on the variation or its parent; shipping rates that depend on weight cannot be calculated
low,variant_missing_weight,variant,4890,PROT00STW-White-1,transform,client,needs-decision,no weight on the variation or its parent; shipping rates that depend on weight cannot be calculated
low,variant_missing_weight,variant,4891,PROT00STW-Yellow-1,transform,client,needs-decision,no weight on the variation or its parent; shipping rates that depend on weight cannot be calculated
low,variant_missing_weight,variant,4892,PROS-PROT00STW1-4892,transform,client,needs-decision,no weight on the variation or its parent; shipping rates that depend on weight cannot be calculated
low,variant_missing_weight,variant,4893,PROS-PROT00STW1-4893,transform,client,needs-decision,no weight on the variation or its parent; shipping rates that depend on weight cannot be calculated
low,variant_missing_weight,variant,4894,PROS-PROT00STW1-4894,transform,client,needs-decision,no weight on the variation or its parent; shipping rates that depend on weight cannot be calculated
low,variant_missing_weight,variant,4895,PROS-PROT00STW1-4895,transform,client,needs-decision,no weight on the variation or its parent; shipping rates that depend on weight cannot be calculated
low,variant_missing_weight,variant,4896,PROS-PROT00STW1-4896,transform,client,needs-decision,no weight on the variation or its parent; shipping rates that depend on weight cannot be calculated
low,variant_missing_weight,variant,4897,PROS-PROT00STW1-4897,transform,client,needs-decision,no weight on the variation or its parent; shipping rates that depend on weight cannot be calculated
low,variant_missing_weight,variant,4898,PROS-PROT00STW1-4898,transform,client,needs-decision,no weight on the variation or its parent; shipping rates that depend on weight cannot be calculated
low,variant_missing_weight,variant,4899,PROS-PROT00STW1-4899,transform,client,needs-decision,no weight on the variation or its parent; shipping rates that depend on weight cannot be calculated
low,variant_missing_weight,variant,4900,PROS-PROT00STW1-4900,transform,client,needs-decision,no weight on the variation or its parent; shipping rates that depend on weight cannot be calculated
low,variant_missing_weight,variant,4901,PROS-PROT00STW1-4901,transform,client,needs-decision,no weight on the variation or its parent; shipping rates that depend on weight cannot be calculated
low,variant_missing_weight,variant,4902,PROS-PROT00STW1-4902,transform,client,needs-decision,no weight on the variation or its parent; shipping rates that depend on weight cannot be calculated
low,variant_missing_weight,variant,4903,PROS-PROT00STW1-4903,transform,client,needs-decision,no weight on the variation or its parent; shipping rates that depend on weight cannot be calculated
low,variant_missing_weight,variant,4904,PROS-PROT00STW1-4904,transform,client,needs-decision,no weight on the variation or its parent; shipping rates that depend on weight cannot be calculated
low,variant_missing_weight,variant,4911,PROT00STW-Black-T-shirt,transform,client,needs-decision,no weight on the variation or its parent; shipping rates that depend on weight cannot be calculated
low,variant_missing_weight,variant,4912,PROT00STW-Yellow-1-1,transform,client,needs-decision,no weight on the variation or its parent; shipping rates that depend on weight cannot be calculated
low,variant_missing_weight,variant,4913,PROS-PROT00STWT-4913,transform,client,needs-decision,no weight on the variation or its parent; shipping rates that depend on weight cannot be calculated
low,variant_missing_weight,variant,4914,PROS-PROT00STWT-4914,transform,client,needs-decision,no weight on the variation or its parent; shipping rates that depend on weight cannot be calculated
low,variant_missing_weight,variant,4915,PROS-PROT00STWT-4915,transform,client,needs-decision,no weight on the variation or its parent; shipping rates that depend on weight cannot be calculated
low,variant_missing_weight,variant,4916,PROS-PROT00STWT-4916,transform,client,needs-decision,no weight on the variation or its parent; shipping rates that depend on weight cannot be calculated
low,variant_missing_weight,variant,4917,PROS-PROT00STWT-4917,transform,client,needs-decision,no weight on the variation or its parent; shipping rates that depend on weight cannot be calculated
low,variant_missing_weight,variant,4918,PROS-PROT00STWT-4918,transform,client,needs-decision,no weight on the variation or its parent; shipping rates that depend on weight cannot be calculated
low,variant_missing_weight,variant,4928,PROT00IWV-Socks,transform,client,needs-decision,no weight on the variation or its parent; shipping rates that depend on weight cannot be calculated
low,variant_missing_weight,variant,4929,PROS-PROT00PSS1-4929,transform,client,needs-decision,no weight on the variation or its parent; shipping rates that depend on weight cannot be calculated
low,variant_missing_weight,variant,4935,PROT00SSM-IWV-Black-Shorts,transform,client,needs-decision,no weight on the variation or its parent; shipping rates that depend on weight cannot be calculated
low,variant_missing_weight,variant,4936,PROT00SSW-Yellow-1-1,transform,client,needs-decision,no weight on the variation or its parent; shipping rates that depend on weight cannot be calculated
low,variant_missing_weight,variant,4937,PROS-PROT00SSMI-4937,transform,client,needs-decision,no weight on the variation or its parent; shipping rates that depend on weight cannot be calculated
low,variant_missing_weight,variant,4938,PROS-PROT00SSMI-4938,transform,client,needs-decision,no weight on the variation or its parent; shipping rates that depend on weight cannot be calculated
low,variant_missing_weight,variant,4939,PROS-PROT00SSMI-4939,transform,client,needs-decision,no weight on the variation or its parent; shipping rates that depend on weight cannot be calculated
low,variant_missing_weight,variant,4940,PROS-PROT00SSMI-4940,transform,client,needs-decision,no weight on the variation or its parent; shipping rates that depend on weight cannot be calculated
low,variant_missing_weight,variant,4941,PROS-PROT00SSMI-4941,transform,client,needs-decision,no weight on the variation or its parent; shipping rates that depend on weight cannot be calculated
low,variant_missing_weight,variant,4942,PROS-PROT00SSMI-4942,transform,client,needs-decision,no weight on the variation or its parent; shipping rates that depend on weight cannot be calculated
low,variant_missing_weight,variant,4943,PROT00SSM-IWV-White-Shorts,transform,client,needs-decision,no weight on the variation or its parent; shipping rates that depend on weight cannot be calculated
low,variant_missing_weight,variant,4944,PROS-PROT00SSMI-4944,transform,client,needs-decision,no weight on the variation or its parent; shipping rates that depend on weight cannot be calculated
low,variant_missing_weight,variant,4945,PROS-PROT00SSMI-4945,transform,client,needs-decision,no weight on the variation or its parent; shipping rates that depend on weight cannot be calculated
low,variant_missing_weight,variant,4946,PROS-PROT00SSMI-4946,transform,client,needs-decision,no weight on the variation or its parent; shipping rates that depend on weight cannot be calculated
low,variant_missing_weight,variant,4947,PROS-PROT00SSMI-4947,transform,client,needs-decision,no weight on the variation or its parent; shipping rates that depend on weight cannot be calculated
low,variant_missing_weight,variant,4948,PROS-PROT00SSMI-4948,transform,client,needs-decision,no weight on the variation or its parent; shipping rates that depend on weight cannot be calculated
low,variant_missing_weight,variant,4949,PROS-PROT00SSMI-4949,transform,client,needs-decision,no weight on the variation or its parent; shipping rates that depend on weight cannot be calculated
low,variant_missing_weight,variant,4953,PROS-PROT00SSMI-4953,transform,client,needs-decision,no weight on the variation or its parent; shipping rates that depend on weight cannot be calculated
low,variant_missing_weight,variant,5021,PROT00STM-IWV-BLACK,transform,client,needs-decision,no weight on the variation or its parent; shipping rates that depend on weight cannot be calculated
low,variant_missing_weight,variant,5022,PROS-PROT00STMI-5022,transform,client,needs-decision,no weight on the variation or its parent; shipping rates that depend on weight cannot be calculated
low,variant_missing_weight,variant,5023,PROS-PROT00STMI-5023,transform,client,needs-decision,no weight on the variation or its parent; shipping rates that depend on weight cannot be calculated
low,variant_missing_weight,variant,5024,PROS-PROT00STMI-5024,transform,client,needs-decision,no weight on the variation or its parent; shipping rates that depend on weight cannot be calculated
low,variant_missing_weight,variant,5025,PROT00STM-IWV-Black-Jersey,transform,client,needs-decision,no weight on the variation or its parent; shipping rates that depend on weight cannot be calculated
low,variant_missing_weight,variant,5026,PROS-PROT00STMI-5026,transform,client,needs-decision,no weight on the variation or its parent; shipping rates that depend on weight cannot be calculated
low,variant_missing_weight,variant,5027,PROS-PROT00STMI-5027,transform,client,needs-decision,no weight on the variation or its parent; shipping rates that depend on weight cannot be calculated
low,variant_missing_weight,variant,5028,PROS-PROT00STMI-5028,transform,client,needs-decision,no weight on the variation or its parent; shipping rates that depend on weight cannot be calculated
low,variant_missing_weight,variant,5029,PROT00STM-IWV-WHITE,transform,client,needs-decision,no weight on the variation or its parent; shipping rates that depend on weight cannot be calculated
low,variant_missing_weight,variant,5030,PROS-PROT00STMI-5030,transform,client,needs-decision,no weight on the variation or its parent; shipping rates that depend on weight cannot be calculated
low,variant_missing_weight,variant,5031,PROS-PROT00STMI-5031,transform,client,needs-decision,no weight on the variation or its parent; shipping rates that depend on weight cannot be calculated
low,variant_missing_weight,variant,5032,PROS-PROT00STMI-5032,transform,client,needs-decision,no weight on the variation or its parent; shipping rates that depend on weight cannot be calculated
low,variant_missing_weight,variant,5033,PROS-PROT00STMI-5033,transform,client,needs-decision,no weight on the variation or its parent; shipping rates that depend on weight cannot be calculated
low,variant_missing_weight,variant,5034,PROS-PROT00STMI-5034,transform,client,needs-decision,no weight on the variation or its parent; shipping rates that depend on weight cannot be calculated
low,variant_missing_weight,variant,5035,PROS-PROT00STMI-5035,transform,client,needs-decision,no weight on the variation or its parent; shipping rates that depend on weight cannot be calculated
low,variant_missing_weight,variant,5036,PROS-PROT00STMI-5036,transform,client,needs-decision,no weight on the variation or its parent; shipping rates that depend on weight cannot be calculated
low,variant_missing_weight,variant,5038,PROT00VTM-T-Shirt,transform,client,needs-decision,no weight on the variation or its parent; shipping rates that depend on weight cannot be calculated
low,variant_missing_weight,variant,5039,PROT00STW-Yellow-1-1-1,transform,client,needs-decision,no weight on the variation or its parent; shipping rates that depend on weight cannot be calculated
low,variant_missing_weight,variant,5040,PROS-PROT00STWT-5040,transform,client,needs-decision,no weight on the variation or its parent; shipping rates that depend on weight cannot be calculated
low,variant_missing_weight,variant,5041,PROS-PROT00STWT-5041,transform,client,needs-decision,no weight on the variation or its parent; shipping rates that depend on weight cannot be calculated
low,variant_missing_weight,variant,5042,PROS-PROT00STWT-5042,transform,client,needs-decision,no weight on the variation or its parent; shipping rates that depend on weight cannot be calculated
low,variant_missing_weight,variant,5043,PROS-PROT00STWT-5043,transform,client,needs-decision,no weight on the variation or its parent; shipping rates that depend on weight cannot be calculated
low,variant_missing_weight,variant,5044,PROS-PROT00STWT-5044,transform,client,needs-decision,no weight on the variation or its parent; shipping rates that depend on weight cannot be calculated
low,variant_missing_weight,variant,5045,PROS-PROT00STWT-5045,transform,client,needs-decision,no weight on the variation or its parent; shipping rates that depend on weight cannot be calculated
low,variant_missing_weight,variant,5199,PROS-PROT00STMS-5199,transform,client,needs-decision,no weight on the variation or its parent; shipping rates that depend on weight cannot be calculated
low,variant_missing_weight,variant,5200,PROS-PROT00STW-5200,transform,client,needs-decision,no weight on the variation or its parent; shipping rates that depend on weight cannot be calculated
low,variant_missing_weight,variant,5201,PROS-PROT00SSW-5201,transform,client,needs-decision,no weight on the variation or its parent; shipping rates that depend on weight cannot be calculated
low,variant_missing_weight,variant,5319,PROT03SLU-BLACK-L,transform,client,needs-decision,no weight on the variation or its parent; shipping rates that depend on weight cannot be calculated
low,variant_missing_weight,variant,5320,PROT03SLU-WHITE-L,transform,client,needs-decision,no weight on the variation or its parent; shipping rates that depend on weight cannot be calculated
low,variant_missing_weight,variant,5435,PROS-5434-5435,transform,client,needs-decision,no weight on the variation or its parent; shipping rates that depend on weight cannot be calculated
low,variant_missing_weight,variant,5436,PROS-5434-5436,transform,client,needs-decision,no weight on the variation or its parent; shipping rates that depend on weight cannot be calculated
low,variant_missing_weight,variant,5437,PROS-5434-5437,transform,client,needs-decision,no weight on the variation or its parent; shipping rates that depend on weight cannot be calculated
low,variant_missing_weight,variant,5438,PROS-5434-5438,transform,client,needs-decision,no weight on the variation or its parent; shipping rates that depend on weight cannot be calculated
low,variant_missing_weight,variant,5439,PROS-5434-5439,transform,client,needs-decision,no weight on the variation or its parent; shipping rates that depend on weight cannot be calculated
low,variant_missing_weight,variant,5440,PROS-5434-5440,transform,client,needs-decision,no weight on the variation or its parent; shipping rates that depend on weight cannot be calculated
low,variant_missing_weight,variant,5441,PROS-5434-5441,transform,client,needs-decision,no weight on the variation or its parent; shipping rates that depend on weight cannot be calculated
low,variant_missing_weight,variant,5442,PROS-5434-5442,transform,client,needs-decision,no weight on the variation or its parent; shipping rates that depend on weight cannot be calculated
low,variant_missing_weight,variant,5443,PROS-5434-5443,transform,client,needs-decision,no weight on the variation or its parent; shipping rates that depend on weight cannot be calculated
low,variant_missing_weight,variant,5444,PROS-5434-5444,transform,client,needs-decision,no weight on the variation or its parent; shipping rates that depend on weight cannot be calculated
low,variant_missing_weight,variant,5445,PROS-5434-5445,transform,client,needs-decision,no weight on the variation or its parent; shipping rates that depend on weight cannot be calculated
low,variant_missing_weight,variant,5446,PROS-5434-5446,transform,client,needs-decision,no weight on the variation or its parent; shipping rates that depend on weight cannot be calculated
low,variant_missing_weight,variant,5470,EP-NB-XL,transform,client,needs-decision,no weight on the variation or its parent; shipping rates that depend on weight cannot be calculated
low,variant_missing_weight,variant,5471,EP-NB-ML,transform,client,needs-decision,no weight on the variation or its parent; shipping rates that depend on weight cannot be calculated
low,variant_missing_weight,variant,5472,PROS-PROT00EPU-5472,transform,client,needs-decision,no weight on the variation or its parent; shipping rates that depend on weight cannot be calculated
low,variant_missing_weight,variant,5473,ARMSLV-WHT-XL,transform,client,needs-decision,no weight on the variation or its parent; shipping rates that depend on weight cannot be calculated
low,variant_missing_weight,variant,5474,ACE-UNI-SM-BLACK,transform,client,needs-decision,no weight on the variation or its parent; shipping rates that depend on weight cannot be calculated
low,variant_missing_weight,variant,5475,ACE-UNI-ML-BLACK,transform,client,needs-decision,no weight on the variation or its parent; shipping rates that depend on weight cannot be calculated
low,variant_missing_weight,variant,5585,PROT00CEU,transform,client,needs-decision,no weight on the variation or its parent; shipping rates that depend on weight cannot be calculated
low,variant_missing_weight,variant,5586,PROT00CEU,transform,client,needs-decision,no weight on the variation or its parent; shipping rates that depend on weight cannot be calculated
low,variant_missing_weight,variant,5587,PROT00CEU,transform,client,needs-decision,no weight on the variation or its parent; shipping rates that depend on weight cannot be calculated
low,variant_missing_weight,variant,5588,PROT00CEU,transform,client,needs-decision,no weight on the variation or its parent; shipping rates that depend on weight cannot be calculated
low,variant_missing_weight,variant,5589,PROT00CEU,transform,client,needs-decision,no weight on the variation or its parent; shipping rates that depend on weight cannot be calculated
low,variant_missing_weight,variant,5590,PROT00CEU,transform,client,needs-decision,no weight on the variation or its parent; shipping rates that depend on weight cannot be calculated
low,variant_missing_weight,variant,5591,PROT00CEU,transform,client,needs-decision,no weight on the variation or its parent; shipping rates that depend on weight cannot be calculated
low,variant_missing_weight,variant,5592,PROT00CEU,transform,client,needs-decision,no weight on the variation or its parent; shipping rates that depend on weight cannot be calculated
low,variant_missing_weight,variant,5953,PROS-PROT00STW-4444,transform,client,needs-decision,no weight on the variation or its parent; shipping rates that depend on weight cannot be calculated
low,variant_missing_weight,variant,5954,PROS-PROT00STW-4445,transform,client,needs-decision,no weight on the variation or its parent; shipping rates that depend on weight cannot be calculated
low,variant_missing_weight,variant,5955,PROS-PROT00STW-4446,transform,client,needs-decision,no weight on the variation or its parent; shipping rates that depend on weight cannot be calculated
low,variant_missing_weight,variant,5991,PV-JERSEY-2627-WHT-S-MEN,transform,client,needs-decision,no weight on the variation or its parent; shipping rates that depend on weight cannot be calculated
low,variant_missing_weight,variant,5992,PV-JERSEY-2627-WHT-S-WOMEN,transform,client,needs-decision,no weight on the variation or its parent; shipping rates that depend on weight cannot be calculated
low,variant_missing_weight,variant,5993,PV-JERSEY-2627-WHT-M-MEN,transform,client,needs-decision,no weight on the variation or its parent; shipping rates that depend on weight cannot be calculated
low,variant_missing_weight,variant,5994,PV-JERSEY-2627-WHT-M-WOMEN,transform,client,needs-decision,no weight on the variation or its parent; shipping rates that depend on weight cannot be calculated
low,variant_missing_weight,variant,5995,PV-JERSEY-2627-WHT-L-MEN,transform,client,needs-decision,no weight on the variation or its parent; shipping rates that depend on weight cannot be calculated
low,variant_missing_weight,variant,5996,PV-JERSEY-2627-WHT-L-WOMEN,transform,client,needs-decision,no weight on the variation or its parent; shipping rates that depend on weight cannot be calculated
low,variant_missing_weight,variant,5997,PV-JERSEY-2627-WHT-XL-MEN,transform,client,needs-decision,no weight on the variation or its parent; shipping rates that depend on weight cannot be calculated
low,variant_missing_weight,variant,5998,PV-JERSEY-2627-WHT-XL-WOMEN,transform,client,needs-decision,no weight on the variation or its parent; shipping rates that depend on weight cannot be calculated
low,variant_missing_weight,variant,5999,PV-JERSEY-2627-WHT-XXL-MEN,transform,client,needs-decision,no weight on the variation or its parent; shipping rates that depend on weight cannot be calculated
low,variant_missing_weight,variant,6000,PV-JERSEY-2627-WHT-XXL-WOMEN,transform,client,needs-decision,no weight on the variation or its parent; shipping rates that depend on weight cannot be calculated
low,variant_missing_weight,variant,6001,PV-JERSEY-2627-WHT-XXXL-MEN,transform,client,needs-decision,no weight on the variation or its parent; shipping rates that depend on weight cannot be calculated
low,variant_missing_weight,variant,6002,PV-JERSEY-2627-WHT-XXXL-WOMEN,transform,client,needs-decision,no weight on the variation or its parent; shipping rates that depend on weight cannot be calculated
low,variant_missing_weight,variant,6003,PV-JERSEY-2627-NVY-S-MEN,transform,client,needs-decision,no weight on the variation or its parent; shipping rates that depend on weight cannot be calculated
low,variant_missing_weight,variant,6004,PV-JERSEY-2627-NVY-S-WOMEN,transform,client,needs-decision,no weight on the variation or its parent; shipping rates that depend on weight cannot be calculated
low,variant_missing_weight,variant,6005,PV-JERSEY-2627-NVY-M-MEN,transform,client,needs-decision,no weight on the variation or its parent; shipping rates that depend on weight cannot be calculated
low,variant_missing_weight,variant,6006,PV-JERSEY-2627-NVY-M-WOMEN,transform,client,needs-decision,no weight on the variation or its parent; shipping rates that depend on weight cannot be calculated
low,variant_missing_weight,variant,6007,PV-JERSEY-2627-NVY-L-MEN,transform,client,needs-decision,no weight on the variation or its parent; shipping rates that depend on weight cannot be calculated
low,variant_missing_weight,variant,6008,PV-JERSEY-2627-NVY-L-WOMEN,transform,client,needs-decision,no weight on the variation or its parent; shipping rates that depend on weight cannot be calculated
low,variant_missing_weight,variant,6009,PV-JERSEY-2627-NVY-XL-MEN,transform,client,needs-decision,no weight on the variation or its parent; shipping rates that depend on weight cannot be calculated
low,variant_missing_weight,variant,6010,PV-JERSEY-2627-NVY-XL-WOMEN,transform,client,needs-decision,no weight on the variation or its parent; shipping rates that depend on weight cannot be calculated
low,variant_missing_weight,variant,6011,PV-JERSEY-2627-NVY-XXL-MEN,transform,client,needs-decision,no weight on the variation or its parent; shipping rates that depend on weight cannot be calculated
low,variant_missing_weight,variant,6012,PV-JERSEY-2627-NVY-XXL-WOMEN,transform,client,needs-decision,no weight on the variation or its parent; shipping rates that depend on weight cannot be calculated
low,variant_missing_weight,variant,6013,PV-JERSEY-2627-NVY-XXXL-MEN,transform,client,needs-decision,no weight on the variation or its parent; shipping rates that depend on weight cannot be calculated
low,variant_missing_weight,variant,6014,PV-JERSEY-2627-NVY-XXXL-WOMEN,transform,client,needs-decision,no weight on the variation or its parent; shipping rates that depend on weight cannot be calculated
low,variant_missing_weight,variant,6037,ProVolley Shorts 2026/27,transform,client,needs-decision,no weight on the variation or its parent; shipping rates that depend on weight cannot be calculated
low,variant_missing_weight,variant,6038,PV-SHORTS-2627-NVY-M-MEN,transform,client,needs-decision,no weight on the variation or its parent; shipping rates that depend on weight cannot be calculated
low,variant_missing_weight,variant,6039,PV-SHORTS-2627-NVY-L-MEN,transform,client,needs-decision,no weight on the variation or its parent; shipping rates that depend on weight cannot be calculated
low,variant_missing_weight,variant,6040,PV-SHORTS-2627-NVY-XL-MEN,transform,client,needs-decision,no weight on the variation or its parent; shipping rates that depend on weight cannot be calculated
low,variant_missing_weight,variant,6041,PV-SHORTS-2627-NVY-XXL-MEN,transform,client,needs-decision,no weight on the variation or its parent; shipping rates that depend on weight cannot be calculated
low,variant_missing_weight,variant,6042,PV-SHORTS-2627-NVY-3XL-MEN,transform,client,needs-decision,no weight on the variation or its parent; shipping rates that depend on weight cannot be calculated
low,variant_missing_weight,variant,6043,PV-SHORTS-2627-WHT-S-MEN,transform,client,needs-decision,no weight on the variation or its parent; shipping rates that depend on weight cannot be calculated
low,variant_missing_weight,variant,6044,PS-6027-6044,transform,client,needs-decision,no weight on the variation or its parent; shipping rates that depend on weight cannot be calculated
low,variant_missing_weight,variant,6045,PV-SHORTS-2627-WHT-L-MEN,transform,client,needs-decision,no weight on the variation or its parent; shipping rates that depend on weight cannot be calculated
low,variant_missing_weight,variant,6046,PV-SHORTS-2627-WHT-XL-MEN,transform,client,needs-decision,no weight on the variation or its parent; shipping rates that depend on weight cannot be calculated
low,variant_missing_weight,variant,6047,PV-SHORTS-2627-WHT-XXL-MEN,transform,client,needs-decision,no weight on the variation or its parent; shipping rates that depend on weight cannot be calculated
low,variant_missing_weight,variant,6048,PV-SHORTS-2627-WHT-3XL-MEN,transform,client,needs-decision,no weight on the variation or its parent; shipping rates that depend on weight cannot be calculated
low,variant_missing_weight,variant,6049,PV-SHORTS-2627-NVY-S-WOMEN,transform,client,needs-decision,no weight on the variation or its parent; shipping rates that depend on weight cannot be calculated
low,variant_missing_weight,variant,6050,PV-SHORTS-2627-NVY-M-WOMEN,transform,client,needs-decision,no weight on the variation or its parent; shipping rates that depend on weight cannot be calculated
low,variant_missing_weight,variant,6051,PV-SHORTS-2627-NVY-L-WOMEN,transform,client,needs-decision,no weight on the variation or its parent; shipping rates that depend on weight cannot be calculated
low,variant_missing_weight,variant,6052,PV-SHORTS-2627-NVY-XL-WOMEN,transform,client,needs-decision,no weight on the variation or its parent; shipping rates that depend on weight cannot be calculated
low,variant_missing_weight,variant,6053,PV-SHORTS-2627-NVY-XXL-WOMEN,transform,client,needs-decision,no weight on the variation or its parent; shipping rates that depend on weight cannot be calculated
low,variant_missing_weight,variant,6054,PV-SHORTS-2627-NVY-3XL-WOMEN,transform,client,needs-decision,no weight on the variation or its parent; shipping rates that depend on weight cannot be calculated
low,variant_missing_weight,variant,6055,PV-SHORTS-2627-WHT-S-WOMEN,transform,client,needs-decision,no weight on the variation or its parent; shipping rates that depend on weight cannot be calculated
low,variant_missing_weight,variant,6056,PV-SHORTS-2627-WHT-M-WOMEN,transform,client,needs-decision,no weight on the variation or its parent; shipping rates that depend on weight cannot be calculated
low,variant_missing_weight,variant,6057,PV-SHORTS-2627-WHT-L-WOMEN,transform,client,needs-decision,no weight on the variation or its parent; shipping rates that depend on weight cannot be calculated
low,variant_missing_weight,variant,6058,PV-SHORTS-2627-WHT-XL-WOMEN,transform,client,needs-decision,no weight on the variation or its parent; shipping rates that depend on weight cannot be calculated
low,variant_missing_weight,variant,6059,PV-SHORTS-2627-WHT-XXL-WOMEN,transform,client,needs-decision,no weight on the variation or its parent; shipping rates that depend on weight cannot be calculated
low,variant_missing_weight,variant,6060,PV-SHORTS-2627-WHT-3XL-WOMEN,transform,client,needs-decision,no weight on the variation or its parent; shipping rates that depend on weight cannot be calculated
low,variant_missing_weight,variant,6061,PV-SHORTS-2627-NVY-XS-MEN,transform,client,needs-decision,no weight on the variation or its parent; shipping rates that depend on weight cannot be calculated
low,variant_missing_weight,variant,6062,PV-SHORTS-2627-NVY-S-MEN,transform,client,needs-decision,no weight on the variation or its parent; shipping rates that depend on weight cannot be calculated
low,variant_missing_weight,variant,6120,PV-POLO-W-2627-2XL,transform,client,needs-decision,no weight on the variation or its parent; shipping rates that depend on weight cannot be calculated
low,variant_missing_weight,variant,6121,PV-POLO-W-2627-L,transform,client,needs-decision,no weight on the variation or its parent; shipping rates that depend on weight cannot be calculated
low,variant_missing_weight,variant,6122,PV-POLO-W-2627-M,transform,client,needs-decision,no weight on the variation or its parent; shipping rates that depend on weight cannot be calculated
low,variant_missing_weight,variant,6123,PV-POLO-W-2627-S,transform,client,needs-decision,no weight on the variation or its parent; shipping rates that depend on weight cannot be calculated
low,variant_missing_weight,variant,6124,PV-POLO-W-2627-XL,transform,client,needs-decision,no weight on the variation or its parent; shipping rates that depend on weight cannot be calculated
low,variant_missing_weight,variant,6134,PROT00SLM,transform,client,needs-decision,no weight on the variation or its parent; shipping rates that depend on weight cannot be calculated
low,variant_missing_weight,variant,6135,PROT00SLM,transform,client,needs-decision,no weight on the variation or its parent; shipping rates that depend on weight cannot be calculated
low,variant_missing_weight,variant,6136,PROT00SLM,transform,client,needs-decision,no weight on the variation or its parent; shipping rates that depend on weight cannot be calculated
low,variant_missing_weight,variant,6137,PROT00SLM,transform,client,needs-decision,no weight on the variation or its parent; shipping rates that depend on weight cannot be calculated
low,variant_missing_weight,variant,6138,PROT00SLM,transform,client,needs-decision,no weight on the variation or its parent; shipping rates that depend on weight cannot be calculated
low,variant_missing_weight,variant,6139,PROT00SLM,transform,client,needs-decision,no weight on the variation or its parent; shipping rates that depend on weight cannot be calculated
low,variant_missing_weight,variant,6140,PROT00SLM,transform,client,needs-decision,no weight on the variation or its parent; shipping rates that depend on weight cannot be calculated
low,variant_missing_weight,variant,6141,PROT00SLM,transform,client,needs-decision,no weight on the variation or its parent; shipping rates that depend on weight cannot be calculated
low,variant_missing_weight,variant,6244,PV-BRIONE-JKT-NAVY-3XS,transform,client,needs-decision,no weight on the variation or its parent; shipping rates that depend on weight cannot be calculated
low,variant_missing_weight,variant,6245,PV-BRIONE-JKT-NAVY-2XS,transform,client,needs-decision,no weight on the variation or its parent; shipping rates that depend on weight cannot be calculated
low,variant_missing_weight,variant,6246,PV-BRIONE-JKT-NAVY-XS,transform,client,needs-decision,no weight on the variation or its parent; shipping rates that depend on weight cannot be calculated
low,variant_missing_weight,variant,6247,PV-BRIONE-JKT-NAVY-S,transform,client,needs-decision,no weight on the variation or its parent; shipping rates that depend on weight cannot be calculated
low,variant_missing_weight,variant,6248,PV-BRIONE-JKT-NAVY-M,transform,client,needs-decision,no weight on the variation or its parent; shipping rates that depend on weight cannot be calculated
low,variant_missing_weight,variant,6249,PV-BRIONE-JKT-NAVY-L,transform,client,needs-decision,no weight on the variation or its parent; shipping rates that depend on weight cannot be calculated
low,variant_missing_weight,variant,6250,PV-BRIONE-JKT-NAVY-XL,transform,client,needs-decision,no weight on the variation or its parent; shipping rates that depend on weight cannot be calculated
low,variant_missing_weight,variant,6251,PV-BRIONE-JKT-NAVY-2XL,transform,client,needs-decision,no weight on the variation or its parent; shipping rates that depend on weight cannot be calculated
low,variant_missing_weight,variant,6252,PV-BRIONE-JKT-NAVY-3XL,transform,client,needs-decision,no weight on the variation or its parent; shipping rates that depend on weight cannot be calculated
low,variant_missing_weight,variant,6254,PV-BRIONE-PNT-NAVY-3XS,transform,client,needs-decision,no weight on the variation or its parent; shipping rates that depend on weight cannot be calculated
low,variant_missing_weight,variant,6255,PV-BRIONE-PNT-NAVY-2XS,transform,client,needs-decision,no weight on the variation or its parent; shipping rates that depend on weight cannot be calculated
low,variant_missing_weight,variant,6256,PV-BRIONE-PNT-NAVY-XS,transform,client,needs-decision,no weight on the variation or its parent; shipping rates that depend on weight cannot be calculated
low,variant_missing_weight,variant,6257,PV-BRIONE-PNT-NAVY-S,transform,client,needs-decision,no weight on the variation or its parent; shipping rates that depend on weight cannot be calculated
low,variant_missing_weight,variant,6258,PV-BRIONE-PNT-NAVY-M,transform,client,needs-decision,no weight on the variation or its parent; shipping rates that depend on weight cannot be calculated
low,variant_missing_weight,variant,6259,PV-BRIONE-PNT-NAVY-L,transform,client,needs-decision,no weight on the variation or its parent; shipping rates that depend on weight cannot be calculated
low,variant_missing_weight,variant,6260,PV-BRIONE-PNT-NAVY-XL,transform,client,needs-decision,no weight on the variation or its parent; shipping rates that depend on weight cannot be calculated
low,variant_missing_weight,variant,6261,PV-BRIONE-PNT-NAVY-2XL,transform,client,needs-decision,no weight on the variation or its parent; shipping rates that depend on weight cannot be calculated
low,variant_missing_weight,variant,6262,PV-BRIONE-PNT-NAVY-3XL,transform,client,needs-decision,no weight on the variation or its parent; shipping rates that depend on weight cannot be calculated
low,variant_missing_weight,variant,6374,PROT03FAF,transform,client,needs-decision,no weight on the variation or its parent; shipping rates that depend on weight cannot be calculated
low,variant_missing_weight,variant,6429,PROT00SSW,transform,client,needs-decision,no weight on the variation or its parent; shipping rates that depend on weight cannot be calculated
low,variant_missing_weight,variant,6441,PROT00STMS,transform,client,needs-decision,no weight on the variation or its parent; shipping rates that depend on weight cannot be calculated
low,variant_missing_weight,variant,6442,PROT00STMS,transform,client,needs-decision,no weight on the variation or its parent; shipping rates that depend on weight cannot be calculated
low,variant_missing_weight,variant,6445,PV-POLO-M-2627-S-1,transform,client,needs-decision,no weight on the variation or its parent; shipping rates that depend on weight cannot be calculated
low,variant_missing_weight,variant,6446,PV-POLO-M-2627-M-1,transform,client,needs-decision,no weight on the variation or its parent; shipping rates that depend on weight cannot be calculated
low,variant_missing_weight,variant,6447,PV-POLO-M-2627-L-1,transform,client,needs-decision,no weight on the variation or its parent; shipping rates that depend on weight cannot be calculated
low,variant_missing_weight,variant,6448,PV-POLO-M-2627-XL-1,transform,client,needs-decision,no weight on the variation or its parent; shipping rates that depend on weight cannot be calculated
low,variant_missing_weight,variant,6449,PV-POLO-M-2627-2XL-3,transform,client,needs-decision,no weight on the variation or its parent; shipping rates that depend on weight cannot be calculated
low,variant_missing_weight,variant,6457,PROT00STW-1,transform,client,needs-decision,no weight on the variation or its parent; shipping rates that depend on weight cannot be calculated
low,variant_missing_weight,variant,6482,PS-6479-6482,transform,client,needs-decision,no weight on the variation or its parent; shipping rates that depend on weight cannot be calculated
low,variant_missing_weight,variant,6483,PS-6479-6483,transform,client,needs-decision,no weight on the variation or its parent; shipping rates that depend on weight cannot be calculated
low,variant_missing_weight,variant,6484,PS-6479-6484,transform,client,needs-decision,no weight on the variation or its parent; shipping rates that depend on weight cannot be calculated
low,variant_missing_weight,variant,6485,PS-6479-6485,transform,client,needs-decision,no weight on the variation or its parent; shipping rates that depend on weight cannot be calculated
low,variant_missing_weight,variant,6486,PS-6479-6486,transform,client,needs-decision,no weight on the variation or its parent; shipping rates that depend on weight cannot be calculated
low,variant_missing_weight,variant,6487,PS-6479-6487,transform,client,needs-decision,no weight on the variation or its parent; shipping rates that depend on weight cannot be calculated
low,variant_missing_weight,variant,6488,PS-6479-6488,transform,client,needs-decision,no weight on the variation or its parent; shipping rates that depend on weight cannot be calculated
low,variant_missing_weight,variant,6489,PS-6479-6489,transform,client,needs-decision,no weight on the variation or its parent; shipping rates that depend on weight cannot be calculated
low,variant_missing_weight,variant,6490,PS-6479-6490,transform,client,needs-decision,no weight on the variation or its parent; shipping rates that depend on weight cannot be calculated
low,variant_missing_weight,variant,6491,PS-6479-6491,transform,client,needs-decision,no weight on the variation or its parent; shipping rates that depend on weight cannot be calculated
low,variant_missing_weight,variant,6492,PS-6479-6492,transform,client,needs-decision,no weight on the variation or its parent; shipping rates that depend on weight cannot be calculated
low,variant_missing_weight,variant,6493,PS-6479-6493,transform,client,needs-decision,no weight on the variation or its parent; shipping rates that depend on weight cannot be calculated
low,variant_missing_weight,variant,6494,PS-6479-6494,transform,client,needs-decision,no weight on the variation or its parent; shipping rates that depend on weight cannot be calculated
low,variant_missing_weight,variant,6495,PS-6479-6495,transform,client,needs-decision,no weight on the variation or its parent; shipping rates that depend on weight cannot be calculated
low,variant_missing_weight,variant,6497,PS-6496-6497,transform,client,needs-decision,no weight on the variation or its parent; shipping rates that depend on weight cannot be calculated
low,variant_missing_weight,variant,6498,PS-6496-6498,transform,client,needs-decision,no weight on the variation or its parent; shipping rates that depend on weight cannot be calculated
low,variant_missing_weight,variant,6499,PS-6496-6499,transform,client,needs-decision,no weight on the variation or its parent; shipping rates that depend on weight cannot be calculated
low,variant_missing_weight,variant,6500,PS-6496-6500,transform,client,needs-decision,no weight on the variation or its parent; shipping rates that depend on weight cannot be calculated
low,variant_missing_weight,variant,6501,PS-6496-6501,transform,client,needs-decision,no weight on the variation or its parent; shipping rates that depend on weight cannot be calculated
low,variant_missing_weight,variant,6502,PS-6496-6502,transform,client,needs-decision,no weight on the variation or its parent; shipping rates that depend on weight cannot be calculated
low,variant_missing_weight,variant,6503,PS-6496-6503,transform,client,needs-decision,no weight on the variation or its parent; shipping rates that depend on weight cannot be calculated
low,variant_missing_weight,variant,6504,PS-6496-6504,transform,client,needs-decision,no weight on the variation or its parent; shipping rates that depend on weight cannot be calculated
low,variant_missing_weight,variant,6505,PS-6496-6505,transform,client,needs-decision,no weight on the variation or its parent; shipping rates that depend on weight cannot be calculated
low,variant_missing_weight,variant,6506,PS-6496-6506,transform,client,needs-decision,no weight on the variation or its parent; shipping rates that depend on weight cannot be calculated
low,variant_missing_weight,variant,6507,PS-6496-6507,transform,client,needs-decision,no weight on the variation or its parent; shipping rates that depend on weight cannot be calculated
low,variant_missing_weight,variant,6508,PS-6496-6508,transform,client,needs-decision,no weight on the variation or its parent; shipping rates that depend on weight cannot be calculated
low,variant_missing_weight,variant,6509,PS-6496-6509,transform,client,needs-decision,no weight on the variation or its parent; shipping rates that depend on weight cannot be calculated
low,variant_missing_weight,variant,6510,PS-6496-6510,transform,client,needs-decision,no weight on the variation or its parent; shipping rates that depend on weight cannot be calculated
low,variant_missing_weight,variant,6513,PS-6512-6513,transform,client,needs-decision,no weight on the variation or its parent; shipping rates that depend on weight cannot be calculated
low,variant_missing_weight,variant,6514,PS-6512-6514,transform,client,needs-decision,no weight on the variation or its parent; shipping rates that depend on weight cannot be calculated
low,variant_missing_weight,variant,6515,PS-6512-6515,transform,client,needs-decision,no weight on the variation or its parent; shipping rates that depend on weight cannot be calculated
low,variant_missing_weight,variant,6516,PS-6512-6516,transform,client,needs-decision,no weight on the variation or its parent; shipping rates that depend on weight cannot be calculated
low,variant_missing_weight,variant,6517,PS-6512-6517,transform,client,needs-decision,no weight on the variation or its parent; shipping rates that depend on weight cannot be calculated
low,variant_missing_weight,variant,6518,PS-6512-6518,transform,client,needs-decision,no weight on the variation or its parent; shipping rates that depend on weight cannot be calculated
low,variant_missing_weight,variant,6519,PS-6512-6519,transform,client,needs-decision,no weight on the variation or its parent; shipping rates that depend on weight cannot be calculated
low,variant_missing_weight,variant,6520,PS-6512-6520,transform,client,needs-decision,no weight on the variation or its parent; shipping rates that depend on weight cannot be calculated
low,variant_missing_weight,variant,6521,PS-6512-6521,transform,client,needs-decision,no weight on the variation or its parent; shipping rates that depend on weight cannot be calculated
low,variant_missing_weight,variant,6522,PS-6512-6522,transform,client,needs-decision,no weight on the variation or its parent; shipping rates that depend on weight cannot be calculated
low,variant_missing_weight,variant,6523,PS-6512-6523,transform,client,needs-decision,no weight on the variation or its parent; shipping rates that depend on weight cannot be calculated
low,variant_missing_weight,variant,6524,PS-6512-6524,transform,client,needs-decision,no weight on the variation or its parent; shipping rates that depend on weight cannot be calculated
low,variant_missing_weight,variant,6525,PS-6512-6525,transform,client,needs-decision,no weight on the variation or its parent; shipping rates that depend on weight cannot be calculated
low,variant_missing_weight,variant,6526,PS-6512-6526,transform,client,needs-decision,no weight on the variation or its parent; shipping rates that depend on weight cannot be calculated
low,variant_missing_weight,variant,6528,PS-6527-6528,transform,client,needs-decision,no weight on the variation or its parent; shipping rates that depend on weight cannot be calculated
low,variant_missing_weight,variant,6529,PS-6527-6529,transform,client,needs-decision,no weight on the variation or its parent; shipping rates that depend on weight cannot be calculated
low,variant_missing_weight,variant,6530,PS-6527-6530,transform,client,needs-decision,no weight on the variation or its parent; shipping rates that depend on weight cannot be calculated
low,variant_missing_weight,variant,6531,PS-6527-6531,transform,client,needs-decision,no weight on the variation or its parent; shipping rates that depend on weight cannot be calculated
low,variant_missing_weight,variant,6532,PS-6527-6532,transform,client,needs-decision,no weight on the variation or its parent; shipping rates that depend on weight cannot be calculated
low,variant_missing_weight,variant,6533,PS-6527-6533,transform,client,needs-decision,no weight on the variation or its parent; shipping rates that depend on weight cannot be calculated
low,variant_missing_weight,variant,6534,PS-6527-6534,transform,client,needs-decision,no weight on the variation or its parent; shipping rates that depend on weight cannot be calculated
low,variant_missing_weight,variant,6535,PS-6527-6535,transform,client,needs-decision,no weight on the variation or its parent; shipping rates that depend on weight cannot be calculated
low,variant_missing_weight,variant,6536,PS-6527-6536,transform,client,needs-decision,no weight on the variation or its parent; shipping rates that depend on weight cannot be calculated
low,variant_missing_weight,variant,6537,PS-6527-6537,transform,client,needs-decision,no weight on the variation or its parent; shipping rates that depend on weight cannot be calculated
low,variant_missing_weight,variant,6538,PS-6527-6538,transform,client,needs-decision,no weight on the variation or its parent; shipping rates that depend on weight cannot be calculated
low,variant_missing_weight,variant,6539,PS-6527-6539,transform,client,needs-decision,no weight on the variation or its parent; shipping rates that depend on weight cannot be calculated
low,variant_missing_weight,variant,6540,PS-6527-6540,transform,client,needs-decision,no weight on the variation or its parent; shipping rates that depend on weight cannot be calculated
low,variant_missing_weight,variant,6541,PS-6527-6541,transform,client,needs-decision,no weight on the variation or its parent; shipping rates that depend on weight cannot be calculated
low,variant_missing_weight,variant,6543,PS-6542-6543,transform,client,needs-decision,no weight on the variation or its parent; shipping rates that depend on weight cannot be calculated
low,variant_missing_weight,variant,6544,PS-6542-6544,transform,client,needs-decision,no weight on the variation or its parent; shipping rates that depend on weight cannot be calculated
low,variant_missing_weight,variant,6545,PS-6542-6545,transform,client,needs-decision,no weight on the variation or its parent; shipping rates that depend on weight cannot be calculated
low,variant_missing_weight,variant,6546,PS-6542-6546,transform,client,needs-decision,no weight on the variation or its parent; shipping rates that depend on weight cannot be calculated
low,variant_missing_weight,variant,6547,PS-6542-6547,transform,client,needs-decision,no weight on the variation or its parent; shipping rates that depend on weight cannot be calculated
low,variant_missing_weight,variant,6549,PS-6548-6549,transform,client,needs-decision,no weight on the variation or its parent; shipping rates that depend on weight cannot be calculated
low,variant_missing_weight,variant,6550,PS-6548-6550,transform,client,needs-decision,no weight on the variation or its parent; shipping rates that depend on weight cannot be calculated
low,variant_missing_weight,variant,6551,PS-6548-6551,transform,client,needs-decision,no weight on the variation or its parent; shipping rates that depend on weight cannot be calculated
low,variant_missing_weight,variant,6552,PS-6548-6552,transform,client,needs-decision,no weight on the variation or its parent; shipping rates that depend on weight cannot be calculated
low,variant_missing_weight,variant,6553,PS-6548-6553,transform,client,needs-decision,no weight on the variation or its parent; shipping rates that depend on weight cannot be calculated
low,variant_missing_weight,variant,6555,PS-6554-6555,transform,client,needs-decision,no weight on the variation or its parent; shipping rates that depend on weight cannot be calculated
low,variant_missing_weight,variant,6556,PS-6554-6556,transform,client,needs-decision,no weight on the variation or its parent; shipping rates that depend on weight cannot be calculated
low,variant_missing_weight,variant,6557,PS-6554-6557,transform,client,needs-decision,no weight on the variation or its parent; shipping rates that depend on weight cannot be calculated
low,variant_missing_weight,variant,6558,PS-6554-6558,transform,client,needs-decision,no weight on the variation or its parent; shipping rates that depend on weight cannot be calculated
low,variant_missing_weight,variant,6559,PS-6554-6559,transform,client,needs-decision,no weight on the variation or its parent; shipping rates that depend on weight cannot be calculated
low,variant_missing_weight,variant,6560,PS-6554-6560,transform,client,needs-decision,no weight on the variation or its parent; shipping rates that depend on weight cannot be calculated
low,variant_missing_weight,variant,6563,PS-6562-6563,transform,client,needs-decision,no weight on the variation or its parent; shipping rates that depend on weight cannot be calculated
low,variant_missing_weight,variant,6564,PS-6562-6564,transform,client,needs-decision,no weight on the variation or its parent; shipping rates that depend on weight cannot be calculated
low,variant_missing_weight,variant,6565,PS-6562-6565,transform,client,needs-decision,no weight on the variation or its parent; shipping rates that depend on weight cannot be calculated
low,variant_missing_weight,variant,6566,PS-6562-6566,transform,client,needs-decision,no weight on the variation or its parent; shipping rates that depend on weight cannot be calculated
low,variant_missing_weight,variant,6567,PS-6562-6567,transform,client,needs-decision,no weight on the variation or its parent; shipping rates that depend on weight cannot be calculated
low,variant_missing_weight,variant,6568,PS-6562-6568,transform,client,needs-decision,no weight on the variation or its parent; shipping rates that depend on weight cannot be calculated
low,variant_missing_weight,variant,6569,PS-6562-6569,transform,client,needs-decision,no weight on the variation or its parent; shipping rates that depend on weight cannot be calculated
low,variant_missing_weight,variant,6570,PS-6562-6570,transform,client,needs-decision,no weight on the variation or its parent; shipping rates that depend on weight cannot be calculated
low,variant_missing_weight,variant,6571,PS-6562-6571,transform,client,needs-decision,no weight on the variation or its parent; shipping rates that depend on weight cannot be calculated
low,variant_missing_weight,variant,6572,PS-6562-6572,transform,client,needs-decision,no weight on the variation or its parent; shipping rates that depend on weight cannot be calculated
low,variant_missing_weight,variant,6573,PS-6562-6573,transform,client,needs-decision,no weight on the variation or its parent; shipping rates that depend on weight cannot be calculated
low,variant_missing_weight,variant,6574,PS-6562-6574,transform,client,needs-decision,no weight on the variation or its parent; shipping rates that depend on weight cannot be calculated
low,variant_missing_weight,variant,6576,PS-6575-6576,transform,client,needs-decision,no weight on the variation or its parent; shipping rates that depend on weight cannot be calculated
low,variant_missing_weight,variant,6578,PS-6577-6578,transform,client,needs-decision,no weight on the variation or its parent; shipping rates that depend on weight cannot be calculated
low,variant_missing_weight,variant,6580,PS-6579-6580,transform,client,needs-decision,no weight on the variation or its parent; shipping rates that depend on weight cannot be calculated
low,variant_missing_weight,variant,6581,PS-6579-6581,transform,client,needs-decision,no weight on the variation or its parent; shipping rates that depend on weight cannot be calculated
low,variant_missing_weight,variant,6582,PS-6579-6582,transform,client,needs-decision,no weight on the variation or its parent; shipping rates that depend on weight cannot be calculated
low,variant_missing_weight,variant,6583,PS-6579-6583,transform,client,needs-decision,no weight on the variation or its parent; shipping rates that depend on weight cannot be calculated
low,variant_missing_weight,variant,6584,PS-6579-6584,transform,client,needs-decision,no weight on the variation or its parent; shipping rates that depend on weight cannot be calculated
low,variant_missing_weight,variant,6585,PS-6579-6585,transform,client,needs-decision,no weight on the variation or its parent; shipping rates that depend on weight cannot be calculated
low,variant_missing_weight,variant,6587,PS-6586-6587,transform,client,needs-decision,no weight on the variation or its parent; shipping rates that depend on weight cannot be calculated
low,variant_missing_weight,variant,6588,PS-6586-6588,transform,client,needs-decision,no weight on the variation or its parent; shipping rates that depend on weight cannot be calculated
low,variant_missing_weight,variant,6589,PS-6586-6589,transform,client,needs-decision,no weight on the variation or its parent; shipping rates that depend on weight cannot be calculated
low,variant_missing_weight,variant,6590,PS-6586-6590,transform,client,needs-decision,no weight on the variation or its parent; shipping rates that depend on weight cannot be calculated
low,variant_missing_weight,variant,6591,PS-6586-6591,transform,client,needs-decision,no weight on the variation or its parent; shipping rates that depend on weight cannot be calculated
low,variant_missing_weight,variant,6592,PS-6586-6592,transform,client,needs-decision,no weight on the variation or its parent; shipping rates that depend on weight cannot be calculated
low,variant_missing_weight,variant,6594,PS-6593-6594,transform,client,needs-decision,no weight on the variation or its parent; shipping rates that depend on weight cannot be calculated
low,variant_missing_weight,variant,6595,PS-6593-6595,transform,client,needs-decision,no weight on the variation or its parent; shipping rates that depend on weight cannot be calculated
low,variant_missing_weight,variant,6596,PS-6593-6596,transform,client,needs-decision,no weight on the variation or its parent; shipping rates that depend on weight cannot be calculated
low,variant_missing_weight,variant,6597,PS-6593-6597,transform,client,needs-decision,no weight on the variation or its parent; shipping rates that depend on weight cannot be calculated
low,variant_missing_weight,variant,6598,PS-6593-6598,transform,client,needs-decision,no weight on the variation or its parent; shipping rates that depend on weight cannot be calculated
low,variant_missing_weight,variant,6599,PS-6593-6599,transform,client,needs-decision,no weight on the variation or its parent; shipping rates that depend on weight cannot be calculated
low,variant_missing_weight,variant,6600,PS-6593-6600,transform,client,needs-decision,no weight on the variation or its parent; shipping rates that depend on weight cannot be calculated
low,variant_missing_weight,variant,6602,PS-6601-6602,transform,client,needs-decision,no weight on the variation or its parent; shipping rates that depend on weight cannot be calculated
low,variant_missing_weight,variant,6603,PS-6601-6603,transform,client,needs-decision,no weight on the variation or its parent; shipping rates that depend on weight cannot be calculated
low,variant_missing_weight,variant,6604,PS-6601-6604,transform,client,needs-decision,no weight on the variation or its parent; shipping rates that depend on weight cannot be calculated
low,variant_missing_weight,variant,6605,PS-6601-6605,transform,client,needs-decision,no weight on the variation or its parent; shipping rates that depend on weight cannot be calculated
low,variant_missing_weight,variant,6606,PS-6601-6606,transform,client,needs-decision,no weight on the variation or its parent; shipping rates that depend on weight cannot be calculated
low,variant_missing_weight,variant,6607,PS-6601-6607,transform,client,needs-decision,no weight on the variation or its parent; shipping rates that depend on weight cannot be calculated
low,variant_missing_weight,variant,6608,PS-6601-6608,transform,client,needs-decision,no weight on the variation or its parent; shipping rates that depend on weight cannot be calculated
low,variant_missing_weight,variant,6610,PS-6609-6610,transform,client,needs-decision,no weight on the variation or its parent; shipping rates that depend on weight cannot be calculated
low,variant_missing_weight,variant,6611,PS-6609-6611,transform,client,needs-decision,no weight on the variation or its parent; shipping rates that depend on weight cannot be calculated
low,variant_missing_weight,variant,6616,PROT00SEM-1,transform,client,needs-decision,no weight on the variation or its parent; shipping rates that depend on weight cannot be calculated
low,variant_missing_weight,variant,6617,PROT00SEM-1,transform,client,needs-decision,no weight on the variation or its parent; shipping rates that depend on weight cannot be calculated
low,variant_missing_weight,variant,6618,PROT00SEM-1,transform,client,needs-decision,no weight on the variation or its parent; shipping rates that depend on weight cannot be calculated
low,variant_missing_weight,variant,6619,PROT00SEM-1,transform,client,needs-decision,no weight on the variation or its parent; shipping rates that depend on weight cannot be calculated
low,variant_missing_weight,variant,6620,PROT00SEM-1,transform,client,needs-decision,no weight on the variation or its parent; shipping rates that depend on weight cannot be calculated
low,variant_missing_weight,variant,6621,PROT00SEM-1,transform,client,needs-decision,no weight on the variation or its parent; shipping rates that depend on weight cannot be calculated
low,variant_missing_weight,variant,6622,PROT00SEM-1,transform,client,needs-decision,no weight on the variation or its parent; shipping rates that depend on weight cannot be calculated
low,variant_missing_weight,variant,6623,PROT00SEM-1,transform,client,needs-decision,no weight on the variation or its parent; shipping rates that depend on weight cannot be calculated
low,variant_missing_weight,variant,6624,PROT00SEM-1,transform,client,needs-decision,no weight on the variation or its parent; shipping rates that depend on weight cannot be calculated
low,variant_missing_weight,variant,6625,PROT00SEM-1,transform,client,needs-decision,no weight on the variation or its parent; shipping rates that depend on weight cannot be calculated
low,variant_missing_weight,variant,6626,PROT00SEM-1,transform,client,needs-decision,no weight on the variation or its parent; shipping rates that depend on weight cannot be calculated
low,variant_missing_weight,variant,6627,PROT00SEM-1,transform,client,needs-decision,no weight on the variation or its parent; shipping rates that depend on weight cannot be calculated
low,variant_missing_weight,variant,6628,PROT00SEM-1,transform,client,needs-decision,no weight on the variation or its parent; shipping rates that depend on weight cannot be calculated
low,variant_missing_weight,variant,6629,PROT00SEM-1,transform,client,needs-decision,no weight on the variation or its parent; shipping rates that depend on weight cannot be calculated
low,variant_missing_weight,variant,6630,PROT00SEM-1,transform,client,needs-decision,no weight on the variation or its parent; shipping rates that depend on weight cannot be calculated
low,variant_missing_weight,variant,6631,PROT00SEM-1,transform,client,needs-decision,no weight on the variation or its parent; shipping rates that depend on weight cannot be calculated
low,variant_missing_weight,variant,6632,PROT00SEM-1,transform,client,needs-decision,no weight on the variation or its parent; shipping rates that depend on weight cannot be calculated
low,variant_missing_weight,variant,6633,PROT00SEM-1,transform,client,needs-decision,no weight on the variation or its parent; shipping rates that depend on weight cannot be calculated
low,variant_missing_weight,variant,6634,PROT00SEM-1,transform,client,needs-decision,no weight on the variation or its parent; shipping rates that depend on weight cannot be calculated
low,variant_missing_weight,variant,6637,PS-6636-6637,transform,client,needs-decision,no weight on the variation or its parent; shipping rates that depend on weight cannot be calculated
low,variant_missing_weight,variant,6638,PS-6636-6638,transform,client,needs-decision,no weight on the variation or its parent; shipping rates that depend on weight cannot be calculated
low,variant_missing_weight,variant,6639,PS-6636-6639,transform,client,needs-decision,no weight on the variation or its parent; shipping rates that depend on weight cannot be calculated
low,variant_missing_weight,variant,6640,PS-6636-6640,transform,client,needs-decision,no weight on the variation or its parent; shipping rates that depend on weight cannot be calculated
low,variant_missing_weight,variant,6641,PS-6636-6641,transform,client,needs-decision,no weight on the variation or its parent; shipping rates that depend on weight cannot be calculated
low,variant_missing_weight,variant,6643,PS-6642-6643,transform,client,needs-decision,no weight on the variation or its parent; shipping rates that depend on weight cannot be calculated
low,variant_missing_weight,variant,6644,PS-6642-6644,transform,client,needs-decision,no weight on the variation or its parent; shipping rates that depend on weight cannot be calculated
low,variant_missing_weight,variant,6645,PS-6642-6645,transform,client,needs-decision,no weight on the variation or its parent; shipping rates that depend on weight cannot be calculated
low,variant_missing_weight,variant,6646,PS-6642-6646,transform,client,needs-decision,no weight on the variation or its parent; shipping rates that depend on weight cannot be calculated
low,variant_missing_weight,variant,6647,PS-6642-6647,transform,client,needs-decision,no weight on the variation or its parent; shipping rates that depend on weight cannot be calculated
low,variant_missing_weight,variant,6649,PS-6648-6649,transform,client,needs-decision,no weight on the variation or its parent; shipping rates that depend on weight cannot be calculated
low,variant_missing_weight,variant,6650,PS-6648-6650,transform,client,needs-decision,no weight on the variation or its parent; shipping rates that depend on weight cannot be calculated
low,variant_missing_weight,variant,6651,PS-6648-6651,transform,client,needs-decision,no weight on the variation or its parent; shipping rates that depend on weight cannot be calculated
low,variant_missing_weight,variant,6652,PS-6648-6652,transform,client,needs-decision,no weight on the variation or its parent; shipping rates that depend on weight cannot be calculated
low,variant_missing_weight,variant,6660,PS-6653-6660,transform,client,needs-decision,no weight on the variation or its parent; shipping rates that depend on weight cannot be calculated
low,variant_missing_weight,variant,6661,PS-6653-6661,transform,client,needs-decision,no weight on the variation or its parent; shipping rates that depend on weight cannot be calculated
low,variant_missing_weight,variant,6662,PS-6653-6662,transform,client,needs-decision,no weight on the variation or its parent; shipping rates that depend on weight cannot be calculated
low,variant_missing_weight,variant,6664,PROT03SPU,transform,client,needs-decision,no weight on the variation or its parent; shipping rates that depend on weight cannot be calculated
low,variant_missing_weight,variant,6665,PROT03SPU,transform,client,needs-decision,no weight on the variation or its parent; shipping rates that depend on weight cannot be calculated
low,variant_missing_weight,variant,6666,PROT03SPU,transform,client,needs-decision,no weight on the variation or its parent; shipping rates that depend on weight cannot be calculated
low,variant_missing_weight,variant,6667,PROT03SPU,transform,client,needs-decision,no weight on the variation or its parent; shipping rates that depend on weight cannot be calculated
low,variant_missing_weight,variant,6668,PROT03SPU,transform,client,needs-decision,no weight on the variation or its parent; shipping rates that depend on weight cannot be calculated
low,variant_missing_weight,variant,6669,PROT03SPU,transform,client,needs-decision,no weight on the variation or its parent; shipping rates that depend on weight cannot be calculated
low,variant_missing_weight,variant,6670,PROT03SPU,transform,client,needs-decision,no weight on the variation or its parent; shipping rates that depend on weight cannot be calculated
low,variant_missing_weight,variant,6671,PROT03SPU,transform,client,needs-decision,no weight on the variation or its parent; shipping rates that depend on weight cannot be calculated
low,variant_missing_weight,variant,6672,PROT03SPU,transform,client,needs-decision,no weight on the variation or its parent; shipping rates that depend on weight cannot be calculated
low,variant_missing_weight,variant,6673,PROT03SPU,transform,client,needs-decision,no weight on the variation or its parent; shipping rates that depend on weight cannot be calculated
low,variant_missing_weight,variant,6674,PROT03SPU,transform,client,needs-decision,no weight on the variation or its parent; shipping rates that depend on weight cannot be calculated
low,variant_missing_weight,variant,6675,PROT03SPU,transform,client,needs-decision,no weight on the variation or its parent; shipping rates that depend on weight cannot be calculated
low,variant_missing_weight,variant,6676,PROT03SPU,transform,client,needs-decision,no weight on the variation or its parent; shipping rates that depend on weight cannot be calculated
low,variant_missing_weight,variant,6677,PROT03SPU,transform,client,needs-decision,no weight on the variation or its parent; shipping rates that depend on weight cannot be calculated
low,variant_missing_weight,variant,6678,PROT03SPU,transform,client,needs-decision,no weight on the variation or its parent; shipping rates that depend on weight cannot be calculated
low,variant_missing_weight,variant,6693,PS-6692-6693,transform,client,needs-decision,no weight on the variation or its parent; shipping rates that depend on weight cannot be calculated
low,variant_missing_weight,variant,6696,PS-6695-6696,transform,client,needs-decision,no weight on the variation or its parent; shipping rates that depend on weight cannot be calculated
low,variant_missing_weight,variant,6698,PS-6697-6698,transform,client,needs-decision,no weight on the variation or its parent; shipping rates that depend on weight cannot be calculated
low,variant_missing_weight,variant,6700,PS-6699-6700,transform,client,needs-decision,no weight on the variation or its parent; shipping rates that depend on weight cannot be calculated
low,variant_missing_weight,variant,6704,PS-6701-6704,transform,client,needs-decision,no weight on the variation or its parent; shipping rates that depend on weight cannot be calculated
low,variant_missing_weight,variant,6705,PS-6701-6705,transform,client,needs-decision,no weight on the variation or its parent; shipping rates that depend on weight cannot be calculated
low,variant_missing_weight,variant,6707,PS-6706-6707,transform,client,needs-decision,no weight on the variation or its parent; shipping rates that depend on weight cannot be calculated
low,variant_missing_weight,variant,6711,PS-6710-6711,transform,client,needs-decision,no weight on the variation or its parent; shipping rates that depend on weight cannot be calculated
low,variant_missing_weight,variant,6712,PS-6701-6712,transform,client,needs-decision,no weight on the variation or its parent; shipping rates that depend on weight cannot be calculated
low,variant_missing_weight,variant,6717,PS-6716-6717,transform,client,needs-decision,no weight on the variation or its parent; shipping rates that depend on weight cannot be calculated
low,variant_missing_weight,variant,6719,PS-6718-6719,transform,client,needs-decision,no weight on the variation or its parent; shipping rates that depend on weight cannot be calculated
low,variant_missing_weight,variant,6720,PS-6718-6720,transform,client,needs-decision,no weight on the variation or its parent; shipping rates that depend on weight cannot be calculated
low,variant_missing_weight,variant,6721,PS-6718-6721,transform,client,needs-decision,no weight on the variation or its parent; shipping rates that depend on weight cannot be calculated
low,variant_missing_weight,variant,6722,PS-6718-6722,transform,client,needs-decision,no weight on the variation or its parent; shipping rates that depend on weight cannot be calculated
low,variant_missing_weight,variant,6723,PS-6718-6723,transform,client,needs-decision,no weight on the variation or its parent; shipping rates that depend on weight cannot be calculated
low,variant_missing_weight,variant,6724,PS-6718-6724,transform,client,needs-decision,no weight on the variation or its parent; shipping rates that depend on weight cannot be calculated
low,variant_missing_weight,variant,6725,PS-6718-6725,transform,client,needs-decision,no weight on the variation or its parent; shipping rates that depend on weight cannot be calculated
low,variant_missing_weight,variant,6726,PS-6718-6726,transform,client,needs-decision,no weight on the variation or its parent; shipping rates that depend on weight cannot be calculated
low,variant_missing_weight,variant,6727,PS-6718-6727,transform,client,needs-decision,no weight on the variation or its parent; shipping rates that depend on weight cannot be calculated
low,variant_missing_weight,variant,6728,PS-6718-6728,transform,client,needs-decision,no weight on the variation or its parent; shipping rates that depend on weight cannot be calculated
low,variant_missing_weight,variant,6729,PS-6718-6729,transform,client,needs-decision,no weight on the variation or its parent; shipping rates that depend on weight cannot be calculated
low,variant_missing_weight,variant,6730,PS-6718-6730,transform,client,needs-decision,no weight on the variation or its parent; shipping rates that depend on weight cannot be calculated
low,variant_missing_weight,variant,6731,PS-6718-6731,transform,client,needs-decision,no weight on the variation or its parent; shipping rates that depend on weight cannot be calculated
low,variant_missing_weight,variant,6732,PS-6718-6732,transform,client,needs-decision,no weight on the variation or its parent; shipping rates that depend on weight cannot be calculated
low,variant_missing_weight,variant,6733,PS-6718-6733,transform,client,needs-decision,no weight on the variation or its parent; shipping rates that depend on weight cannot be calculated
low,variant_missing_weight,variant,6734,PS-6718-6734,transform,client,needs-decision,no weight on the variation or its parent; shipping rates that depend on weight cannot be calculated
low,variant_missing_weight,variant,6735,PS-6718-6735,transform,client,needs-decision,no weight on the variation or its parent; shipping rates that depend on weight cannot be calculated
low,variant_missing_weight,variant,6736,PS-6718-6736,transform,client,needs-decision,no weight on the variation or its parent; shipping rates that depend on weight cannot be calculated
low,variant_missing_weight,variant,6737,PS-6718-6737,transform,client,needs-decision,no weight on the variation or its parent; shipping rates that depend on weight cannot be calculated
low,variant_missing_weight,variant,6738,PS-6718-6738,transform,client,needs-decision,no weight on the variation or its parent; shipping rates that depend on weight cannot be calculated
low,variant_missing_weight,variant,6739,PS-6718-6739,transform,client,needs-decision,no weight on the variation or its parent; shipping rates that depend on weight cannot be calculated
low,variant_missing_weight,variant,6740,PS-6718-6740,transform,client,needs-decision,no weight on the variation or its parent; shipping rates that depend on weight cannot be calculated
low,variant_missing_weight,variant,6741,PS-6718-6741,transform,client,needs-decision,no weight on the variation or its parent; shipping rates that depend on weight cannot be calculated
low,variant_missing_weight,variant,6742,PS-6718-6742,transform,client,needs-decision,no weight on the variation or its parent; shipping rates that depend on weight cannot be calculated
low,variant_missing_weight,variant,6743,PS-6718-6743,transform,client,needs-decision,no weight on the variation or its parent; shipping rates that depend on weight cannot be calculated
low,variant_missing_weight,variant,6744,PS-6718-6744,transform,client,needs-decision,no weight on the variation or its parent; shipping rates that depend on weight cannot be calculated
low,variant_missing_weight,variant,6745,PS-6718-6745,transform,client,needs-decision,no weight on the variation or its parent; shipping rates that depend on weight cannot be calculated
low,variant_missing_weight,variant,6746,PS-6718-6746,transform,client,needs-decision,no weight on the variation or its parent; shipping rates that depend on weight cannot be calculated
low,variant_missing_weight,variant,6747,PS-6718-6747,transform,client,needs-decision,no weight on the variation or its parent; shipping rates that depend on weight cannot be calculated
low,variant_missing_weight,variant,6749,PS-6748-6749,transform,client,needs-decision,no weight on the variation or its parent; shipping rates that depend on weight cannot be calculated
low,variant_missing_weight,variant,6750,PS-6748-6750,transform,client,needs-decision,no weight on the variation or its parent; shipping rates that depend on weight cannot be calculated
low,variant_missing_weight,variant,6751,PS-6748-6751,transform,client,needs-decision,no weight on the variation or its parent; shipping rates that depend on weight cannot be calculated
low,variant_missing_weight,variant,6752,PS-6748-6752,transform,client,needs-decision,no weight on the variation or its parent; shipping rates that depend on weight cannot be calculated
low,variant_missing_weight,variant,6753,PS-6748-6753,transform,client,needs-decision,no weight on the variation or its parent; shipping rates that depend on weight cannot be calculated
low,variant_missing_weight,variant,6754,PS-6748-6754,transform,client,needs-decision,no weight on the variation or its parent; shipping rates that depend on weight cannot be calculated
low,variant_missing_weight,variant,6755,PS-6748-6755,transform,client,needs-decision,no weight on the variation or its parent; shipping rates that depend on weight cannot be calculated
low,variant_missing_weight,variant,6756,PS-6748-6756,transform,client,needs-decision,no weight on the variation or its parent; shipping rates that depend on weight cannot be calculated
low,variant_missing_weight,variant,6757,PS-6748-6757,transform,client,needs-decision,no weight on the variation or its parent; shipping rates that depend on weight cannot be calculated
low,variant_missing_weight,variant,6759,PS-6758-6759,transform,client,needs-decision,no weight on the variation or its parent; shipping rates that depend on weight cannot be calculated
low,variant_missing_weight,variant,6760,PS-6758-6760,transform,client,needs-decision,no weight on the variation or its parent; shipping rates that depend on weight cannot be calculated
low,variant_missing_weight,variant,6761,PS-6758-6761,transform,client,needs-decision,no weight on the variation or its parent; shipping rates that depend on weight cannot be calculated
low,variant_missing_weight,variant,6762,PS-6758-6762,transform,client,needs-decision,no weight on the variation or its parent; shipping rates that depend on weight cannot be calculated
low,variant_missing_weight,variant,6765,PS-6763-6765,transform,client,needs-decision,no weight on the variation or its parent; shipping rates that depend on weight cannot be calculated
low,variant_missing_weight,variant,6766,PS-6763-6766,transform,client,needs-decision,no weight on the variation or its parent; shipping rates that depend on weight cannot be calculated
low,variant_missing_weight,variant,6769,PS-6768-6769,transform,client,needs-decision,no weight on the variation or its parent; shipping rates that depend on weight cannot be calculated
low,variant_missing_weight,variant,6770,PS-6768-6770,transform,client,needs-decision,no weight on the variation or its parent; shipping rates that depend on weight cannot be calculated
low,variant_missing_weight,variant,6771,PS-6768-6771,transform,client,needs-decision,no weight on the variation or its parent; shipping rates that depend on weight cannot be calculated
low,variant_missing_weight,variant,6772,PS-6768-6772,transform,client,needs-decision,no weight on the variation or its parent; shipping rates that depend on weight cannot be calculated
low,variant_missing_weight,variant,6774,PS-6773-6774,transform,client,needs-decision,no weight on the variation or its parent; shipping rates that depend on weight cannot be calculated
low,variant_missing_weight,variant,6775,PS-6773-6775,transform,client,needs-decision,no weight on the variation or its parent; shipping rates that depend on weight cannot be calculated
low,variant_missing_weight,variant,6776,PS-6773-6776,transform,client,needs-decision,no weight on the variation or its parent; shipping rates that depend on weight cannot be calculated
low,variant_missing_weight,variant,6778,PS-6777-6778,transform,client,needs-decision,no weight on the variation or its parent; shipping rates that depend on weight cannot be calculated
low,variant_missing_weight,variant,6780,PS-6779-6780,transform,client,needs-decision,no weight on the variation or its parent; shipping rates that depend on weight cannot be calculated
low,variant_missing_weight,variant,6782,PS-6781-6782,transform,client,needs-decision,no weight on the variation or its parent; shipping rates that depend on weight cannot be calculated
low,variant_missing_weight,variant,6784,PS-6783-6784,transform,client,needs-decision,no weight on the variation or its parent; shipping rates that depend on weight cannot be calculated
low,variant_missing_weight,variant,6786,PS-6785-6786,transform,client,needs-decision,no weight on the variation or its parent; shipping rates that depend on weight cannot be calculated
low,variant_missing_weight,variant,6788,PS-6787-6788,transform,client,needs-decision,no weight on the variation or its parent; shipping rates that depend on weight cannot be calculated
low,variant_missing_weight,variant,6790,PS-6789-6790,transform,client,needs-decision,no weight on the variation or its parent; shipping rates that depend on weight cannot be calculated
low,variant_missing_weight,variant,6793,PV-BRIONE-FZT-NAVY,transform,client,needs-decision,no weight on the variation or its parent; shipping rates that depend on weight cannot be calculated
low,variant_missing_weight,variant,6794,PV-BRIONE-FZT-NAVY,transform,client,needs-decision,no weight on the variation or its parent; shipping rates that depend on weight cannot be calculated
low,variant_missing_weight,variant,6795,PV-BRIONE-FZT-NAVY,transform,client,needs-decision,no weight on the variation or its parent; shipping rates that depend on weight cannot be calculated
low,variant_missing_weight,variant,6796,PV-BRIONE-FZT-NAVY,transform,client,needs-decision,no weight on the variation or its parent; shipping rates that depend on weight cannot be calculated
low,variant_missing_weight,variant,6797,PV-BRIONE-FZT-NAVY,transform,client,needs-decision,no weight on the variation or its parent; shipping rates that depend on weight cannot be calculated
low,variant_missing_weight,variant,6798,PV-BRIONE-FZT-NAVY,transform,client,needs-decision,no weight on the variation or its parent; shipping rates that depend on weight cannot be calculated
low,variant_missing_weight,variant,6799,PV-BRIONE-FZT-NAVY,transform,client,needs-decision,no weight on the variation or its parent; shipping rates that depend on weight cannot be calculated
low,variant_missing_weight,variant,6802,PS-6801-6802,transform,client,needs-decision,no weight on the variation or its parent; shipping rates that depend on weight cannot be calculated
low,variant_missing_weight,variant,6803,PS-6801-6803,transform,client,needs-decision,no weight on the variation or its parent; shipping rates that depend on weight cannot be calculated
low,variant_missing_weight,variant,6804,PS-6801-6804,transform,client,needs-decision,no weight on the variation or its parent; shipping rates that depend on weight cannot be calculated
low,variant_missing_weight,variant,6805,PS-6801-6805,transform,client,needs-decision,no weight on the variation or its parent; shipping rates that depend on weight cannot be calculated
low,variant_missing_weight,variant,6806,PS-6801-6806,transform,client,needs-decision,no weight on the variation or its parent; shipping rates that depend on weight cannot be calculated
low,variant_missing_weight,variant,6807,PS-6801-6807,transform,client,needs-decision,no weight on the variation or its parent; shipping rates that depend on weight cannot be calculated
low,variant_missing_weight,variant,6808,PS-6801-6808,transform,client,needs-decision,no weight on the variation or its parent; shipping rates that depend on weight cannot be calculated
low,variant_missing_weight,variant,6810,PS-6809-6810,transform,client,needs-decision,no weight on the variation or its parent; shipping rates that depend on weight cannot be calculated
low,variant_missing_weight,variant,6811,PS-6809-6811,transform,client,needs-decision,no weight on the variation or its parent; shipping rates that depend on weight cannot be calculated
low,variant_missing_weight,variant,6812,PS-6809-6812,transform,client,needs-decision,no weight on the variation or its parent; shipping rates that depend on weight cannot be calculated
low,variant_missing_weight,variant,6813,PS-6809-6813,transform,client,needs-decision,no weight on the variation or its parent; shipping rates that depend on weight cannot be calculated
low,variant_missing_weight,variant,6814,PS-6809-6814,transform,client,needs-decision,no weight on the variation or its parent; shipping rates that depend on weight cannot be calculated
low,variant_missing_weight,variant,6815,PS-6809-6815,transform,client,needs-decision,no weight on the variation or its parent; shipping rates that depend on weight cannot be calculated
low,variant_missing_weight,variant,6852,PS-6851-6852,transform,client,needs-decision,no weight on the variation or its parent; shipping rates that depend on weight cannot be calculated
low,variant_missing_weight,variant,6853,PS-6851-6853,transform,client,needs-decision,no weight on the variation or its parent; shipping rates that depend on weight cannot be calculated
low,variant_missing_weight,variant,6854,PS-6851-6854,transform,client,needs-decision,no weight on the variation or its parent; shipping rates that depend on weight cannot be calculated
low,variant_missing_weight,variant,6856,PS-6855-6856,transform,client,needs-decision,no weight on the variation or its parent; shipping rates that depend on weight cannot be calculated
low,variant_missing_weight,variant,6857,PS-6855-6857,transform,client,needs-decision,no weight on the variation or its parent; shipping rates that depend on weight cannot be calculated
low,variant_missing_weight,variant,6858,PS-6855-6858,transform,client,needs-decision,no weight on the variation or its parent; shipping rates that depend on weight cannot be calculated
